{
  "0": {
    "Position": "-5.0:75.0:-279.0",
    "Name": "/warp gold",
    "Tags": [
      "teleport"
    ],
    "Neighbours": {
      "150": 6.0,
      "94": 9.43,
      "97": 10.77,
      "167": 11.66,
      "125": 15.0,
      "80": 20.12,
      "83": 21.02,
      "3": 27.86
    }
  },
  "1": {
    "Position": "-5.0:75.0:-271.0",
    "Name": "Hub",
    "Tags": [
      "teleport"
    ],
    "Neighbours": {
      "150": 2.0
    }
  },
  "2": {
    "Position": "-26.0:75.0:-295.0",
    "Name": "Gold Forger",
    "Tags": [
      "npc"
    ],
    "Neighbours": {
      "100": 3.74,
      "126": 5.0,
      "7": 7.0,
      "80": 12.17,
      "3": 14.87
    }
  },
  "3": {
    "Position": "-15.0:75.0:-305.0",
    "Neighbours": {
      "4": 5.1,
      "80": 8.06,
      "7": 11.4,
      "83": 12.08,
      "6": 13.08,
      "126": 14.76,
      "2": 14.87,
      "0": 27.86
    }
  },
  "4": {
    "Position": "-15.0:76.0:-310.0",
    "Neighbours": {
      "5": 5.0,
      "3": 5.1,
      "7": 13.64
    }
  },
  "5": {
    "Position": "-15.0:79.0:-314.0",
    "Neighbours": {
      "4": 5.0,
      "8": 7.0
    }
  },
  "6": {
    "Position": "-2.0:76.0:-306.0",
    "Name": "Iron Forger",
    "Tags": [
      "npc"
    ],
    "Neighbours": {
      "83": 6.4,
      "3": 13.08
    }
  },
  "7": {
    "Position": "-26.0:75.0:-302.0",
    "Neighbours": {
      "65": 3.0,
      "191": 5.74,
      "2": 7.0,
      "3": 11.4,
      "80": 13.0,
      "4": 13.64,
      "83": 22.09
    }
  },
  "8": {
    "Position": "-15.0:79.0:-321.0",
    "Neighbours": {
      "9": 5.0,
      "11": 5.39,
      "5": 7.0,
      "10": 8.0
    }
  },
  "9": {
    "Position": "-12.0:79.0:-325.0",
    "Neighbours": {
      "8": 5.0,
      "10": 5.0,
      "11": 5.1,
      "171": 5.39,
      "12": 6.0
    }
  },
  "10": {
    "Position": "-15.0:79.0:-329.0",
    "Neighbours": {
      "11": 3.61,
      "9": 5.0,
      "8": 8.0,
      "14": 8.25,
      "13": 10.0
    }
  },
  "11": {
    "Position": "-17.0:79.0:-326.0",
    "Neighbours": {
      "153": 2.0,
      "10": 3.61,
      "9": 5.1,
      "8": 5.39
    }
  },
  "12": {
    "Position": "-6.0:79.0:-325.0",
    "Neighbours": {
      "171": 2.24,
      "9": 6.0,
      "79": 8.54
    }
  },
  "13": {
    "Position": "-15.0:79.0:-339.0",
    "Neighbours": {
      "14": 2.83,
      "168": 8.25,
      "10": 10.0,
      "15": 23.35
    }
  },
  "14": {
    "Position": "-13.0:79.0:-337.0",
    "Name": "Lazy Miner",
    "Tags": [
      "npc"
    ],
    "Neighbours": {
      "13": 2.83,
      "169": 6.08,
      "10": 8.25
    }
  },
  "15": {
    "Position": "-15.0:63.0:-356.0",
    "Neighbours": {
      "104": 3.16,
      "21": 6.0,
      "20": 6.78,
      "13": 23.35
    }
  },
  "16": {
    "Position": "-14.0:67.0:-383.0",
    "Neighbours": {
      "105": 8.31,
      "151": 9.17,
      "223": 11.45
    }
  },
  "17": {
    "Position": "-7.0:69.0:-395.0",
    "Name": "Deep Cavern",
    "Tags": [
      "teleport"
    ],
    "Neighbours": {
      "151": 5.0
    }
  },
  "18": {
    "Position": "-25.0:62.0:-355.0",
    "Neighbours": {
      "177": 3.16,
      "103": 5.2,
      "174": 5.74,
      "22": 6.4,
      "104": 7.35
    }
  },
  "19": {
    "Position": "-17.0:63.0:-369.0",
    "Neighbours": {
      "178": 5.0,
      "105": 6.63,
      "21": 7.28,
      "22": 9.9
    }
  },
  "20": {
    "Position": "-9.0:62.0:-359.0",
    "Neighbours": {
      "15": 6.78,
      "21": 6.78,
      "23": 8.31
    }
  },
  "21": {
    "Position": "-15.0:63.0:-362.0",
    "Neighbours": {
      "178": 3.16,
      "15": 6.0,
      "22": 6.4,
      "20": 6.78,
      "19": 7.28
    }
  },
  "22": {
    "Position": "-21.0:62.0:-360.0",
    "Neighbours": {
      "104": 4.36,
      "18": 6.4,
      "21": 6.4,
      "19": 9.9
    }
  },
  "23": {
    "Position": "-1.0:60.0:-358.0",
    "Neighbours": {
      "24": 7.0,
      "20": 8.31
    }
  },
  "24": {
    "Position": "5.0:58.0:-355.0",
    "Neighbours": {
      "23": 7.0,
      "25": 7.87
    }
  },
  "25": {
    "Position": "8.0:56.0:-348.0",
    "Neighbours": {
      "120": 3.74,
      "24": 7.87
    }
  },
  "26": {
    "Position": "10.0:53.0:-341.0",
    "Neighbours": {
      "120": 4.24,
      "27": 7.68
    }
  },
  "27": {
    "Position": "11.0:50.0:-334.0",
    "Neighbours": {
      "119": 3.0,
      "107": 5.74,
      "26": 7.68
    }
  },
  "28": {
    "Position": "6.0:48.0:-328.0",
    "Neighbours": {
      "118": 4.69,
      "119": 5.1,
      "107": 9.27
    }
  },
  "29": {
    "Position": "-1.0:44.0:-322.0",
    "Neighbours": {
      "118": 5.39,
      "54": 9.06,
      "30": 11.4
    }
  },
  "30": {
    "Position": "-12.0:41.0:-322.0",
    "Neighbours": {
      "31": 6.08,
      "32": 7.14,
      "54": 11.31,
      "29": 11.4
    }
  },
  "31": {
    "Position": "-13.0:41.0:-328.0",
    "Neighbours": {
      "160": 3.74,
      "30": 6.08
    }
  },
  "32": {
    "Position": "-19.0:40.0:-323.0",
    "Neighbours": {
      "33": 6.16,
      "30": 7.14
    }
  },
  "33": {
    "Position": "-22.0:38.0:-328.0",
    "Neighbours": {
      "34": 3.16,
      "32": 6.16,
      "35": 7.14
    }
  },
  "34": {
    "Position": "-22.0:37.0:-331.0",
    "Neighbours": {
      "33": 3.16,
      "37": 3.16,
      "35": 5.39
    }
  },
  "35": {
    "Position": "-27.0:37.0:-333.0",
    "Neighbours": {
      "36": 5.0,
      "34": 5.39,
      "53": 9.17
    }
  },
  "36": {
    "Position": "-24.0:37.0:-337.0",
    "Neighbours": {
      "117": 2.45,
      "35": 5.0,
      "77": 5.0
    }
  },
  "37": {
    "Position": "-19.0:37.0:-332.0",
    "Neighbours": {
      "34": 3.16,
      "159": 5.0,
      "77": 5.0
    }
  },
  "38": {
    "Position": "-11.0:36.0:-341.0",
    "Neighbours": {
      "76": 3.74,
      "40": 9.43,
      "39": 10.25
    }
  },
  "39": {
    "Position": "-10.0:34.0:-351.0",
    "Neighbours": {
      "56": 7.48,
      "38": 10.25,
      "40": 14.42
    }
  },
  "40": {
    "Position": "-2.0:34.0:-339.0",
    "Neighbours": {
      "41": 7.35,
      "38": 9.43,
      "39": 14.42
    }
  },
  "41": {
    "Position": "-3.0:32.0:-332.0",
    "Neighbours": {
      "40": 7.35,
      "42": 8.6
    }
  },
  "42": {
    "Position": "-8.0:32.0:-325.0",
    "Neighbours": {
      "43": 5.39,
      "41": 8.6
    }
  },
  "43": {
    "Position": "-10.0:29.0:-321.0",
    "Neighbours": {
      "42": 5.39,
      "172": 5.48
    }
  },
  "44": {
    "Position": "-15.0:26.0:-312.0",
    "Neighbours": {
      "45": 5.0,
      "172": 5.39,
      "173": 7.28
    }
  },
  "45": {
    "Position": "-19.0:26.0:-309.0",
    "Neighbours": {
      "49": 3.0,
      "81": 3.16,
      "44": 5.0,
      "48": 5.1
    }
  },
  "46": {
    "Position": "-30.0:25.0:-308.0",
    "Neighbours": {
      "48": 6.08,
      "50": 7.07,
      "47": 8.19,
      "49": 10.1
    }
  },
  "47": {
    "Position": "-27.0:22.0:-315.0",
    "Neighbours": {
      "48": 7.35,
      "46": 8.19,
      "152": 8.31,
      "63": 9.95
    }
  },
  "48": {
    "Position": "-24.0:25.0:-309.0",
    "Neighbours": {
      "49": 4.58,
      "45": 5.1,
      "81": 5.83,
      "46": 6.08,
      "47": 7.35
    }
  },
  "49": {
    "Position": "-20.0:24.0:-307.0",
    "Name": "Pickaxe",
    "Tags": [
      "poi"
    ],
    "Neighbours": {
      "45": 3.0,
      "48": 4.58,
      "46": 10.1
    }
  },
  "50": {
    "Position": "-34.0:28.0:-313.0",
    "Neighbours": {
      "163": 3.32,
      "46": 7.07,
      "51": 9.9
    }
  },
  "51": {
    "Position": "-39.0:31.0:-321.0",
    "Neighbours": {
      "52": 5.39,
      "50": 9.9
    }
  },
  "52": {
    "Position": "-39.0:33.0:-326.0",
    "Neighbours": {
      "51": 5.39,
      "53": 5.39
    }
  },
  "53": {
    "Position": "-35.0:35.0:-329.0",
    "Neighbours": {
      "52": 5.39,
      "35": 9.17
    }
  },
  "54": {
    "Position": "-4.0:41.0:-314.0",
    "Neighbours": {
      "55": 5.74,
      "29": 9.06,
      "30": 11.31
    }
  },
  "55": {
    "Position": "0.0:40.0:-310.0",
    "Neighbours": {
      "164": 5.1,
      "54": 5.74
    }
  },
  "56": {
    "Position": "-14.0:32.0:-357.0",
    "Neighbours": {
      "39": 7.48,
      "57": 9.22
    }
  },
  "57": {
    "Position": "-23.0:32.0:-355.0",
    "Neighbours": {
      "58": 8.94,
      "56": 9.22
    }
  },
  "58": {
    "Position": "-31.0:32.0:-351.0",
    "Neighbours": {
      "59": 5.92,
      "57": 8.94
    }
  },
  "59": {
    "Position": "-34.0:31.0:-346.0",
    "Neighbours": {
      "58": 5.92,
      "60": 6.48
    }
  },
  "60": {
    "Position": "-33.0:26.0:-342.0",
    "Neighbours": {
      "61": 5.92,
      "59": 6.48
    }
  },
  "61": {
    "Position": "-32.0:23.0:-337.0",
    "Neighbours": {
      "60": 5.92,
      "62": 9.11
    }
  },
  "62": {
    "Position": "-33.0:22.0:-328.0",
    "Neighbours": {
      "64": 3.16,
      "63": 6.16,
      "61": 9.11
    }
  },
  "63": {
    "Position": "-34.0:21.0:-322.0",
    "Neighbours": {
      "152": 5.1,
      "62": 6.16,
      "47": 9.95
    }
  },
  "64": {
    "Position": "-30.0:22.0:-327.0",
    "Neighbours": {
      "62": 3.16,
      "152": 4.24
    }
  },
  "65": {
    "Position": "-29.0:75.0:-302.0",
    "Neighbours": {
      "7": 3.0,
      "66": 5.0
    }
  },
  "66": {
    "Position": "-33.0:78.0:-302.0",
    "Neighbours": {
      "65": 5.0,
      "193": 6.08,
      "67": 6.32,
      "188": 7.0,
      "68": 8.54
    }
  },
  "67": {
    "Position": "-39.0:78.0:-300.0",
    "Name": "Blacksmith",
    "Tags": [
      "npc"
    ],
    "Neighbours": {
      "68": 5.39,
      "66": 6.32
    }
  },
  "68": {
    "Position": "-41.0:78.0:-305.0",
    "Neighbours": {
      "141": 3.0,
      "192": 5.0,
      "69": 5.1,
      "67": 5.39,
      "66": 8.54
    }
  },
  "69": {
    "Position": "-40.0:78.0:-310.0",
    "Neighbours": {
      "68": 5.1,
      "70": 17.69
    }
  },
  "70": {
    "Position": "-28.0:78.0:-323.0",
    "Neighbours": {
      "101": 3.74,
      "69": 17.69
    }
  },
  "71": {
    "Position": "-28.0:54.0:-347.0",
    "Neighbours": {
      "155": 2.83,
      "156": 3.74,
      "175": 5.83
    }
  },
  "72": {
    "Position": "-27.0:44.0:-344.0",
    "Neighbours": {
      "73": 3.0,
      "158": 5.1
    }
  },
  "73": {
    "Position": "-25.0:43.0:-342.0",
    "Neighbours": {
      "72": 3.0,
      "74": 4.47
    }
  },
  "74": {
    "Position": "-21.0:41.0:-342.0",
    "Neighbours": {
      "154": 2.83,
      "73": 4.47,
      "75": 5.1
    }
  },
  "75": {
    "Position": "-17.0:38.0:-341.0",
    "Neighbours": {
      "76": 3.74
    }
  },
  "76": {
    "Position": "-14.0:37.0:-339.0",
    "Neighbours": {
      "38": 3.74,
      "75": 3.74,
      "159": 4.12,
      "77": 5.39
    }
  },
  "77": {
    "Position": "-19.0:37.0:-337.0",
    "Neighbours": {
      "117": 3.32,
      "36": 5.0,
      "37": 5.0,
      "76": 5.39
    }
  },
  "78": {
    "Position": "-21.0:79.0:-326.0",
    "Name": "Rusty",
    "Tags": [
      "npc"
    ],
    "Neighbours": {
      "153": 2.0,
      "101": 4.12
    }
  },
  "79": {
    "Position": "2.0:79.0:-322.0",
    "Neighbours": {
      "12": 8.54
    }
  },
  "80": {
    "Position": "-14.0:75.0:-297.0",
    "Neighbours": {
      "3": 8.06,
      "126": 9.43,
      "125": 9.49,
      "83": 10.44,
      "2": 12.17,
      "7": 13.0,
      "0": 20.12
    }
  },
  "81": {
    "Position": "-19.0:25.0:-306.0",
    "Name": "Hoppity",
    "Tags": [
      "hoppity"
    ],
    "Neighbours": {
      "45": 3.16,
      "48": 5.83
    }
  },
  "82": {
    "Position": "4.0:76.0:-302.0",
    "Neighbours": {
      "84": 4.58,
      "266": 6.32,
      "166": 8.06,
      "83": 8.31
    }
  },
  "83": {
    "Position": "-4.0:75.0:-300.0",
    "Neighbours": {
      "121": 5.66,
      "6": 6.4,
      "82": 8.31,
      "166": 10.0,
      "80": 10.44,
      "3": 12.08,
      "167": 12.08,
      "0": 21.02,
      "7": 22.09
    }
  },
  "84": {
    "Position": "6.0:77.0:-306.0",
    "Neighbours": {
      "82": 4.58,
      "85": 4.58
    }
  },
  "85": {
    "Position": "8.0:78.0:-310.0",
    "Neighbours": {
      "86": 3.61,
      "84": 4.58
    }
  },
  "86": {
    "Position": "11.0:80.0:-310.0",
    "Neighbours": {
      "87": 2.83,
      "85": 3.61
    }
  },
  "87": {
    "Position": "13.0:80.0:-308.0",
    "Neighbours": {
      "86": 2.83,
      "88": 7.14
    }
  },
  "88": {
    "Position": "20.0:79.0:-309.0",
    "Neighbours": {
      "89": 5.1,
      "87": 7.14,
      "267": 8.6
    }
  },
  "89": {
    "Position": "23.0:83.0:-310.0",
    "Neighbours": {
      "88": 5.1,
      "90": 5.74,
      "196": 5.92
    }
  },
  "90": {
    "Position": "28.0:85.0:-308.0",
    "Neighbours": {
      "91": 4.47,
      "89": 5.74
    }
  },
  "91": {
    "Position": "32.0:83.0:-308.0",
    "Neighbours": {
      "90": 4.47,
      "92": 5.39
    }
  },
  "92": {
    "Position": "37.0:81.0:-308.0",
    "Neighbours": {
      "93": 5.1,
      "91": 5.39
    }
  },
  "93": {
    "Position": "41.0:80.0:-311.0",
    "Name": "Hoppity",
    "Tags": [
      "hoppity"
    ],
    "Neighbours": {
      "243": 2.24,
      "92": 5.1,
      "264": 8.6
    }
  },
  "94": {
    "Position": "3.0:75.0:-284.0",
    "Neighbours": {
      "167": 5.39,
      "95": 8.06,
      "0": 9.43,
      "150": 13.6
    }
  },
  "95": {
    "Position": "10.0:75.0:-288.0",
    "Neighbours": {
      "96": 5.39,
      "165": 5.66,
      "94": 8.06
    }
  },
  "96": {
    "Position": "15.0:75.0:-290.0",
    "Name": "Hoppity",
    "Tags": [
      "hoppity"
    ],
    "Neighbours": {
      "95": 5.39
    }
  },
  "97": {
    "Position": "-15.0:75.0:-283.0",
    "Neighbours": {
      "125": 5.39,
      "98": 6.08,
      "0": 10.77,
      "150": 14.14
    }
  },
  "98": {
    "Position": "-21.0:75.0:-282.0",
    "Neighbours": {
      "99": 5.83,
      "97": 6.08,
      "125": 7.21
    }
  },
  "99": {
    "Position": "-24.0:80.0:-282.0",
    "Name": "Hoppity",
    "Tags": [
      "hoppity"
    ],
    "Neighbours": {
      "98": 5.83
    }
  },
  "100": {
    "Position": "-29.0:74.0:-293.0",
    "Name": "Hoppity",
    "Tags": [
      "hoppity"
    ],
    "Neighbours": {
      "2": 3.74
    }
  },
  "101": {
    "Position": "-25.0:79.0:-325.0",
    "Neighbours": {
      "102": 2.24,
      "70": 3.74,
      "78": 4.12
    }
  },
  "102": {
    "Position": "-25.0:78.0:-327.0",
    "Name": "Hoppity",
    "Tags": [
      "hoppity"
    ],
    "Neighbours": {
      "101": 2.24
    }
  },
  "103": {
    "Position": "-20.0:61.0:-354.0",
    "Name": "Hoppity",
    "Tags": [
      "hoppity"
    ],
    "Neighbours": {
      "104": 4.12,
      "18": 5.2
    }
  },
  "104": {
    "Position": "-18.0:63.0:-357.0",
    "Neighbours": {
      "15": 3.16,
      "103": 4.12,
      "22": 4.36,
      "18": 7.35
    }
  },
  "105": {
    "Position": "-15.0:65.0:-375.0",
    "Neighbours": {
      "19": 6.63,
      "16": 8.31
    }
  },
  "106": {
    "Position": "-11.0:68.0:-396.0",
    "Name": "Hoppity",
    "Tags": [
      "hoppity"
    ],
    "Neighbours": {
      "223": 4.9,
      "151": 5.2
    }
  },
  "107": {
    "Position": "15.0:49.0:-330.0",
    "Neighbours": {
      "108": 3.32,
      "27": 5.74,
      "28": 9.27
    }
  },
  "108": {
    "Position": "18.0:50.0:-329.0",
    "Neighbours": {
      "116": 2.45,
      "107": 3.32
    }
  },
  "109": {
    "Position": "16.0:52.0:-325.0",
    "Neighbours": {
      "116": 2.45,
      "115": 3.32
    }
  },
  "110": {
    "Position": "20.0:55.0:-328.0",
    "Neighbours": {
      "111": 2.45,
      "115": 3.0
    }
  },
  "111": {
    "Position": "22.0:56.0:-327.0",
    "Neighbours": {
      "110": 2.45,
      "114": 4.12
    }
  },
  "112": {
    "Position": "21.0:58.0:-334.0",
    "Neighbours": {
      "114": 3.32,
      "162": 4.58,
      "113": 5.0
    }
  },
  "113": {
    "Position": "18.0:58.0:-338.0",
    "Name": "Hoppity",
    "Tags": [
      "hoppity"
    ],
    "Neighbours": {
      "254": 2.0,
      "161": 3.32,
      "162": 3.74,
      "112": 5.0
    }
  },
  "114": {
    "Position": "22.0:57.0:-331.0",
    "Neighbours": {
      "112": 3.32,
      "111": 4.12
    }
  },
  "115": {
    "Position": "19.0:53.0:-326.0",
    "Neighbours": {
      "110": 3.0,
      "109": 3.32
    }
  },
  "116": {
    "Position": "17.0:51.0:-327.0",
    "Neighbours": {
      "108": 2.45,
      "109": 2.45
    }
  },
  "117": {
    "Position": "-22.0:36.0:-338.0",
    "Name": "Hoppity",
    "Tags": [
      "hoppity"
    ],
    "Neighbours": {
      "36": 2.45,
      "77": 3.32
    }
  },
  "118": {
    "Position": "3.0:46.0:-325.0",
    "Neighbours": {
      "28": 4.69,
      "29": 5.39
    }
  },
  "119": {
    "Position": "9.0:49.0:-332.0",
    "Neighbours": {
      "27": 3.0,
      "28": 5.1
    }
  },
  "120": {
    "Position": "9.0:54.0:-345.0",
    "Neighbours": {
      "25": 3.74,
      "26": 4.24
    }
  },
  "121": {
    "Position": "-4.0:79.0:-304.0",
    "Neighbours": {
      "122": 4.24,
      "83": 5.66
    }
  },
  "122": {
    "Position": "-4.0:82.0:-307.0",
    "Neighbours": {
      "123": 2.24,
      "121": 4.24
    }
  },
  "123": {
    "Position": "-2.0:82.0:-308.0",
    "Name": "Hoppity",
    "Tags": [
      "hoppity"
    ],
    "Neighbours": {
      "122": 2.24
    }
  },
  "124": {
    "Position": "-49.0:94.0:-334.0",
    "Name": "Hoppity",
    "Tags": [
      "hoppity"
    ],
    "Neighbours": {
      "140": 2.24,
      "213": 3.74
    }
  },
  "125": {
    "Position": "-17.0:75.0:-288.0",
    "Neighbours": {
      "97": 5.39,
      "126": 6.4,
      "98": 7.21,
      "80": 9.49,
      "0": 15.0
    }
  },
  "126": {
    "Position": "-22.0:75.0:-292.0",
    "Neighbours": {
      "2": 5.0,
      "127": 5.1,
      "125": 6.4,
      "80": 9.43,
      "3": 14.76
    }
  },
  "127": {
    "Position": "-27.0:75.0:-291.0",
    "Neighbours": {
      "126": 5.1,
      "128": 7.0
    }
  },
  "128": {
    "Position": "-34.0:75.0:-291.0",
    "Neighbours": {
      "127": 7.0,
      "129": 8.31
    }
  },
  "129": {
    "Position": "-42.0:77.0:-290.0",
    "Neighbours": {
      "130": 5.48,
      "128": 8.31
    }
  },
  "130": {
    "Position": "-47.0:79.0:-289.0",
    "Neighbours": {
      "132": 4.58,
      "129": 5.48
    }
  },
  "131": {
    "Position": "-50.0:86.0:-293.0",
    "Neighbours": {
      "132": 4.36,
      "253": 5.48
    }
  },
  "132": {
    "Position": "-49.0:83.0:-290.0",
    "Neighbours": {
      "131": 4.36,
      "130": 4.58
    }
  },
  "133": {
    "Position": "-54.0:88.0:-300.0",
    "Neighbours": {
      "253": 3.0,
      "134": 5.2,
      "200": 5.92,
      "207": 6.0
    }
  },
  "134": {
    "Position": "-55.0:89.0:-305.0",
    "Neighbours": {
      "207": 3.32,
      "133": 5.2,
      "135": 5.39
    }
  },
  "135": {
    "Position": "-57.0:93.0:-308.0",
    "Neighbours": {
      "248": 4.58,
      "207": 5.1,
      "134": 5.39,
      "136": 5.83
    }
  },
  "136": {
    "Position": "-54.0:96.0:-312.0",
    "Neighbours": {
      "208": 3.46,
      "135": 5.83
    }
  },
  "137": {
    "Position": "-52.0:98.0:-317.0",
    "Neighbours": {
      "208": 3.0,
      "209": 5.92
    }
  },
  "138": {
    "Position": "-51.0:94.0:-326.0",
    "Neighbours": {
      "139": 3.32,
      "209": 6.08
    }
  },
  "139": {
    "Position": "-50.0:93.0:-329.0",
    "Neighbours": {
      "138": 3.32,
      "140": 4.24
    }
  },
  "140": {
    "Position": "-49.0:92.0:-333.0",
    "Neighbours": {
      "124": 2.24,
      "139": 4.24
    }
  },
  "141": {
    "Position": "-43.0:77.0:-303.0",
    "Name": "Hoppity",
    "Tags": [
      "hoppity"
    ],
    "Neighbours": {
      "192": 2.45,
      "68": 3.0
    }
  },
  "142": {
    "Position": "-15.0:105.0:-311.0",
    "Neighbours": {
      "143": 2.45,
      "144": 8.06,
      "3": 30.59
    }
  },
  "143": {
    "Position": "-14.0:104.0:-313.0",
    "Name": "Hoppity",
    "Tags": [
      "hoppity"
    ],
    "Neighbours": {
      "142": 2.45,
      "144": 6.08
    }
  },
  "144": {
    "Position": "-15.0:104.0:-319.0",
    "Neighbours": {
      "143": 6.08,
      "142": 8.06,
      "145": 11.05
    }
  },
  "145": {
    "Position": "-15.0:103.0:-330.0",
    "Neighbours": {
      "146": 11.0,
      "144": 11.05,
      "214": 12.41
    }
  },
  "146": {
    "Position": "-15.0:103.0:-341.0",
    "Neighbours": {
      "219": 6.16,
      "214": 9.95,
      "145": 11.0,
      "147": 38.0
    }
  },
  "147": {
    "Position": "-17.0:139.0:-353.0",
    "Neighbours": {
      "240": 3.61,
      "146": 38.0
    }
  },
  "148": {
    "Position": "-19.0:143.0:-360.0",
    "Name": "Hoppity",
    "Tags": [
      "hoppity"
    ],
    "Neighbours": {
      "149": 4.0,
      "240": 5.48
    }
  },
  "149": {
    "Position": "-19.0:143.0:-364.0",
    "Name": "Fairy Soul",
    "Tags": [
      "fairy_soul"
    ],
    "Neighbours": {
      "148": 4.0,
      "230": 6.0
    }
  },
  "150": {
    "Position": "-5.0:75.0:-273.0",
    "Name": "Gold Mine",
    "Tags": [
      "area"
    ],
    "Neighbours": {
      "1": 2.0,
      "0": 6.0,
      "94": 13.6,
      "97": 14.14
    }
  },
  "151": {
    "Position": "-10.0:69.0:-391.0",
    "Name": "Gold Mine",
    "Tags": [
      "area"
    ],
    "Neighbours": {
      "17": 5.0,
      "106": 5.2,
      "223": 5.92,
      "16": 9.17
    }
  },
  "152": {
    "Position": "-29.0:21.0:-323.0",
    "Neighbours": {
      "64": 4.24,
      "63": 5.1,
      "47": 8.31
    }
  },
  "153": {
    "Position": "-19.0:79.0:-326.0",
    "Name": "Rusty",
    "Tags": [
      "npc"
    ],
    "Neighbours": {
      "11": 2.0,
      "78": 2.0
    }
  },
  "154": {
    "Position": "-21.0:39.0:-340.0",
    "Neighbours": {
      "77": 4.12,
      "36": 4.69
    }
  },
  "155": {
    "Position": "-28.0:52.0:-345.0",
    "Neighbours": {
      "72": 8.12
    }
  },
  "156": {
    "Position": "-26.0:51.0:-346.0",
    "Neighbours": {
      "71": 3.74,
      "157": 5.39
    }
  },
  "157": {
    "Position": "-21.0:49.0:-346.0",
    "Neighbours": {
      "158": 3.32,
      "156": 5.39
    }
  },
  "158": {
    "Position": "-24.0:48.0:-345.0",
    "Neighbours": {
      "157": 3.32,
      "72": 5.1
    }
  },
  "159": {
    "Position": "-15.0:37.0:-335.0",
    "Neighbours": {
      "76": 4.12,
      "37": 5.0
    }
  },
  "160": {
    "Position": "-15.0:40.0:-331.0",
    "Neighbours": {
      "159": 5.0,
      "37": 5.1
    }
  },
  "161": {
    "Position": "15.0:57.0:-339.0",
    "Neighbours": {
      "26": 6.71
    }
  },
  "162": {
    "Position": "17.0:56.0:-335.0",
    "Neighbours": {
      "27": 8.54,
      "107": 8.83
    }
  },
  "163": {
    "Position": "-31.0:27.0:-314.0",
    "Neighbours": {
      "47": 6.48
    }
  },
  "164": {
    "Position": "5.0:40.0:-309.0",
    "Neighbours": {
      "55": 5.1
    }
  },
  "165": {
    "Position": "6.0:75.0:-292.0",
    "Neighbours": {
      "166": 2.83,
      "95": 5.66
    }
  },
  "166": {
    "Position": "4.0:75.0:-294.0",
    "Neighbours": {
      "165": 2.83,
      "167": 5.83,
      "82": 8.06,
      "266": 8.54,
      "83": 10.0
    }
  },
  "167": {
    "Position": "1.0:75.0:-289.0",
    "Neighbours": {
      "94": 5.39,
      "166": 5.83,
      "0": 11.66,
      "83": 12.08
    }
  },
  "168": {
    "Position": "-23.0:79.0:-337.0",
    "Neighbours": {
      "13": 8.25
    }
  },
  "169": {
    "Position": "-7.0:79.0:-336.0",
    "Neighbours": {
      "170": 3.0,
      "228": 3.0,
      "14": 6.08
    }
  },
  "170": {
    "Position": "-7.0:79.0:-333.0",
    "Neighbours": {
      "169": 3.0,
      "171": 6.0
    }
  },
  "171": {
    "Position": "-7.0:79.0:-327.0",
    "Neighbours": {
      "12": 2.24,
      "9": 5.39,
      "170": 6.0
    }
  },
  "172": {
    "Position": "-12.0:28.0:-316.0",
    "Neighbours": {
      "44": 5.39,
      "43": 5.48
    }
  },
  "173": {
    "Position": "-22.0:28.0:-312.0",
    "Neighbours": {
      "45": 4.69,
      "48": 4.69,
      "44": 7.28,
      "47": 8.37
    }
  },
  "174": {
    "Position": "-30.0:60.0:-353.0",
    "Neighbours": {
      "176": 4.58,
      "18": 5.74,
      "175": 6.16
    }
  },
  "175": {
    "Position": "-25.0:58.0:-350.0",
    "Neighbours": {
      "71": 5.83,
      "174": 6.16
    }
  },
  "176": {
    "Position": "-29.0:58.0:-349.0",
    "Neighbours": {
      "71": 4.58
    }
  },
  "177": {
    "Position": "-25.0:61.0:-352.0",
    "Neighbours": {
      "175": 3.61
    }
  },
  "178": {
    "Position": "-14.0:63.0:-365.0",
    "Neighbours": {
      "21": 3.16,
      "19": 5.0,
      "179": 6.71
    }
  },
  "179": {
    "Position": "-8.0:66.0:-365.0",
    "Neighbours": {
      "186": 1.0,
      "178": 6.71
    }
  },
  "180": {
    "Position": "-12.0:67.0:-366.0",
    "Neighbours": {
      "185": 2.24,
      "186": 4.12,
      "187": 4.58
    }
  },
  "181": {
    "Position": "-8.0:70.0:-365.0",
    "Neighbours": {
      "182": 2.0,
      "184": 3.74,
      "185": 4.12
    }
  },
  "182": {
    "Position": "-8.0:70.0:-367.0",
    "Neighbours": {
      "181": 2.0,
      "183": 5.0
    }
  },
  "183": {
    "Position": "-13.0:70.0:-367.0",
    "Neighbours": {
      "182": 5.0
    }
  },
  "184": {
    "Position": "-9.0:68.0:-362.0",
    "Neighbours": {
      "20": 6.71
    }
  },
  "185": {
    "Position": "-12.0:69.0:-365.0",
    "Neighbours": {
      "180": 2.24,
      "181": 4.12
    }
  },
  "186": {
    "Position": "-8.0:66.0:-366.0",
    "Neighbours": {
      "179": 1.0,
      "187": 2.0,
      "180": 4.12
    }
  },
  "187": {
    "Position": "-8.0:66.0:-368.0",
    "Neighbours": {
      "186": 2.0,
      "180": 4.58
    }
  },
  "188": {
    "Position": "-33.0:78.0:-309.0",
    "Neighbours": {
      "190": 2.83,
      "191": 4.69,
      "66": 7.0
    }
  },
  "189": {
    "Position": "-36.0:80.0:-308.0",
    "Name": "Fairy Soul",
    "Tags": [
      "fairy_soul"
    ],
    "Neighbours": {
      "190": 1.41
    }
  },
  "190": {
    "Position": "-35.0:80.0:-309.0",
    "Neighbours": {
      "189": 1.41,
      "188": 2.83
    }
  },
  "191": {
    "Position": "-30.0:76.0:-306.0",
    "Neighbours": {
      "188": 4.69,
      "7": 5.74
    }
  },
  "192": {
    "Position": "-44.0:78.0:-301.0",
    "Neighbours": {
      "141": 2.45,
      "195": 3.0,
      "68": 5.0,
      "193": 5.0
    }
  },
  "193": {
    "Position": "-39.0:78.0:-301.0",
    "Neighbours": {
      "192": 5.0,
      "66": 6.08
    }
  },
  "194": {
    "Position": "-47.0:76.0:-298.0",
    "Name": "Fairy Soul",
    "Tags": [
      "fairy_soul"
    ],
    "Neighbours": {
      "195": 3.61
    }
  },
  "195": {
    "Position": "-44.0:78.0:-298.0",
    "Neighbours": {
      "192": 3.0,
      "194": 3.61
    }
  },
  "196": {
    "Position": "20.0:88.0:-311.0",
    "Neighbours": {
      "197": 2.24,
      "89": 5.92
    }
  },
  "197": {
    "Position": "18.0:88.0:-310.0",
    "Name": "Fairy Soul",
    "Tags": [
      "fairy_soul"
    ],
    "Neighbours": {
      "196": 2.24,
      "198": 3.61
    }
  },
  "198": {
    "Position": "16.0:88.0:-307.0",
    "Neighbours": {
      "199": 3.0,
      "197": 3.61
    }
  },
  "199": {
    "Position": "13.0:88.0:-307.0",
    "Neighbours": {
      "198": 3.0,
      "258": 10.63,
      "84": 13.08
    }
  },
  "200": {
    "Position": "-57.0:93.0:-299.0",
    "Neighbours": {
      "201": 4.58,
      "133": 5.92
    }
  },
  "201": {
    "Position": "-59.0:97.0:-298.0",
    "Neighbours": {
      "202": 4.47,
      "200": 4.58,
      "207": 9.27
    }
  },
  "202": {
    "Position": "-59.0:101.0:-296.0",
    "Neighbours": {
      "203": 4.24,
      "201": 4.47
    }
  },
  "203": {
    "Position": "-60.0:105.0:-295.0",
    "Neighbours": {
      "202": 4.24,
      "204": 4.58,
      "206": 4.69
    }
  },
  "204": {
    "Position": "-61.0:107.0:-291.0",
    "Neighbours": {
      "205": 3.0,
      "206": 4.12,
      "203": 4.58
    }
  },
  "205": {
    "Position": "-62.0:105.0:-289.0",
    "Name": "Fairy Soul",
    "Tags": [
      "fairy_soul"
    ],
    "Neighbours": {
      "204": 3.0
    }
  },
  "206": {
    "Position": "-57.0:107.0:-292.0",
    "Neighbours": {
      "204": 4.12,
      "203": 4.69,
      "131": 22.16
    }
  },
  "207": {
    "Position": "-58.0:90.0:-304.0",
    "Neighbours": {
      "134": 3.32,
      "135": 5.1,
      "133": 6.0
    }
  },
  "208": {
    "Position": "-52.0:98.0:-314.0",
    "Neighbours": {
      "247": 2.83,
      "137": 3.0,
      "136": 3.46
    }
  },
  "209": {
    "Position": "-51.0:93.0:-320.0",
    "Neighbours": {
      "137": 5.92,
      "138": 6.08
    }
  },
  "210": {
    "Position": "-46.0:98.0:-339.0",
    "Neighbours": {
      "212": 3.0,
      "213": 4.24
    }
  },
  "211": {
    "Position": "-44.0:101.0:-343.0",
    "Name": "Fairy Soul",
    "Tags": [
      "fairy_soul"
    ],
    "Neighbours": {
      "212": 2.83
    }
  },
  "212": {
    "Position": "-44.0:99.0:-341.0",
    "Neighbours": {
      "211": 2.83,
      "210": 3.0,
      "265": 10.25
    }
  },
  "213": {
    "Position": "-46.0:95.0:-336.0",
    "Neighbours": {
      "124": 3.74,
      "210": 4.24
    }
  },
  "214": {
    "Position": "-24.0:100.0:-338.0",
    "Neighbours": {
      "216": 3.16,
      "146": 9.95,
      "145": 12.41
    }
  },
  "215": {
    "Position": "-27.0:96.0:-338.0",
    "Neighbours": {
      "217": 2.45,
      "216": 3.0
    }
  },
  "216": {
    "Position": "-27.0:99.0:-338.0",
    "Neighbours": {
      "215": 3.0,
      "214": 3.16,
      "265": 7.55
    }
  },
  "217": {
    "Position": "-25.0:95.0:-339.0",
    "Name": "Fairy Soul",
    "Tags": [
      "fairy_soul"
    ],
    "Neighbours": {
      "215": 2.45
    }
  },
  "218": {
    "Position": "-20.0:108.0:-348.0",
    "Neighbours": {
      "219": 4.12,
      "222": 4.12
    }
  },
  "219": {
    "Position": "-18.0:105.0:-346.0",
    "Neighbours": {
      "218": 4.12,
      "146": 6.16
    }
  },
  "220": {
    "Position": "-23.0:115.0:-352.0",
    "Name": "Fairy Soul",
    "Tags": [
      "fairy_soul"
    ],
    "Neighbours": {
      "221": 1.41
    }
  },
  "221": {
    "Position": "-23.0:114.0:-351.0",
    "Neighbours": {
      "220": 1.41,
      "222": 3.32
    }
  },
  "222": {
    "Position": "-22.0:111.0:-350.0",
    "Neighbours": {
      "221": 3.32,
      "218": 4.12
    }
  },
  "223": {
    "Position": "-15.0:70.0:-394.0",
    "Neighbours": {
      "106": 4.9,
      "151": 5.92,
      "16": 11.45
    }
  },
  "224": {
    "Position": "-8.0:81.0:-398.0",
    "Neighbours": {
      "238": 2.0,
      "225": 4.36
    }
  },
  "225": {
    "Position": "-11.0:78.0:-397.0",
    "Name": "Fairy Soul",
    "Tags": [
      "fairy_soul"
    ],
    "Neighbours": {
      "224": 4.36,
      "229": 8.06
    }
  },
  "226": {
    "Position": "22.0:37.0:-319.0",
    "Name": "Fairy Soul",
    "Tags": [
      "fairy_soul"
    ],
    "Neighbours": {
      "0": 61.42
    }
  },
  "227": {
    "Position": "-2.0:80.0:-337.0",
    "Name": "Fairy Soul",
    "Tags": [
      "fairy_soul"
    ],
    "Neighbours": {
      "228": 3.16
    }
  },
  "228": {
    "Position": "-5.0:81.0:-337.0",
    "Neighbours": {
      "169": 3.0,
      "227": 3.16
    }
  },
  "229": {
    "Position": "-11.0:70.0:-398.0",
    "Neighbours": {
      "106": 2.83
    }
  },
  "230": {
    "Position": "-19.0:143.0:-370.0",
    "Neighbours": {
      "231": 5.48,
      "149": 6.0
    }
  },
  "231": {
    "Position": "-18.0:141.0:-375.0",
    "Neighbours": {
      "230": 5.48,
      "232": 11.75
    }
  },
  "232": {
    "Position": "-19.0:130.0:-379.0",
    "Neighbours": {
      "234": 7.21
    }
  },
  "233": {
    "Position": "-18.0:112.0:-387.0",
    "Neighbours": {
      "235": 9.49
    }
  },
  "234": {
    "Position": "-19.0:124.0:-383.0",
    "Neighbours": {
      "233": 12.69
    }
  },
  "235": {
    "Position": "-18.0:103.0:-390.0",
    "Neighbours": {
      "236": 14.63
    }
  },
  "236": {
    "Position": "-15.0:90.0:-396.0",
    "Neighbours": {
      "237": 5.1
    }
  },
  "237": {
    "Position": "-10.0:90.0:-397.0",
    "Neighbours": {
      "239": 3.61,
      "236": 5.1
    }
  },
  "238": {
    "Position": "-6.0:81.0:-398.0",
    "Neighbours": {
      "224": 2.0
    }
  },
  "239": {
    "Position": "-7.0:88.0:-397.0",
    "Neighbours": {
      "238": 7.14
    }
  },
  "240": {
    "Position": "-17.0:142.0:-355.0",
    "Neighbours": {
      "147": 3.61,
      "148": 5.48
    }
  },
  "241": {
    "Position": "26.0:41.0:-318.0",
    "Neighbours": {
      "226": 5.74
    }
  },
  "242": {
    "Position": "40.0:64.0:-314.0",
    "Neighbours": {
      "244": 15.39
    }
  },
  "243": {
    "Position": "43.0:79.0:-311.0",
    "Neighbours": {
      "245": 8.25
    }
  },
  "244": {
    "Position": "32.0:51.0:-316.0",
    "Neighbours": {
      "241": 11.83
    }
  },
  "245": {
    "Position": "43.0:71.0:-313.0",
    "Neighbours": {
      "242": 7.68
    }
  },
  "246": {
    "Position": "-43.0:92.0:-308.0",
    "Neighbours": {
      "249": 5.0,
      "250": 8.0
    }
  },
  "247": {
    "Position": "-50.0:98.0:-312.0",
    "Neighbours": {
      "208": 2.83,
      "246": 10.05
    }
  },
  "248": {
    "Position": "-53.0:91.0:-307.0",
    "Neighbours": {
      "135": 4.58,
      "249": 5.2
    }
  },
  "249": {
    "Position": "-48.0:92.0:-308.0",
    "Neighbours": {
      "246": 5.0,
      "248": 5.2
    }
  },
  "250": {
    "Position": "-35.0:92.0:-308.0",
    "Neighbours": {
      "251": 3.74,
      "246": 8.0
    }
  },
  "251": {
    "Position": "-32.0:90.0:-307.0",
    "Neighbours": {
      "252": 3.0,
      "250": 3.74
    }
  },
  "252": {
    "Position": "-30.0:88.0:-306.0",
    "Neighbours": {
      "7": 14.18
    }
  },
  "253": {
    "Position": "-52.0:87.0:-298.0",
    "Neighbours": {
      "133": 3.0,
      "131": 5.48
    }
  },
  "254": {
    "Position": "18.0:58.0:-340.0",
    "Name": "Fairy Soul",
    "Tags": [
      "fairy_soul"
    ],
    "Neighbours": {
      "113": 2.0,
      "161": 3.32
    }
  },
  "255": {
    "Position": "22.0:85.0:-319.0",
    "Neighbours": {
      "263": 4.9,
      "262": 6.16,
      "256": 8.25,
      "226": 48.0
    }
  },
  "256": {
    "Position": "28.0:89.0:-323.0",
    "Neighbours": {
      "263": 4.47,
      "257": 7.0,
      "255": 8.25
    }
  },
  "257": {
    "Position": "35.0:89.0:-323.0",
    "Neighbours": {
      "256": 7.0,
      "264": 8.77
    }
  },
  "258": {
    "Position": "6.0:88.0:-315.0",
    "Neighbours": {
      "259": 4.12,
      "199": 10.63,
      "84": 14.21
    }
  },
  "259": {
    "Position": "6.0:87.0:-319.0",
    "Neighbours": {
      "258": 4.12,
      "260": 10.63
    }
  },
  "260": {
    "Position": "13.0:87.0:-327.0",
    "Neighbours": {
      "261": 4.12,
      "259": 10.63
    }
  },
  "261": {
    "Position": "17.0:87.0:-326.0",
    "Neighbours": {
      "262": 3.74,
      "260": 4.12
    }
  },
  "262": {
    "Position": "20.0:88.0:-324.0",
    "Neighbours": {
      "261": 3.74,
      "263": 4.24,
      "255": 6.16
    }
  },
  "263": {
    "Position": "24.0:87.0:-323.0",
    "Neighbours": {
      "262": 4.24,
      "256": 4.47,
      "255": 4.9
    }
  },
  "264": {
    "Position": "41.0:85.0:-318.0",
    "Neighbours": {
      "93": 8.6,
      "257": 8.77
    }
  },
  "265": {
    "Position": "-34.0:101.0:-340.0",
    "Neighbours": {
      "216": 7.55,
      "212": 10.25
    }
  },
  "266": {
    "Position": "10.0:76.0:-300.0",
    "Neighbours": {
      "82": 6.32,
      "267": 6.32,
      "166": 8.54
    }
  },
  "267": {
    "Position": "16.0:76.0:-302.0",
    "Neighbours": {
      "266": 6.32,
      "88": 8.6
    }
  }
}