{
  "0": {
    "Position": "-5.0:77.0:100.0",
    "Name": "Spawn",
    "Tags": [
      "dev"
    ],
    "Neighbours": {
      "448": 5.1,
      "11": 6.71,
      "15": 7.07,
      "14": 7.28,
      "1": 11.66,
      "7": 12.73
    }
  },
  "1": {
    "Position": "5.0:77.0:94.0",
    "Name": "Sherry",
    "Tags": [
      "npc"
    ],
    "Neighbours": {
      "7": 3.16,
      "2": 6.0,
      "624": 8.06,
      "448": 8.6,
      "0": 11.66
    }
  },
  "2": {
    "Position": "11.0:77.0:94.0",
    "Neighbours": {
      "3": 4.12,
      "1": 6.0,
      "5": 7.28
    }
  },
  "3": {
    "Position": "15.0:77.0:93.0",
    "Neighbours": {
      "2": 4.12,
      "5": 4.24,
      "4": 8.0
    }
  },
  "4": {
    "Position": "15.0:77.0:101.0",
    "Neighbours": {
      "3": 8.0
    }
  },
  "5": {
    "Position": "18.0:77.0:96.0",
    "Neighbours": {
      "6": 4.0,
      "3": 4.24,
      "2": 7.28
    }
  },
  "6": {
    "Position": "22.0:77.0:96.0",
    "Neighbours": {
      "5": 4.0,
      "10": 10.25
    }
  },
  "7": {
    "Position": "4.0:77.0:91.0",
    "Neighbours": {
      "1": 3.16,
      "261": 6.32,
      "8": 10.0,
      "0": 12.73
    }
  },
  "8": {
    "Position": "10.0:77.0:83.0",
    "Neighbours": {
      "9": 7.87,
      "7": 10.0
    }
  },
  "9": {
    "Position": "17.0:80.0:81.0",
    "Neighbours": {
      "8": 7.87,
      "294": 8.6
    }
  },
  "10": {
    "Position": "32.0:78.0:98.0",
    "Neighbours": {
      "16": 6.4,
      "6": 10.25
    }
  },
  "11": {
    "Position": "-2.0:77.0:106.0",
    "Neighbours": {
      "449": 3.74,
      "12": 5.39,
      "0": 6.71
    }
  },
  "12": {
    "Position": "-4.0:77.0:111.0",
    "Neighbours": {
      "13": 3.16,
      "11": 5.39
    }
  },
  "13": {
    "Position": "-7.0:77.0:112.0",
    "Neighbours": {
      "12": 3.16,
      "556": 3.61,
      "555": 4.47
    }
  },
  "14": {
    "Position": "-12.0:77.0:102.0",
    "Neighbours": {
      "0": 7.28
    }
  },
  "15": {
    "Position": "-6.0:77.0:93.0",
    "Neighbours": {
      "261": 4.0,
      "0": 7.07,
      "257": 9.06,
      "256": 10.3
    }
  },
  "16": {
    "Position": "38.0:80.0:99.0",
    "Neighbours": {
      "17": 5.1,
      "10": 6.4
    }
  },
  "17": {
    "Position": "43.0:81.0:99.0",
    "Neighbours": {
      "16": 5.1,
      "18": 5.2
    }
  },
  "18": {
    "Position": "48.0:82.0:98.0",
    "Name": "no_area",
    "Tags": [
      "area"
    ],
    "Neighbours": {
      "19": 5.0,
      "17": 5.2,
      "90": 6.4
    }
  },
  "19": {
    "Position": "52.0:82.0:95.0",
    "Name": "Glacial Cave",
    "Tags": [
      "area"
    ],
    "Neighbours": {
      "18": 5.0,
      "90": 5.48,
      "20": 9.27
    }
  },
  "20": {
    "Position": "53.0:80.0:86.0",
    "Neighbours": {
      "21": 6.4,
      "30": 9.0,
      "19": 9.27
    }
  },
  "21": {
    "Position": "59.0:79.0:84.0",
    "Neighbours": {
      "26": 5.92,
      "20": 6.4,
      "22": 7.87,
      "29": 9.54
    }
  },
  "22": {
    "Position": "64.0:78.0:90.0",
    "Neighbours": {
      "21": 7.87,
      "26": 9.0,
      "23": 9.7
    }
  },
  "23": {
    "Position": "70.0:75.0:97.0",
    "Neighbours": {
      "24": 7.81,
      "22": 9.7
    }
  },
  "24": {
    "Position": "75.0:75.0:103.0",
    "Neighbours": {
      "25": 7.35,
      "23": 7.81
    }
  },
  "25": {
    "Position": "82.0:74.0:105.0",
    "Neighbours": {
      "89": 3.32,
      "24": 7.35,
      "45": 11.18
    }
  },
  "26": {
    "Position": "64.0:78.0:81.0",
    "Neighbours": {
      "21": 5.92,
      "27": 6.16,
      "22": 9.0
    }
  },
  "27": {
    "Position": "70.0:77.0:82.0",
    "Neighbours": {
      "26": 6.16,
      "35": 6.71,
      "28": 7.0
    }
  },
  "28": {
    "Position": "70.0:77.0:75.0",
    "Neighbours": {
      "27": 7.0,
      "83": 8.06,
      "50": 12.08,
      "29": 14.04
    }
  },
  "29": {
    "Position": "56.0:78.0:75.0",
    "Neighbours": {
      "33": 6.4,
      "21": 9.54,
      "28": 14.04
    }
  },
  "30": {
    "Position": "49.0:79.0:78.0",
    "Neighbours": {
      "33": 7.35,
      "20": 9.0,
      "31": 9.22
    }
  },
  "31": {
    "Position": "40.0:79.0:76.0",
    "Neighbours": {
      "32": 3.32,
      "30": 9.22
    }
  },
  "32": {
    "Position": "37.0:80.0:75.0",
    "Name": "Helena",
    "Tags": [
      "npc"
    ],
    "Neighbours": {
      "31": 3.32
    }
  },
  "33": {
    "Position": "51.0:78.0:71.0",
    "Neighbours": {
      "34": 6.08,
      "29": 6.4,
      "30": 7.35
    }
  },
  "34": {
    "Position": "51.0:77.0:65.0",
    "Neighbours": {
      "82": 3.0,
      "33": 6.08
    }
  },
  "35": {
    "Position": "76.0:77.0:85.0",
    "Neighbours": {
      "36": 4.47,
      "27": 6.71
    }
  },
  "36": {
    "Position": "80.0:77.0:87.0",
    "Neighbours": {
      "35": 4.47,
      "37": 6.71,
      "38": 7.28
    }
  },
  "37": {
    "Position": "86.0:77.0:84.0",
    "Neighbours": {
      "39": 5.39,
      "36": 6.71,
      "38": 7.07
    }
  },
  "38": {
    "Position": "86.0:78.0:91.0",
    "Neighbours": {
      "37": 7.07,
      "36": 7.28
    }
  },
  "39": {
    "Position": "88.0:77.0:79.0",
    "Neighbours": {
      "37": 5.39,
      "40": 5.83,
      "41": 6.78
    }
  },
  "40": {
    "Position": "93.0:77.0:82.0",
    "Neighbours": {
      "39": 5.83,
      "42": 6.48,
      "41": 9.27
    }
  },
  "41": {
    "Position": "91.0:76.0:73.0",
    "Neighbours": {
      "39": 6.78,
      "48": 7.07,
      "46": 8.12,
      "40": 9.27
    }
  },
  "42": {
    "Position": "97.0:76.0:87.0",
    "Neighbours": {
      "43": 5.2,
      "40": 6.48
    }
  },
  "43": {
    "Position": "98.0:75.0:92.0",
    "Neighbours": {
      "42": 5.2,
      "44": 6.16
    }
  },
  "44": {
    "Position": "97.0:74.0:98.0",
    "Neighbours": {
      "43": 6.16,
      "45": 6.4
    }
  },
  "45": {
    "Position": "93.0:74.0:103.0",
    "Neighbours": {
      "44": 6.4,
      "25": 11.18
    }
  },
  "46": {
    "Position": "95.0:77.0:66.0",
    "Neighbours": {
      "47": 5.2,
      "41": 8.12,
      "49": 8.54
    }
  },
  "47": {
    "Position": "100.0:78.0:67.0",
    "Neighbours": {
      "46": 5.2
    }
  },
  "48": {
    "Position": "86.0:76.0:68.0",
    "Neighbours": {
      "41": 7.07,
      "50": 7.07,
      "87": 7.62
    }
  },
  "49": {
    "Position": "89.0:76.0:60.0",
    "Neighbours": {
      "46": 8.54,
      "84": 9.43,
      "53": 10.0
    }
  },
  "50": {
    "Position": "79.0:76.0:67.0",
    "Neighbours": {
      "51": 3.0,
      "48": 7.07,
      "87": 7.21,
      "83": 10.05,
      "28": 12.08
    }
  },
  "51": {
    "Position": "79.0:76.0:70.0",
    "Neighbours": {
      "50": 3.0,
      "52": 3.0
    }
  },
  "52": {
    "Position": "79.0:79.0:70.0",
    "Neighbours": {
      "51": 3.0
    }
  },
  "53": {
    "Position": "83.0:76.0:52.0",
    "Neighbours": {
      "84": 3.61,
      "54": 7.14,
      "76": 9.54,
      "49": 10.0
    }
  },
  "54": {
    "Position": "82.0:77.0:45.0",
    "Neighbours": {
      "55": 5.83,
      "53": 7.14,
      "76": 8.94,
      "74": 13.0
    }
  },
  "55": {
    "Position": "85.0:77.0:40.0",
    "Neighbours": {
      "56": 5.39,
      "54": 5.83,
      "57": 6.08
    }
  },
  "56": {
    "Position": "90.0:77.0:42.0",
    "Neighbours": {
      "55": 5.39
    }
  },
  "57": {
    "Position": "85.0:76.0:34.0",
    "Neighbours": {
      "63": 4.24,
      "55": 6.08,
      "58": 6.78
    }
  },
  "58": {
    "Position": "88.0:77.0:28.0",
    "Neighbours": {
      "59": 6.0,
      "57": 6.78,
      "63": 6.78
    }
  },
  "59": {
    "Position": "84.0:79.0:24.0",
    "Neighbours": {
      "58": 6.0,
      "60": 6.63
    }
  },
  "60": {
    "Position": "78.0:81.0:22.0",
    "Neighbours": {
      "59": 6.63,
      "61": 7.62
    }
  },
  "61": {
    "Position": "71.0:84.0:22.0",
    "Neighbours": {
      "62": 5.48,
      "60": 7.62
    }
  },
  "62": {
    "Position": "66.0:86.0:21.0",
    "Neighbours": {
      "61": 5.48,
      "135": 6.16
    }
  },
  "63": {
    "Position": "82.0:76.0:31.0",
    "Neighbours": {
      "57": 4.24,
      "64": 5.0,
      "58": 6.78
    }
  },
  "64": {
    "Position": "78.0:76.0:28.0",
    "Neighbours": {
      "63": 5.0,
      "65": 5.39,
      "66": 7.07
    }
  },
  "65": {
    "Position": "76.0:76.0:23.0",
    "Neighbours": {
      "64": 5.39,
      "66": 7.14
    }
  },
  "66": {
    "Position": "71.0:77.0:28.0",
    "Neighbours": {
      "67": 5.1,
      "64": 7.07,
      "65": 7.14
    }
  },
  "67": {
    "Position": "67.0:78.0:31.0",
    "Neighbours": {
      "66": 5.1,
      "68": 8.25,
      "69": 8.6
    }
  },
  "68": {
    "Position": "59.0:80.0:31.0",
    "Neighbours": {
      "213": 5.1,
      "69": 7.87,
      "67": 8.25
    }
  },
  "69": {
    "Position": "62.0:78.0:38.0",
    "Neighbours": {
      "210": 4.12,
      "70": 4.47,
      "68": 7.87,
      "67": 8.6
    }
  },
  "70": {
    "Position": "66.0:78.0:40.0",
    "Neighbours": {
      "69": 4.47,
      "210": 5.39,
      "74": 5.92,
      "71": 6.71
    }
  },
  "71": {
    "Position": "71.0:80.0:36.0",
    "Neighbours": {
      "437": 2.24,
      "70": 6.71
    }
  },
  "72": {
    "Position": "76.0:80.0:37.0",
    "Neighbours": {
      "437": 3.61,
      "73": 4.12
    }
  },
  "73": {
    "Position": "80.0:80.0:38.0",
    "Neighbours": {
      "72": 4.12
    }
  },
  "74": {
    "Position": "69.0:77.0:45.0",
    "Neighbours": {
      "70": 5.92,
      "75": 6.08,
      "76": 6.4,
      "54": 13.0
    }
  },
  "75": {
    "Position": "69.0:76.0:51.0",
    "Neighbours": {
      "76": 5.48,
      "77": 5.66,
      "74": 6.08
    }
  },
  "76": {
    "Position": "74.0:77.0:49.0",
    "Neighbours": {
      "75": 5.48,
      "74": 6.4,
      "54": 8.94,
      "53": 9.54
    }
  },
  "77": {
    "Position": "65.0:76.0:55.0",
    "Neighbours": {
      "75": 5.66,
      "78": 7.07,
      "79": 7.14
    }
  },
  "78": {
    "Position": "58.0:76.0:56.0",
    "Neighbours": {
      "80": 5.0,
      "77": 7.07,
      "79": 8.54,
      "82": 9.27
    }
  },
  "79": {
    "Position": "64.0:77.0:62.0",
    "Neighbours": {
      "83": 7.07,
      "77": 7.14,
      "78": 8.54
    }
  },
  "80": {
    "Position": "55.0:76.0:52.0",
    "Neighbours": {
      "78": 5.0,
      "209": 5.48,
      "81": 8.12
    }
  },
  "81": {
    "Position": "48.0:77.0:56.0",
    "Neighbours": {
      "434": 4.0,
      "206": 6.32,
      "82": 6.71,
      "80": 8.12
    }
  },
  "82": {
    "Position": "51.0:77.0:62.0",
    "Neighbours": {
      "34": 3.0,
      "81": 6.71,
      "78": 9.27
    }
  },
  "83": {
    "Position": "69.0:77.0:67.0",
    "Neighbours": {
      "79": 7.07,
      "28": 8.06,
      "50": 10.05
    }
  },
  "84": {
    "Position": "81.0:76.0:55.0",
    "Neighbours": {
      "53": 3.61,
      "85": 5.0,
      "87": 6.32,
      "49": 9.43
    }
  },
  "85": {
    "Position": "81.0:81.0:55.0",
    "Neighbours": {
      "86": 2.24,
      "84": 5.0
    }
  },
  "86": {
    "Position": "79.0:82.0:55.0",
    "Name": "Dirk",
    "Tags": [
      "npc"
    ],
    "Neighbours": {
      "85": 2.24
    }
  },
  "87": {
    "Position": "83.0:76.0:61.0",
    "Neighbours": {
      "84": 6.32,
      "50": 7.21,
      "48": 7.62
    }
  },
  "88": {
    "Position": "81.0:80.0:110.0",
    "Name": "Daan",
    "Tags": [
      "npc"
    ],
    "Neighbours": {
      "89": 5.74
    }
  },
  "89": {
    "Position": "83.0:75.0:108.0",
    "Neighbours": {
      "25": 3.32,
      "88": 5.74
    }
  },
  "90": {
    "Position": "54.0:83.0:100.0",
    "Name": "no_area",
    "Tags": [
      "area"
    ],
    "Neighbours": {
      "91": 4.58,
      "19": 5.48,
      "18": 6.4
    }
  },
  "91": {
    "Position": "58.0:84.0:102.0",
    "Neighbours": {
      "90": 4.58,
      "93": 6.78,
      "92": 9.43
    }
  },
  "92": {
    "Position": "63.0:84.0:110.0",
    "Neighbours": {
      "94": 7.81,
      "91": 9.43,
      "93": 9.54
    }
  },
  "93": {
    "Position": "64.0:87.0:101.0",
    "Neighbours": {
      "299": 4.12,
      "91": 6.78,
      "92": 9.54
    }
  },
  "94": {
    "Position": "68.0:84.0:116.0",
    "Neighbours": {
      "95": 7.07,
      "92": 7.81
    }
  },
  "95": {
    "Position": "75.0:84.0:117.0",
    "Neighbours": {
      "94": 7.07,
      "96": 7.28
    }
  },
  "96": {
    "Position": "82.0:84.0:115.0",
    "Neighbours": {
      "97": 7.21,
      "95": 7.28
    }
  },
  "97": {
    "Position": "88.0:84.0:111.0",
    "Neighbours": {
      "96": 7.21,
      "98": 8.94
    }
  },
  "98": {
    "Position": "96.0:84.0:107.0",
    "Neighbours": {
      "99": 7.62,
      "97": 8.94
    }
  },
  "99": {
    "Position": "103.0:84.0:104.0",
    "Neighbours": {
      "100": 7.35,
      "98": 7.62
    }
  },
  "100": {
    "Position": "104.0:86.0:97.0",
    "Neighbours": {
      "99": 7.35,
      "101": 8.6
    }
  },
  "101": {
    "Position": "107.0:87.0:89.0",
    "Neighbours": {
      "100": 8.6,
      "102": 9.27
    }
  },
  "102": {
    "Position": "108.0:89.0:80.0",
    "Neighbours": {
      "103": 8.83,
      "101": 9.27
    }
  },
  "103": {
    "Position": "103.0:91.0:73.0",
    "Neighbours": {
      "104": 6.4,
      "102": 8.83
    }
  },
  "104": {
    "Position": "97.0:93.0:72.0",
    "Neighbours": {
      "103": 6.4,
      "105": 7.28
    }
  },
  "105": {
    "Position": "90.0:93.0:70.0",
    "Neighbours": {
      "104": 7.28,
      "106": 7.28,
      "107": 10.34
    }
  },
  "106": {
    "Position": "86.0:94.0:64.0",
    "Neighbours": {
      "108": 6.32,
      "110": 6.4,
      "105": 7.28,
      "109": 8.25
    }
  },
  "107": {
    "Position": "81.0:92.0:75.0",
    "Neighbours": {
      "303": 5.0,
      "110": 6.4,
      "105": 10.34
    }
  },
  "108": {
    "Position": "86.0:96.0:58.0",
    "Neighbours": {
      "106": 6.32,
      "112": 7.07
    }
  },
  "109": {
    "Position": "78.0:96.0:64.0",
    "Neighbours": {
      "110": 6.71,
      "111": 7.68,
      "106": 8.25
    }
  },
  "110": {
    "Position": "82.0:94.0:69.0",
    "Neighbours": {
      "106": 6.4,
      "107": 6.4,
      "109": 6.71
    }
  },
  "111": {
    "Position": "73.0:99.0:59.0",
    "Neighbours": {
      "109": 7.68,
      "115": 9.06,
      "116": 11.58
    }
  },
  "112": {
    "Position": "86.0:95.0:51.0",
    "Neighbours": {
      "108": 7.07,
      "114": 8.31,
      "113": 10.95
    }
  },
  "113": {
    "Position": "90.0:93.0:41.0",
    "Neighbours": {
      "128": 7.28,
      "112": 10.95,
      "114": 13.15
    }
  },
  "114": {
    "Position": "79.0:97.0:47.0",
    "Neighbours": {
      "115": 6.16,
      "112": 8.31,
      "113": 13.15
    }
  },
  "115": {
    "Position": "74.0:99.0:50.0",
    "Neighbours": {
      "114": 6.16,
      "116": 8.25,
      "111": 9.06
    }
  },
  "116": {
    "Position": "66.0:101.0:50.0",
    "Neighbours": {
      "117": 6.4,
      "519": 7.48,
      "119": 8.06,
      "115": 8.25,
      "111": 11.58
    }
  },
  "117": {
    "Position": "60.0:102.0:52.0",
    "Name": "no_area",
    "Tags": [
      "area"
    ],
    "Neighbours": {
      "519": 4.58,
      "304": 5.1,
      "116": 6.4,
      "119": 9.27
    }
  },
  "118": {
    "Position": "54.0:104.0:56.0",
    "Name": "Gary",
    "Tags": [
      "npc"
    ],
    "Neighbours": {
      "304": 2.45,
      "127": 4.0
    }
  },
  "119": {
    "Position": "62.0:101.0:43.0",
    "Neighbours": {
      "120": 5.48,
      "125": 6.08,
      "116": 8.06,
      "117": 9.27
    }
  },
  "120": {
    "Position": "63.0:103.0:38.0",
    "Neighbours": {
      "124": 5.39,
      "119": 5.48,
      "121": 7.07
    }
  },
  "121": {
    "Position": "68.0:106.0:34.0",
    "Name": "Gulliver",
    "Tags": [
      "npc"
    ],
    "Neighbours": {
      "124": 2.24,
      "123": 4.0,
      "120": 7.07
    }
  },
  "122": {
    "Position": "65.0:106.0:30.0",
    "Name": "Chicken Race",
    "Tags": [
      "poi"
    ],
    "Neighbours": {
      "123": 3.0
    }
  },
  "123": {
    "Position": "68.0:106.0:30.0",
    "Neighbours": {
      "122": 3.0,
      "121": 4.0,
      "124": 4.58
    }
  },
  "124": {
    "Position": "66.0:105.0:34.0",
    "Neighbours": {
      "121": 2.24,
      "123": 4.58,
      "120": 5.39
    }
  },
  "125": {
    "Position": "56.0:101.0:42.0",
    "Neighbours": {
      "119": 6.08,
      "126": 6.16
    }
  },
  "126": {
    "Position": "51.0:99.0:39.0",
    "Neighbours": {
      "125": 6.16,
      "558": 6.16
    }
  },
  "127": {
    "Position": "54.0:104.0:60.0",
    "Neighbours": {
      "118": 4.0
    }
  },
  "128": {
    "Position": "90.0:91.0:34.0",
    "Neighbours": {
      "113": 7.28,
      "129": 8.77
    }
  },
  "129": {
    "Position": "88.0:88.0:26.0",
    "Neighbours": {
      "130": 7.68,
      "128": 8.77
    }
  },
  "130": {
    "Position": "85.0:87.0:19.0",
    "Neighbours": {
      "131": 5.83,
      "129": 7.68
    }
  },
  "131": {
    "Position": "82.0:87.0:14.0",
    "Neighbours": {
      "130": 5.83,
      "132": 7.07,
      "133": 8.54
    }
  },
  "132": {
    "Position": "81.0:87.0:7.0",
    "Name": "no_area",
    "Tags": [
      "area"
    ],
    "Neighbours": {
      "140": 4.47,
      "131": 7.07,
      "133": 8.06
    }
  },
  "133": {
    "Position": "74.0:87.0:11.0",
    "Neighbours": {
      "134": 6.0,
      "132": 8.06,
      "131": 8.54
    }
  },
  "134": {
    "Position": "68.0:87.0:11.0",
    "Name": "no_area",
    "Tags": [
      "area"
    ],
    "Neighbours": {
      "135": 5.0,
      "133": 6.0,
      "136": 7.0
    }
  },
  "135": {
    "Position": "65.0:87.0:15.0",
    "Name": "Glacial Cave",
    "Tags": [
      "area"
    ],
    "Neighbours": {
      "134": 5.0,
      "136": 5.66,
      "62": 6.16
    }
  },
  "136": {
    "Position": "61.0:87.0:11.0",
    "Name": "no_area",
    "Tags": [
      "area"
    ],
    "Neighbours": {
      "135": 5.66,
      "138": 5.92,
      "137": 6.4,
      "134": 7.0
    }
  },
  "137": {
    "Position": "56.0:87.0:7.0",
    "Neighbours": {
      "139": 5.1,
      "136": 6.4,
      "138": 7.07
    }
  },
  "138": {
    "Position": "56.0:86.0:14.0",
    "Neighbours": {
      "136": 5.92,
      "137": 7.07,
      "216": 8.6
    }
  },
  "139": {
    "Position": "53.0:88.0:3.0",
    "Neighbours": {
      "137": 5.1,
      "561": 7.28
    }
  },
  "140": {
    "Position": "81.0:85.0:3.0",
    "Name": "Hot Springs",
    "Tags": [
      "area"
    ],
    "Neighbours": {
      "132": 4.47,
      "141": 6.71
    }
  },
  "141": {
    "Position": "77.0:83.0:-2.0",
    "Neighbours": {
      "140": 6.71,
      "142": 6.71
    }
  },
  "142": {
    "Position": "72.0:81.0:-6.0",
    "Neighbours": {
      "143": 4.12,
      "141": 6.71
    }
  },
  "143": {
    "Position": "70.0:79.0:-9.0",
    "Neighbours": {
      "142": 4.12,
      "144": 14.14
    }
  },
  "144": {
    "Position": "70.0:69.0:-19.0",
    "Neighbours": {
      "145": 9.0,
      "143": 14.14
    }
  },
  "145": {
    "Position": "62.0:68.0:-23.0",
    "Neighbours": {
      "144": 9.0,
      "146": 10.63
    }
  },
  "146": {
    "Position": "52.0:65.0:-25.0",
    "Neighbours": {
      "148": 4.58,
      "145": 10.63
    }
  },
  "147": {
    "Position": "44.0:62.0:-27.0",
    "Neighbours": {
      "148": 4.24,
      "150": 6.4,
      "149": 8.12
    }
  },
  "148": {
    "Position": "48.0:63.0:-26.0",
    "Neighbours": {
      "147": 4.24,
      "146": 4.58
    }
  },
  "149": {
    "Position": "37.0:61.0:-23.0",
    "Neighbours": {
      "187": 5.83,
      "186": 6.08,
      "147": 8.12
    }
  },
  "150": {
    "Position": "42.0:61.0:-33.0",
    "Neighbours": {
      "151": 5.39,
      "147": 6.4
    }
  },
  "151": {
    "Position": "40.0:61.0:-38.0",
    "Neighbours": {
      "152": 3.61,
      "150": 5.39
    }
  },
  "152": {
    "Position": "38.0:61.0:-41.0",
    "Neighbours": {
      "151": 3.61,
      "153": 5.0,
      "154": 5.66
    }
  },
  "153": {
    "Position": "34.0:61.0:-38.0",
    "Neighbours": {
      "152": 5.0,
      "190": 6.48,
      "154": 7.0
    }
  },
  "154": {
    "Position": "34.0:61.0:-45.0",
    "Neighbours": {
      "152": 5.66,
      "153": 7.0,
      "155": 7.62
    }
  },
  "155": {
    "Position": "27.0:61.0:-48.0",
    "Neighbours": {
      "157": 5.74,
      "156": 7.0,
      "154": 7.62
    }
  },
  "156": {
    "Position": "21.0:63.0:-51.0",
    "Neighbours": {
      "157": 5.1,
      "158": 5.66,
      "155": 7.0
    }
  },
  "157": {
    "Position": "22.0:63.0:-46.0",
    "Neighbours": {
      "167": 4.24,
      "156": 5.1,
      "155": 5.74
    }
  },
  "158": {
    "Position": "17.0:63.0:-55.0",
    "Neighbours": {
      "156": 5.66,
      "159": 5.83
    }
  },
  "159": {
    "Position": "12.0:63.0:-58.0",
    "Neighbours": {
      "163": 3.61,
      "158": 5.83,
      "160": 6.0
    }
  },
  "160": {
    "Position": "8.0:65.0:-62.0",
    "Neighbours": {
      "159": 6.0,
      "161": 6.08,
      "163": 6.4
    }
  },
  "161": {
    "Position": "2.0:65.0:-63.0",
    "Neighbours": {
      "160": 6.08,
      "162": 6.08
    }
  },
  "162": {
    "Position": "-4.0:65.0:-62.0",
    "Neighbours": {
      "161": 6.08,
      "203": 7.14
    }
  },
  "163": {
    "Position": "9.0:63.0:-56.0",
    "Neighbours": {
      "159": 3.61,
      "164": 3.61,
      "160": 6.4
    }
  },
  "164": {
    "Position": "7.0:63.0:-53.0",
    "Neighbours": {
      "163": 3.61,
      "165": 4.12
    }
  },
  "165": {
    "Position": "8.0:63.0:-49.0",
    "Neighbours": {
      "164": 4.12,
      "166": 5.66
    }
  },
  "166": {
    "Position": "12.0:63.0:-45.0",
    "Neighbours": {
      "168": 5.2,
      "165": 5.66,
      "167": 7.28
    }
  },
  "167": {
    "Position": "19.0:63.0:-43.0",
    "Neighbours": {
      "157": 4.24,
      "166": 7.28,
      "168": 8.6
    }
  },
  "168": {
    "Position": "11.0:64.0:-40.0",
    "Neighbours": {
      "169": 4.0,
      "166": 5.2,
      "167": 8.6
    }
  },
  "169": {
    "Position": "7.0:64.0:-40.0",
    "Neighbours": {
      "168": 4.0,
      "171": 5.0,
      "170": 6.08
    }
  },
  "170": {
    "Position": "1.0:64.0:-41.0",
    "Neighbours": {
      "205": 4.12,
      "171": 5.83,
      "169": 6.08
    }
  },
  "171": {
    "Position": "4.0:64.0:-36.0",
    "Neighbours": {
      "169": 5.0,
      "170": 5.83,
      "172": 6.16,
      "174": 6.32
    }
  },
  "172": {
    "Position": "-0.9999999999999999:66.0:-33.0",
    "Neighbours": {
      "173": 5.39,
      "171": 6.16,
      "174": 7.87
    }
  },
  "173": {
    "Position": "-6.0:68.0:-33.0",
    "Neighbours": {
      "172": 5.39,
      "191": 5.39
    }
  },
  "174": {
    "Position": "6.0:64.0:-30.0",
    "Neighbours": {
      "175": 4.58,
      "171": 6.32,
      "172": 7.87
    }
  },
  "175": {
    "Position": "10.0:63.0:-28.0",
    "Neighbours": {
      "174": 4.58,
      "176": 5.66
    }
  },
  "176": {
    "Position": "14.0:63.0:-24.0",
    "Neighbours": {
      "177": 3.32,
      "175": 5.66
    }
  },
  "177": {
    "Position": "15.0:62.0:-21.0",
    "Neighbours": {
      "176": 3.32,
      "179": 6.0,
      "178": 7.62
    }
  },
  "178": {
    "Position": "22.0:62.0:-18.0",
    "Neighbours": {
      "188": 6.48,
      "177": 7.62,
      "179": 7.62
    }
  },
  "179": {
    "Position": "15.0:62.0:-15.0",
    "Neighbours": {
      "180": 5.39,
      "177": 6.0,
      "178": 7.62
    }
  },
  "180": {
    "Position": "18.0:64.0:-11.0",
    "Neighbours": {
      "181": 3.61,
      "179": 5.39
    }
  },
  "181": {
    "Position": "21.0:64.0:-9.0",
    "Neighbours": {
      "180": 3.61,
      "182": 5.0
    }
  },
  "182": {
    "Position": "25.0:64.0:-12.0",
    "Neighbours": {
      "183": 4.0,
      "181": 5.0
    }
  },
  "183": {
    "Position": "29.0:64.0:-12.0",
    "Neighbours": {
      "182": 4.0,
      "184": 5.0
    }
  },
  "184": {
    "Position": "33.0:64.0:-9.0",
    "Neighbours": {
      "183": 5.0,
      "185": 5.1
    }
  },
  "185": {
    "Position": "36.0:63.0:-13.0",
    "Neighbours": {
      "186": 4.47,
      "184": 5.1
    }
  },
  "186": {
    "Position": "36.0:61.0:-17.0",
    "Neighbours": {
      "185": 4.47,
      "149": 6.08
    }
  },
  "187": {
    "Position": "32.0:61.0:-26.0",
    "Neighbours": {
      "189": 5.1,
      "149": 5.83,
      "188": 6.71
    }
  },
  "188": {
    "Position": "26.0:61.0:-23.0",
    "Neighbours": {
      "189": 6.4,
      "178": 6.48,
      "187": 6.71
    }
  },
  "189": {
    "Position": "28.0:62.0:-29.0",
    "Neighbours": {
      "190": 4.47,
      "187": 5.1,
      "188": 6.4
    }
  },
  "190": {
    "Position": "30.0:62.0:-33.0",
    "Neighbours": {
      "189": 4.47,
      "153": 6.48
    }
  },
  "191": {
    "Position": "-11.0:70.0:-33.0",
    "Neighbours": {
      "192": 4.12,
      "173": 5.39
    }
  },
  "192": {
    "Position": "-15.0:71.0:-33.0",
    "Neighbours": {
      "191": 4.12,
      "193": 5.0,
      "194": 7.14
    }
  },
  "193": {
    "Position": "-18.0:71.0:-29.0",
    "Neighbours": {
      "192": 5.0,
      "194": 6.48,
      "195": 10.82
    }
  },
  "194": {
    "Position": "-22.0:70.0:-34.0",
    "Neighbours": {
      "199": 5.1,
      "193": 6.48,
      "192": 7.14
    }
  },
  "195": {
    "Position": "-20.0:78.0:-21.0",
    "Name": "Hot Springs",
    "Tags": [
      "area"
    ],
    "Neighbours": {
      "198": 3.32,
      "197": 6.78,
      "193": 10.82
    }
  },
  "196": {
    "Position": "-29.0:80.0:-20.0",
    "Neighbours": {
      "198": 6.08,
      "291": 7.35,
      "197": 13.04
    }
  },
  "197": {
    "Position": "-17.0:79.0:-15.0",
    "Name": "no_area",
    "Tags": [
      "area"
    ],
    "Neighbours": {
      "195": 6.78,
      "196": 13.04,
      "233": 15.81
    }
  },
  "198": {
    "Position": "-23.0:79.0:-20.0",
    "Name": "no_area",
    "Tags": [
      "area"
    ],
    "Neighbours": {
      "195": 3.32,
      "196": 6.08
    }
  },
  "199": {
    "Position": "-26.0:69.0:-37.0",
    "Neighbours": {
      "194": 5.1,
      "200": 6.4
    }
  },
  "200": {
    "Position": "-25.0:67.0:-43.0",
    "Neighbours": {
      "201": 5.39,
      "199": 6.4
    }
  },
  "201": {
    "Position": "-22.0:65.0:-47.0",
    "Neighbours": {
      "200": 5.39,
      "204": 5.92,
      "202": 9.0
    }
  },
  "202": {
    "Position": "-14.0:64.0:-51.0",
    "Neighbours": {
      "204": 7.62,
      "203": 7.81,
      "201": 9.0
    }
  },
  "203": {
    "Position": "-9.0:64.0:-57.0",
    "Neighbours": {
      "162": 7.14,
      "202": 7.81
    }
  },
  "204": {
    "Position": "-17.0:64.0:-44.0",
    "Neighbours": {
      "201": 5.92,
      "202": 7.62
    }
  },
  "205": {
    "Position": "-3.0:64.0:-42.0",
    "Neighbours": {
      "170": 4.12
    }
  },
  "206": {
    "Position": "42.0:77.0:54.0",
    "Neighbours": {
      "81": 6.32,
      "207": 7.07
    }
  },
  "207": {
    "Position": "35.0:77.0:55.0",
    "Name": "Glacial Cave",
    "Tags": [
      "area"
    ],
    "Neighbours": {
      "208": 4.0,
      "206": 7.07
    }
  },
  "208": {
    "Position": "31.0:77.0:55.0",
    "Name": "no_area",
    "Tags": [
      "area"
    ],
    "Neighbours": {
      "207": 4.0,
      "240": 13.34
    }
  },
  "209": {
    "Position": "57.0:77.0:47.0",
    "Neighbours": {
      "80": 5.48,
      "210": 6.48,
      "211": 7.0
    }
  },
  "210": {
    "Position": "61.0:78.0:42.0",
    "Neighbours": {
      "69": 4.12,
      "70": 5.39,
      "209": 6.48,
      "211": 7.14
    }
  },
  "211": {
    "Position": "54.0:79.0:41.0",
    "Neighbours": {
      "212": 5.1,
      "209": 7.0,
      "210": 7.14
    }
  },
  "212": {
    "Position": "50.0:80.0:38.0",
    "Neighbours": {
      "211": 5.1
    }
  },
  "213": {
    "Position": "55.0:81.0:28.0",
    "Neighbours": {
      "438": 3.74,
      "68": 5.1
    }
  },
  "214": {
    "Position": "48.0:82.0:24.0",
    "Name": "Glacial Cave",
    "Tags": [
      "area"
    ],
    "Neighbours": {
      "215": 4.47,
      "438": 4.47
    }
  },
  "215": {
    "Position": "44.0:82.0:22.0",
    "Name": "no_area",
    "Tags": [
      "area"
    ],
    "Neighbours": {
      "214": 4.47,
      "216": 8.12,
      "217": 8.49
    }
  },
  "216": {
    "Position": "48.0:83.0:15.0",
    "Neighbours": {
      "215": 8.12,
      "138": 8.6,
      "217": 13.34
    }
  },
  "217": {
    "Position": "36.0:80.0:20.0",
    "Neighbours": {
      "215": 8.49,
      "218": 8.49,
      "216": 13.34
    }
  },
  "218": {
    "Position": "28.0:78.0:22.0",
    "Neighbours": {
      "217": 8.49,
      "219": 10.05
    }
  },
  "219": {
    "Position": "18.0:78.0:23.0",
    "Neighbours": {
      "220": 8.31,
      "218": 10.05,
      "224": 11.09
    }
  },
  "220": {
    "Position": "16.0:77.0:31.0",
    "Neighbours": {
      "221": 4.12,
      "219": 8.31,
      "223": 8.54,
      "225": 10.2,
      "224": 11.4
    }
  },
  "221": {
    "Position": "20.0:77.0:32.0",
    "Neighbours": {
      "220": 4.12,
      "222": 7.07
    }
  },
  "222": {
    "Position": "27.0:77.0:31.0",
    "Neighbours": {
      "221": 7.07
    }
  },
  "223": {
    "Position": "13.0:77.0:39.0",
    "Neighbours": {
      "235": 6.4,
      "220": 8.54,
      "225": 9.22
    }
  },
  "224": {
    "Position": "7.0:77.0:24.0",
    "Neighbours": {
      "225": 9.06,
      "226": 9.22,
      "219": 11.09,
      "220": 11.4
    }
  },
  "225": {
    "Position": "6.0:77.0:33.0",
    "Neighbours": {
      "224": 9.06,
      "223": 9.22,
      "250": 9.9,
      "220": 10.2
    }
  },
  "226": {
    "Position": "0.0:77.0:18.0",
    "Neighbours": {
      "229": 5.83,
      "224": 9.22,
      "227": 11.18
    }
  },
  "227": {
    "Position": "-10.0:77.0:13.0",
    "Neighbours": {
      "230": 7.0,
      "228": 7.81,
      "226": 11.18
    }
  },
  "228": {
    "Position": "-4.0:77.0:8.0",
    "Neighbours": {
      "229": 5.1,
      "232": 7.68,
      "227": 7.81,
      "446": 9.43
    }
  },
  "229": {
    "Position": "-3.0:77.0:13.0",
    "Neighbours": {
      "228": 5.1,
      "226": 5.83
    }
  },
  "230": {
    "Position": "-17.0:77.0:13.0",
    "Neighbours": {
      "231": 5.0,
      "227": 7.0
    }
  },
  "231": {
    "Position": "-22.0:77.0:13.0",
    "Neighbours": {
      "230": 5.0
    }
  },
  "232": {
    "Position": "-1.0:78.0:1.0",
    "Neighbours": {
      "228": 7.68,
      "233": 7.68,
      "234": 9.49
    }
  },
  "233": {
    "Position": "-4.0:79.0:-6.0",
    "Neighbours": {
      "232": 7.68,
      "234": 11.18,
      "197": 15.81
    }
  },
  "234": {
    "Position": "7.0:79.0:-4.0",
    "Neighbours": {
      "284": 6.32,
      "232": 9.49,
      "233": 11.18
    }
  },
  "235": {
    "Position": "9.0:77.0:44.0",
    "Neighbours": {
      "236": 3.61,
      "223": 6.4
    }
  },
  "236": {
    "Position": "7.0:77.0:47.0",
    "Neighbours": {
      "235": 3.61,
      "237": 8.94,
      "238": 8.94
    }
  },
  "237": {
    "Position": "3.0:77.0:55.0",
    "Neighbours": {
      "251": 6.71,
      "243": 7.0,
      "238": 8.0,
      "236": 8.94
    }
  },
  "238": {
    "Position": "11.0:77.0:55.0",
    "Neighbours": {
      "239": 5.0,
      "240": 7.62,
      "237": 8.0,
      "236": 8.94
    }
  },
  "239": {
    "Position": "15.0:77.0:52.0",
    "Neighbours": {
      "242": 3.0,
      "238": 5.0,
      "240": 6.71
    }
  },
  "240": {
    "Position": "18.0:77.0:58.0",
    "Neighbours": {
      "239": 6.71,
      "238": 7.62,
      "208": 13.34
    }
  },
  "241": {
    "Position": "20.0:78.0:45.0",
    "Name": "Banker Barry",
    "Tags": [
      "npc"
    ],
    "Neighbours": {
      "242": 5.83
    }
  },
  "242": {
    "Position": "17.0:78.0:50.0",
    "Neighbours": {
      "239": 3.0,
      "241": 5.83
    }
  },
  "243": {
    "Position": "-4.0:77.0:55.0",
    "Neighbours": {
      "237": 7.0,
      "244": 8.25,
      "247": 10.0,
      "246": 11.18
    }
  },
  "244": {
    "Position": "-6.0:77.0:63.0",
    "Name": "no_area",
    "Tags": [
      "area"
    ],
    "Neighbours": {
      "283": 4.0,
      "245": 6.4,
      "243": 8.25,
      "246": 15.26
    }
  },
  "245": {
    "Position": "-1.0:77.0:67.0",
    "Neighbours": {
      "251": 6.08,
      "244": 6.4,
      "252": 7.07,
      "254": 11.18
    }
  },
  "246": {
    "Position": "-14.0:77.0:50.0",
    "Neighbours": {
      "249": 6.08,
      "248": 8.54,
      "243": 11.18,
      "244": 15.26
    }
  },
  "247": {
    "Position": "-4.0:77.0:45.0",
    "Neighbours": {
      "250": 5.83,
      "248": 7.62,
      "243": 10.0
    }
  },
  "248": {
    "Position": "-11.0:77.0:42.0",
    "Neighbours": {
      "247": 7.62,
      "246": 8.54,
      "314": 9.43,
      "250": 10.2
    }
  },
  "249": {
    "Position": "-20.0:77.0:49.0",
    "Neighbours": {
      "246": 6.08
    }
  },
  "250": {
    "Position": "-1.0:77.0:40.0",
    "Neighbours": {
      "247": 5.83,
      "225": 9.9,
      "248": 10.2
    }
  },
  "251": {
    "Position": "0.0:77.0:61.0",
    "Neighbours": {
      "245": 6.08,
      "237": 6.71
    }
  },
  "252": {
    "Position": "4.0:77.0:72.0",
    "Neighbours": {
      "245": 7.07,
      "253": 11.0,
      "254": 11.18
    }
  },
  "253": {
    "Position": "15.0:77.0:72.0",
    "Neighbours": {
      "252": 11.0
    }
  },
  "254": {
    "Position": "-6.0:77.0:77.0",
    "Name": "Center of Village",
    "Tags": [
      "poi"
    ],
    "Neighbours": {
      "256": 8.6,
      "255": 9.22,
      "245": 11.18,
      "252": 11.18
    }
  },
  "255": {
    "Position": "-15.0:77.0:79.0",
    "Neighbours": {
      "262": 6.08,
      "256": 6.4,
      "254": 9.22
    }
  },
  "256": {
    "Position": "-11.0:77.0:84.0",
    "Neighbours": {
      "255": 6.4,
      "254": 8.6,
      "257": 8.94,
      "15": 10.3
    }
  },
  "257": {
    "Position": "-15.0:77.0:92.0",
    "Neighbours": {
      "258": 7.0,
      "256": 8.94,
      "15": 9.06,
      "259": 13.15
    }
  },
  "258": {
    "Position": "-22.0:77.0:92.0",
    "Name": "St. Jerry",
    "Tags": [
      "npc"
    ],
    "Neighbours": {
      "259": 6.32,
      "257": 7.0
    }
  },
  "259": {
    "Position": "-28.0:77.0:94.0",
    "Neighbours": {
      "260": 5.0,
      "258": 6.32,
      "257": 13.15
    }
  },
  "260": {
    "Position": "-28.0:77.0:99.0",
    "Neighbours": {
      "259": 5.0,
      "447": 5.2
    }
  },
  "261": {
    "Position": "-2.0:77.0:93.0",
    "Name": "Frosty",
    "Tags": [
      "npc"
    ],
    "Neighbours": {
      "15": 4.0,
      "7": 6.32
    }
  },
  "262": {
    "Position": "-21.0:77.0:80.0",
    "Neighbours": {
      "255": 6.08,
      "263": 11.4,
      "264": 11.7,
      "273": 14.9
    }
  },
  "263": {
    "Position": "-32.0:77.0:77.0",
    "Neighbours": {
      "264": 7.0,
      "273": 8.12,
      "265": 9.0,
      "463": 11.0,
      "262": 11.4
    }
  },
  "264": {
    "Position": "-32.0:77.0:84.0",
    "Neighbours": {
      "266": 6.71,
      "263": 7.0,
      "262": 11.7
    }
  },
  "265": {
    "Position": "-41.0:77.0:77.0",
    "Neighbours": {
      "263": 9.0
    }
  },
  "266": {
    "Position": "-37.0:75.0:88.0",
    "Neighbours": {
      "267": 5.74,
      "264": 6.71
    }
  },
  "267": {
    "Position": "-42.0:73.0:90.0",
    "Neighbours": {
      "266": 5.74,
      "268": 8.6
    }
  },
  "268": {
    "Position": "-49.0:70.0:94.0",
    "Neighbours": {
      "269": 7.68,
      "267": 8.6
    }
  },
  "269": {
    "Position": "-56.0:67.0:93.0",
    "Name": "no_area",
    "Tags": [
      "area"
    ],
    "Neighbours": {
      "268": 7.68,
      "270": 8.31
    }
  },
  "270": {
    "Position": "-63.0:65.0:89.0",
    "Name": "Sunken Jerry Pond",
    "Tags": [
      "area"
    ],
    "Neighbours": {
      "271": 7.21,
      "269": 8.31,
      "272": 8.54
    }
  },
  "271": {
    "Position": "-67.0:65.0:83.0",
    "Neighbours": {
      "270": 7.21,
      "368": 9.43,
      "272": 9.85
    }
  },
  "272": {
    "Position": "-71.0:65.0:92.0",
    "Neighbours": {
      "367": 7.28,
      "270": 8.54,
      "271": 9.85
    }
  },
  "273": {
    "Position": "-31.0:78.0:69.0",
    "Neighbours": {
      "332": 7.35,
      "263": 8.12,
      "262": 14.9
    }
  },
  "274": {
    "Position": "-16.0:77.0:63.0",
    "Name": "Einary",
    "Tags": [
      "npc"
    ],
    "Neighbours": {
      "275": 3.61,
      "283": 6.0
    }
  },
  "275": {
    "Position": "-19.0:77.0:65.0",
    "Neighbours": {
      "276": 2.0,
      "274": 3.61,
      "277": 4.12
    }
  },
  "276": {
    "Position": "-21.0:77.0:65.0",
    "Neighbours": {
      "275": 2.0,
      "278": 4.47
    }
  },
  "277": {
    "Position": "-20.0:77.0:69.0",
    "Neighbours": {
      "275": 4.12
    }
  },
  "278": {
    "Position": "-21.0:79.0:61.0",
    "Neighbours": {
      "276": 4.47,
      "279": 5.0
    }
  },
  "279": {
    "Position": "-17.0:82.0:61.0",
    "Neighbours": {
      "280": 4.24,
      "278": 5.0
    }
  },
  "280": {
    "Position": "-14.0:82.0:64.0",
    "Neighbours": {
      "281": 4.0,
      "279": 4.24
    }
  },
  "281": {
    "Position": "-18.0:82.0:64.0",
    "Neighbours": {
      "280": 4.0,
      "282": 5.0
    }
  },
  "282": {
    "Position": "-18.0:82.0:69.0",
    "Neighbours": {
      "281": 5.0
    }
  },
  "283": {
    "Position": "-10.0:77.0:63.0",
    "Name": "Einary\u0027s Emporium",
    "Tags": [
      "small_area"
    ],
    "Neighbours": {
      "244": 4.0,
      "274": 6.0
    }
  },
  "284": {
    "Position": "13.0:79.0:-6.0",
    "Neighbours": {
      "234": 6.32,
      "285": 8.06
    }
  },
  "285": {
    "Position": "21.0:79.0:-7.0",
    "Neighbours": {
      "284": 8.06,
      "286": 10.86
    }
  },
  "286": {
    "Position": "30.0:80.0:-13.0",
    "Neighbours": {
      "287": 9.27,
      "285": 10.86
    }
  },
  "287": {
    "Position": "37.0:81.0:-19.0",
    "Neighbours": {
      "288": 6.71,
      "286": 9.27
    }
  },
  "288": {
    "Position": "41.0:83.0:-24.0",
    "Neighbours": {
      "533": 5.74,
      "287": 6.71,
      "289": 10.1
    }
  },
  "289": {
    "Position": "40.0:84.0:-34.0",
    "Name": "no_area",
    "Tags": [
      "area"
    ],
    "Neighbours": {
      "290": 4.58,
      "533": 7.81,
      "288": 10.1
    }
  },
  "290": {
    "Position": "38.0:85.0:-38.0",
    "Name": "Mount Jerry",
    "Tags": [
      "area"
    ],
    "Neighbours": {
      "289": 4.58,
      "408": 7.48
    }
  },
  "291": {
    "Position": "-34.0:82.0:-25.0",
    "Neighbours": {
      "307": 6.4,
      "196": 7.35
    }
  },
  "292": {
    "Position": "-42.0:83.0:-34.0",
    "Name": "no_area",
    "Tags": [
      "area"
    ],
    "Neighbours": {
      "293": 4.12,
      "306": 5.1,
      "307": 7.28
    }
  },
  "293": {
    "Position": "-42.0:84.0:-38.0",
    "Name": "Mount Jerry",
    "Tags": [
      "area"
    ],
    "Neighbours": {
      "292": 4.12,
      "439": 5.39
    }
  },
  "294": {
    "Position": "25.0:83.0:80.0",
    "Neighbours": {
      "295": 7.35,
      "9": 8.6
    }
  },
  "295": {
    "Position": "31.0:86.0:83.0",
    "Neighbours": {
      "294": 7.35,
      "296": 10.2
    }
  },
  "296": {
    "Position": "39.0:88.0:89.0",
    "Neighbours": {
      "297": 9.27,
      "295": 10.2
    }
  },
  "297": {
    "Position": "48.0:89.0:91.0",
    "Neighbours": {
      "298": 9.06,
      "296": 9.27
    }
  },
  "298": {
    "Position": "57.0:89.0:92.0",
    "Neighbours": {
      "299": 8.66,
      "297": 9.06,
      "300": 9.22
    }
  },
  "299": {
    "Position": "64.0:88.0:97.0",
    "Neighbours": {
      "93": 4.12,
      "300": 7.35,
      "298": 8.66
    }
  },
  "300": {
    "Position": "66.0:89.0:90.0",
    "Neighbours": {
      "301": 5.74,
      "299": 7.35,
      "298": 9.22
    }
  },
  "301": {
    "Position": "70.0:90.0:86.0",
    "Neighbours": {
      "302": 5.1,
      "300": 5.74
    }
  },
  "302": {
    "Position": "74.0:91.0:83.0",
    "Neighbours": {
      "301": 5.1,
      "303": 5.74
    }
  },
  "303": {
    "Position": "78.0:92.0:79.0",
    "Neighbours": {
      "107": 5.0,
      "302": 5.74
    }
  },
  "304": {
    "Position": "56.0:103.0:55.0",
    "Name": "Gary\u0027s Shack",
    "Tags": [
      "small_area"
    ],
    "Neighbours": {
      "118": 2.45,
      "117": 5.1
    }
  },
  "305": {
    "Position": "-52.0:86.0:-33.0",
    "Name": "Mount Jerry",
    "Tags": [
      "area"
    ],
    "Neighbours": {
      "306": 6.63,
      "308": 9.43
    }
  },
  "306": {
    "Position": "-46.0:84.0:-31.0",
    "Name": "no_area",
    "Tags": [
      "area"
    ],
    "Neighbours": {
      "292": 5.1,
      "305": 6.63,
      "307": 7.28
    }
  },
  "307": {
    "Position": "-40.0:83.0:-27.0",
    "Neighbours": {
      "347": 5.92,
      "291": 6.4,
      "292": 7.28,
      "306": 7.28
    }
  },
  "308": {
    "Position": "-60.0:90.0:-36.0",
    "Neighbours": {
      "309": 6.08,
      "424": 6.4,
      "305": 9.43
    }
  },
  "309": {
    "Position": "-66.0:90.0:-37.0",
    "Neighbours": {
      "310": 4.47,
      "424": 4.47,
      "308": 6.08,
      "312": 9.0
    }
  },
  "310": {
    "Position": "-70.0:90.0:-39.0",
    "Neighbours": {
      "311": 3.0,
      "309": 4.47
    }
  },
  "311": {
    "Position": "-70.0:93.0:-39.0",
    "Neighbours": {
      "310": 3.0,
      "313": 4.12
    }
  },
  "312": {
    "Position": "-75.0:90.0:-37.0",
    "Name": "Big Head",
    "Tags": [
      "poi"
    ],
    "Neighbours": {
      "309": 9.0
    }
  },
  "313": {
    "Position": "-70.0:94.0:-43.0",
    "Neighbours": {
      "311": 4.12
    }
  },
  "314": {
    "Position": "-20.0:79.0:40.0",
    "Neighbours": {
      "315": 8.6,
      "248": 9.43
    }
  },
  "315": {
    "Position": "-27.0:79.0:35.0",
    "Name": "no_area",
    "Tags": [
      "area"
    ],
    "Neighbours": {
      "314": 8.6,
      "316": 11.4,
      "328": 11.83
    }
  },
  "316": {
    "Position": "-36.0:79.0:28.0",
    "Name": "no_area",
    "Tags": [
      "area"
    ],
    "Neighbours": {
      "317": 9.0,
      "442": 9.06,
      "329": 11.36,
      "315": 11.4
    }
  },
  "317": {
    "Position": "-44.0:78.0:24.0",
    "Name": "no_area",
    "Tags": [
      "area"
    ],
    "Neighbours": {
      "330": 8.06,
      "316": 9.0,
      "329": 9.27,
      "318": 13.08,
      "334": 14.46
    }
  },
  "318": {
    "Position": "-55.0:77.0:17.0",
    "Name": "Jerry Pond",
    "Tags": [
      "area"
    ],
    "Neighbours": {
      "319": 5.39,
      "330": 7.62,
      "334": 8.37,
      "317": 13.08
    }
  },
  "319": {
    "Position": "-60.0:77.0:15.0",
    "Neighbours": {
      "318": 5.39,
      "320": 9.43
    }
  },
  "320": {
    "Position": "-68.0:77.0:10.0",
    "Neighbours": {
      "321": 6.0,
      "319": 9.43
    }
  },
  "321": {
    "Position": "-74.0:77.0:10.0",
    "Name": "Jerry Pond",
    "Tags": [
      "area"
    ],
    "Neighbours": {
      "322": 3.0,
      "320": 6.0,
      "386": 9.22,
      "385": 13.42
    }
  },
  "322": {
    "Position": "-74.0:77.0:7.0",
    "Name": "no_area",
    "Tags": [
      "area"
    ],
    "Neighbours": {
      "323": 2.24,
      "321": 3.0
    }
  },
  "323": {
    "Position": "-72.0:77.0:6.0",
    "Neighbours": {
      "322": 2.24,
      "324": 5.2
    }
  },
  "324": {
    "Position": "-71.0:76.0:1.0",
    "Neighbours": {
      "326": 3.32,
      "323": 5.2
    }
  },
  "325": {
    "Position": "-71.0:75.0:-4.0",
    "Name": "Break Ice",
    "Tags": [
      "poi"
    ],
    "Neighbours": {
      "326": 2.24,
      "327": 4.24
    }
  },
  "326": {
    "Position": "-70.0:75.0:-1.9999999999999998",
    "Neighbours": {
      "325": 2.24,
      "324": 3.32
    }
  },
  "327": {
    "Position": "-74.0:75.0:-7.0",
    "Name": "Frozen Alex",
    "Tags": [
      "npc"
    ],
    "Neighbours": {
      "325": 4.24
    }
  },
  "328": {
    "Position": "-37.0:77.0:41.0",
    "Name": "Jerry Pond",
    "Tags": [
      "area"
    ],
    "Neighbours": {
      "331": 10.0,
      "315": 11.83,
      "329": 12.04
    }
  },
  "329": {
    "Position": "-46.0:77.0:33.0",
    "Name": "Jerry Pond",
    "Tags": [
      "area"
    ],
    "Neighbours": {
      "317": 9.27,
      "330": 10.82,
      "316": 11.36,
      "328": 12.04,
      "378": 28.46
    }
  },
  "330": {
    "Position": "-52.0:77.0:24.0",
    "Name": "Jerry Pond",
    "Tags": [
      "area"
    ],
    "Neighbours": {
      "318": 7.62,
      "317": 8.06,
      "329": 10.82
    }
  },
  "331": {
    "Position": "-37.0:77.0:51.0",
    "Name": "Jerry Pond",
    "Tags": [
      "area"
    ],
    "Neighbours": {
      "328": 10.0,
      "333": 10.0,
      "332": 11.87
    }
  },
  "332": {
    "Position": "-33.0:79.0:62.0",
    "Name": "no_area",
    "Tags": [
      "area"
    ],
    "Neighbours": {
      "273": 7.35,
      "331": 11.87,
      "333": 13.15,
      "632": 17.12
    }
  },
  "333": {
    "Position": "-45.0:77.0:57.0",
    "Name": "Jerry Pond",
    "Tags": [
      "area"
    ],
    "Neighbours": {
      "375": 9.0,
      "331": 10.0,
      "632": 12.08,
      "332": 13.15
    }
  },
  "334": {
    "Position": "-50.0:80.0:11.0",
    "Name": "no_area",
    "Tags": [
      "area"
    ],
    "Neighbours": {
      "335": 7.0,
      "318": 8.37,
      "317": 14.46
    }
  },
  "335": {
    "Position": "-53.0:82.0:5.0",
    "Name": "no_area",
    "Tags": [
      "area"
    ],
    "Neighbours": {
      "336": 5.0,
      "334": 7.0,
      "345": 10.72
    }
  },
  "336": {
    "Position": "-57.0:82.0:2.0",
    "Name": "Reflective Pond",
    "Tags": [
      "area"
    ],
    "Neighbours": {
      "335": 5.0,
      "343": 5.1,
      "337": 10.05
    }
  },
  "337": {
    "Position": "-67.0:82.0:3.0",
    "Neighbours": {
      "338": 9.49,
      "336": 10.05
    }
  },
  "338": {
    "Position": "-76.0:82.0:0.0",
    "Name": "Reflective Pond",
    "Tags": [
      "area"
    ],
    "Neighbours": {
      "388": 7.14,
      "339": 7.62,
      "337": 9.49
    }
  },
  "339": {
    "Position": "-79.0:82.0:-7.0",
    "Name": "Reflective Pond",
    "Tags": [
      "area"
    ],
    "Neighbours": {
      "344": 7.07,
      "338": 7.62,
      "340": 11.4
    }
  },
  "340": {
    "Position": "-70.0:82.0:-14.0",
    "Neighbours": {
      "341": 5.39,
      "339": 11.4
    }
  },
  "341": {
    "Position": "-65.0:82.0:-16.0",
    "Neighbours": {
      "340": 5.39,
      "342": 5.66
    }
  },
  "342": {
    "Position": "-61.0:82.0:-12.0",
    "Neighbours": {
      "341": 5.66,
      "343": 10.3
    }
  },
  "343": {
    "Position": "-56.0:82.0:-3.0",
    "Name": "Reflective Pond",
    "Tags": [
      "area"
    ],
    "Neighbours": {
      "336": 5.1,
      "345": 8.6,
      "342": 10.3
    }
  },
  "344": {
    "Position": "-86.0:81.0:-7.0",
    "Name": "no_area",
    "Tags": [
      "area"
    ],
    "Neighbours": {
      "339": 7.07,
      "351": 7.87
    }
  },
  "345": {
    "Position": "-48.0:85.0:-4.0",
    "Name": "no_area",
    "Tags": [
      "area"
    ],
    "Neighbours": {
      "346": 6.08,
      "343": 8.6,
      "335": 10.72
    }
  },
  "346": {
    "Position": "-42.0:85.0:-5.0",
    "Neighbours": {
      "345": 6.08,
      "349": 11.58,
      "348": 12.21,
      "350": 12.65
    }
  },
  "347": {
    "Position": "-43.0:84.0:-22.0",
    "Neighbours": {
      "348": 5.83,
      "307": 5.92
    }
  },
  "348": {
    "Position": "-40.0:84.0:-17.0",
    "Neighbours": {
      "347": 5.83,
      "346": 12.21,
      "350": 12.85,
      "349": 20.27
    }
  },
  "349": {
    "Position": "-33.0:83.0:2.0",
    "Neighbours": {
      "444": 7.07,
      "443": 9.27,
      "346": 11.58,
      "350": 11.58,
      "348": 20.27
    }
  },
  "350": {
    "Position": "-30.0:85.0:-9.0",
    "Neighbours": {
      "349": 11.58,
      "346": 12.65,
      "348": 12.85
    }
  },
  "351": {
    "Position": "-93.0:79.0:-4.0",
    "Neighbours": {
      "352": 7.68,
      "344": 7.87
    }
  },
  "352": {
    "Position": "-98.0:76.0:1.0",
    "Neighbours": {
      "353": 7.35,
      "351": 7.68
    }
  },
  "353": {
    "Position": "-101.0:73.0:7.0",
    "Neighbours": {
      "352": 7.35,
      "354": 9.43
    }
  },
  "354": {
    "Position": "-103.0:71.0:16.0",
    "Neighbours": {
      "355": 6.78,
      "353": 9.43
    }
  },
  "355": {
    "Position": "-104.0:68.0:22.0",
    "Neighbours": {
      "359": 6.4,
      "354": 6.78
    }
  },
  "356": {
    "Position": "-105.0:66.0:35.0",
    "Name": "Sunken Jerry Pond",
    "Tags": [
      "area"
    ],
    "Neighbours": {
      "359": 7.0,
      "357": 8.6,
      "358": 10.34,
      "372": 16.58
    }
  },
  "357": {
    "Position": "-97.0:65.0:38.0",
    "Neighbours": {
      "374": 5.0,
      "373": 5.1,
      "356": 8.6,
      "358": 17.12
    }
  },
  "358": {
    "Position": "-114.0:65.0:40.0",
    "Neighbours": {
      "356": 10.34,
      "360": 12.08,
      "357": 17.12
    }
  },
  "359": {
    "Position": "-105.0:66.0:28.0",
    "Name": "no_area",
    "Tags": [
      "area"
    ],
    "Neighbours": {
      "355": 6.4,
      "356": 7.0
    }
  },
  "360": {
    "Position": "-119.0:65.0:51.0",
    "Neighbours": {
      "361": 11.18,
      "358": 12.08
    }
  },
  "361": {
    "Position": "-114.0:65.0:61.0",
    "Neighbours": {
      "360": 11.18,
      "362": 12.81
    }
  },
  "362": {
    "Position": "-104.0:65.0:69.0",
    "Neighbours": {
      "363": 10.77,
      "361": 12.81
    }
  },
  "363": {
    "Position": "-100.0:65.0:79.0",
    "Neighbours": {
      "364": 10.05,
      "362": 10.77
    }
  },
  "364": {
    "Position": "-101.0:65.0:89.0",
    "Neighbours": {
      "365": 9.22,
      "363": 10.05
    }
  },
  "365": {
    "Position": "-95.0:65.0:96.0",
    "Neighbours": {
      "366": 8.0,
      "364": 9.22
    }
  },
  "366": {
    "Position": "-87.0:65.0:96.0",
    "Neighbours": {
      "365": 8.0,
      "367": 9.22
    }
  },
  "367": {
    "Position": "-78.0:65.0:94.0",
    "Neighbours": {
      "272": 7.28,
      "366": 9.22
    }
  },
  "368": {
    "Position": "-72.0:65.0:75.0",
    "Neighbours": {
      "271": 9.43,
      "369": 13.0
    }
  },
  "369": {
    "Position": "-84.0:65.0:70.0",
    "Neighbours": {
      "370": 9.43,
      "368": 13.0
    }
  },
  "370": {
    "Position": "-92.0:65.0:65.0",
    "Neighbours": {
      "371": 8.6,
      "369": 9.43
    }
  },
  "371": {
    "Position": "-97.0:65.0:58.0",
    "Neighbours": {
      "372": 8.06,
      "370": 8.6
    }
  },
  "372": {
    "Position": "-98.0:65.0:50.0",
    "Neighbours": {
      "373": 7.28,
      "371": 8.06,
      "356": 16.58
    }
  },
  "373": {
    "Position": "-96.0:65.0:43.0",
    "Neighbours": {
      "357": 5.1,
      "374": 6.4,
      "372": 7.28
    }
  },
  "374": {
    "Position": "-92.0:65.0:38.0",
    "Neighbours": {
      "357": 5.0,
      "373": 6.4
    }
  },
  "375": {
    "Position": "-54.0:77.0:57.0",
    "Name": "Jerry Pond",
    "Tags": [
      "area"
    ],
    "Neighbours": {
      "376": 8.06,
      "333": 9.0
    }
  },
  "376": {
    "Position": "-61.0:77.0:53.0",
    "Neighbours": {
      "375": 8.06,
      "377": 9.22
    }
  },
  "377": {
    "Position": "-68.0:77.0:47.0",
    "Neighbours": {
      "378": 7.07,
      "376": 9.22
    }
  },
  "378": {
    "Position": "-73.0:77.0:42.0",
    "Neighbours": {
      "377": 7.07,
      "379": 8.06,
      "381": 15.65,
      "329": 28.46
    }
  },
  "379": {
    "Position": "-80.0:77.0:38.0",
    "Neighbours": {
      "380": 7.62,
      "378": 8.06
    }
  },
  "380": {
    "Position": "-87.0:77.0:35.0",
    "Neighbours": {
      "379": 7.62,
      "381": 9.9
    }
  },
  "381": {
    "Position": "-80.0:77.0:28.0",
    "Neighbours": {
      "382": 3.0,
      "385": 6.0,
      "380": 9.9,
      "378": 15.65
    }
  },
  "382": {
    "Position": "-83.0:77.0:28.0",
    "Name": "Jerry Pond",
    "Tags": [
      "area"
    ],
    "Neighbours": {
      "383": 2.24,
      "381": 3.0
    }
  },
  "383": {
    "Position": "-84.0:79.0:28.0",
    "Name": "Terry\u0027s Shack",
    "Tags": [
      "small_area"
    ],
    "Neighbours": {
      "382": 2.24,
      "384": 4.47
    }
  },
  "384": {
    "Position": "-88.0:79.0:26.0",
    "Neighbours": {
      "383": 4.47
    }
  },
  "385": {
    "Position": "-80.0:77.0:22.0",
    "Neighbours": {
      "381": 6.0,
      "386": 6.08,
      "321": 13.42
    }
  },
  "386": {
    "Position": "-81.0:77.0:16.0",
    "Name": "Jerry Pond",
    "Tags": [
      "area"
    ],
    "Neighbours": {
      "385": 6.08,
      "468": 6.16,
      "387": 6.56,
      "321": 9.22
    }
  },
  "387": {
    "Position": "-84.0:80.0:11.0",
    "Name": "no_area",
    "Tags": [
      "area"
    ],
    "Neighbours": {
      "468": 3.61,
      "386": 6.56,
      "388": 7.35
    }
  },
  "388": {
    "Position": "-81.0:83.0:5.0",
    "Name": "no_area",
    "Tags": [
      "area"
    ],
    "Neighbours": {
      "338": 7.14,
      "387": 7.35
    }
  },
  "389": {
    "Position": "-8.0:121.0:-85.0",
    "Neighbours": {
      "391": 5.0,
      "390": 6.16
    }
  },
  "390": {
    "Position": "-7.0:120.0:-91.0",
    "Neighbours": {
      "433": 5.2,
      "389": 6.16,
      "392": 6.32
    }
  },
  "391": {
    "Position": "-8.0:121.0:-80.0",
    "Name": "Inside Mount Jerry",
    "Tags": [
      "poi"
    ],
    "Neighbours": {
      "389": 5.0
    }
  },
  "392": {
    "Position": "-0.9999999999999999:118.0:-91.0",
    "Neighbours": {
      "390": 6.32,
      "393": 7.62
    }
  },
  "393": {
    "Position": "6.0:118.0:-88.0",
    "Neighbours": {
      "394": 5.92,
      "392": 7.62
    }
  },
  "394": {
    "Position": "11.0:117.0:-85.0",
    "Neighbours": {
      "393": 5.92,
      "395": 7.55
    }
  },
  "395": {
    "Position": "13.0:115.0:-78.0",
    "Neighbours": {
      "396": 6.16,
      "394": 7.55
    }
  },
  "396": {
    "Position": "18.0:112.0:-76.0",
    "Neighbours": {
      "397": 4.36,
      "395": 6.16
    }
  },
  "397": {
    "Position": "19.0:109.0:-79.0",
    "Neighbours": {
      "396": 4.36,
      "398": 6.78
    }
  },
  "398": {
    "Position": "20.0:106.0:-85.0",
    "Neighbours": {
      "399": 5.83,
      "397": 6.78,
      "409": 9.06
    }
  },
  "399": {
    "Position": "24.0:103.0:-88.0",
    "Neighbours": {
      "398": 5.83,
      "400": 7.68,
      "409": 8.6
    }
  },
  "400": {
    "Position": "31.0:102.0:-85.0",
    "Neighbours": {
      "399": 7.68,
      "401": 8.25
    }
  },
  "401": {
    "Position": "37.0:98.0:-81.0",
    "Neighbours": {
      "400": 8.25,
      "402": 9.43
    }
  },
  "402": {
    "Position": "44.0:96.0:-75.0",
    "Neighbours": {
      "403": 8.37,
      "401": 9.43
    }
  },
  "403": {
    "Position": "49.0:93.0:-69.0",
    "Neighbours": {
      "402": 8.37,
      "404": 8.66
    }
  },
  "404": {
    "Position": "54.0:92.0:-62.0",
    "Neighbours": {
      "405": 6.63,
      "403": 8.66
    }
  },
  "405": {
    "Position": "56.0:90.0:-56.0",
    "Name": "Mount Jerry",
    "Tags": [
      "area"
    ],
    "Neighbours": {
      "404": 6.63,
      "406": 7.81,
      "524": 8.12
    }
  },
  "406": {
    "Position": "51.0:90.0:-50.0",
    "Name": "Mount Jerry",
    "Tags": [
      "area"
    ],
    "Neighbours": {
      "407": 6.16,
      "524": 6.4,
      "405": 7.81
    }
  },
  "407": {
    "Position": "46.0:88.0:-47.0",
    "Neighbours": {
      "408": 5.1,
      "406": 6.16
    }
  },
  "408": {
    "Position": "42.0:87.0:-44.0",
    "Neighbours": {
      "407": 5.1,
      "290": 7.48
    }
  },
  "409": {
    "Position": "17.0:103.0:-93.0",
    "Neighbours": {
      "410": 5.83,
      "399": 8.6,
      "398": 9.06
    }
  },
  "410": {
    "Position": "12.0:103.0:-96.0",
    "Neighbours": {
      "409": 5.83,
      "411": 7.28
    }
  },
  "411": {
    "Position": "5.0:103.0:-98.0",
    "Neighbours": {
      "410": 7.28,
      "412": 7.35
    }
  },
  "412": {
    "Position": "-2.0:102.0:-100.0",
    "Neighbours": {
      "411": 7.35,
      "413": 9.06
    }
  },
  "413": {
    "Position": "-11.0:102.0:-99.0",
    "Neighbours": {
      "414": 7.28,
      "412": 9.06
    }
  },
  "414": {
    "Position": "-18.0:102.0:-97.0",
    "Neighbours": {
      "413": 7.28,
      "415": 8.31
    }
  },
  "415": {
    "Position": "-26.0:103.0:-95.0",
    "Neighbours": {
      "414": 8.31,
      "416": 9.0
    }
  },
  "416": {
    "Position": "-34.0:104.0:-91.0",
    "Neighbours": {
      "415": 9.0,
      "417": 10.0
    }
  },
  "417": {
    "Position": "-42.0:104.0:-85.0",
    "Neighbours": {
      "425": 3.74,
      "418": 8.66,
      "416": 10.0
    }
  },
  "418": {
    "Position": "-47.0:103.0:-78.0",
    "Neighbours": {
      "419": 8.37,
      "417": 8.66
    }
  },
  "419": {
    "Position": "-52.0:100.0:-72.0",
    "Neighbours": {
      "418": 8.37,
      "420": 9.64
    }
  },
  "420": {
    "Position": "-57.0:98.0:-64.0",
    "Neighbours": {
      "421": 9.43,
      "419": 9.64
    }
  },
  "421": {
    "Position": "-63.0:96.0:-57.0",
    "Neighbours": {
      "422": 6.16,
      "420": 9.43
    }
  },
  "422": {
    "Position": "-66.0:94.0:-52.0",
    "Neighbours": {
      "421": 6.16,
      "423": 7.0
    }
  },
  "423": {
    "Position": "-68.0:91.0:-46.0",
    "Neighbours": {
      "424": 6.48,
      "422": 7.0
    }
  },
  "424": {
    "Position": "-64.0:90.0:-41.0",
    "Neighbours": {
      "309": 4.47,
      "308": 6.4,
      "423": 6.48
    }
  },
  "425": {
    "Position": "-40.0:105.0:-82.0",
    "Neighbours": {
      "417": 3.74,
      "426": 5.92
    }
  },
  "426": {
    "Position": "-39.0:108.0:-77.0",
    "Neighbours": {
      "427": 3.74,
      "425": 5.92
    }
  },
  "427": {
    "Position": "-38.0:110.0:-74.0",
    "Neighbours": {
      "426": 3.74,
      "428": 4.69
    }
  },
  "428": {
    "Position": "-35.0:112.0:-77.0",
    "Neighbours": {
      "427": 4.69,
      "429": 5.74
    }
  },
  "429": {
    "Position": "-33.0:114.0:-82.0",
    "Neighbours": {
      "430": 4.69,
      "428": 5.74
    }
  },
  "430": {
    "Position": "-30.0:116.0:-85.0",
    "Neighbours": {
      "429": 4.69,
      "431": 5.74
    }
  },
  "431": {
    "Position": "-25.0:118.0:-87.0",
    "Neighbours": {
      "430": 5.74,
      "432": 6.78
    }
  },
  "432": {
    "Position": "-19.0:119.0:-90.0",
    "Neighbours": {
      "431": 6.78,
      "433": 7.28
    }
  },
  "433": {
    "Position": "-12.0:119.0:-92.0",
    "Neighbours": {
      "390": 5.2,
      "432": 7.28
    }
  },
  "434": {
    "Position": "48.0:77.0:52.0",
    "Neighbours": {
      "81": 4.0,
      "435": 4.0
    }
  },
  "435": {
    "Position": "48.0:81.0:52.0",
    "Neighbours": {
      "436": 2.45,
      "434": 4.0
    }
  },
  "436": {
    "Position": "49.0:82.0:50.0",
    "Name": "Maaike",
    "Tags": [
      "npc"
    ],
    "Neighbours": {
      "435": 2.45
    }
  },
  "437": {
    "Position": "73.0:80.0:35.0",
    "Neighbours": {
      "71": 2.24,
      "72": 3.61
    }
  },
  "438": {
    "Position": "52.0:82.0:26.0",
    "Neighbours": {
      "213": 3.74,
      "214": 4.47
    }
  },
  "439": {
    "Position": "-39.0:86.0:-42.0",
    "Neighbours": {
      "440": 5.1,
      "293": 5.39
    }
  },
  "440": {
    "Position": "-36.0:87.0:-46.0",
    "Neighbours": {
      "439": 5.1,
      "441": 5.39
    }
  },
  "441": {
    "Position": "-33.0:89.0:-50.0",
    "Neighbours": {
      "440": 5.39
    }
  },
  "442": {
    "Position": "-35.0:79.0:19.0",
    "Neighbours": {
      "443": 8.31,
      "316": 9.06
    }
  },
  "443": {
    "Position": "-34.0:81.0:11.0",
    "Neighbours": {
      "442": 8.31,
      "349": 9.27
    }
  },
  "444": {
    "Position": "-26.0:83.0:3.0",
    "Neighbours": {
      "445": 6.78,
      "349": 7.07
    }
  },
  "445": {
    "Position": "-20.0:80.0:4.0",
    "Neighbours": {
      "444": 6.78,
      "446": 7.35
    }
  },
  "446": {
    "Position": "-13.0:79.0:6.0",
    "Neighbours": {
      "445": 7.35,
      "228": 9.43
    }
  },
  "447": {
    "Position": "-23.0:78.0:100.0",
    "Neighbours": {
      "260": 5.2
    }
  },
  "448": {
    "Position": "0.0:77.0:101.0",
    "Neighbours": {
      "449": 3.32,
      "0": 5.1,
      "624": 6.08,
      "1": 8.6
    }
  },
  "449": {
    "Position": "1.0:78.0:104.0",
    "Name": "Big Tree",
    "Tags": [
      "poi"
    ],
    "Neighbours": {
      "448": 3.32,
      "11": 3.74,
      "450": 6.16
    }
  },
  "450": {
    "Position": "2.0:79.0:110.0",
    "Neighbours": {
      "451": 5.74,
      "449": 6.16
    }
  },
  "451": {
    "Position": "-2.0:80.0:114.0",
    "Neighbours": {
      "452": 4.24,
      "450": 5.74
    }
  },
  "452": {
    "Position": "-6.0:81.0:113.0",
    "Neighbours": {
      "451": 4.24,
      "453": 5.39
    }
  },
  "453": {
    "Position": "-11.0:81.0:111.0",
    "Neighbours": {
      "454": 4.24,
      "452": 5.39
    }
  },
  "454": {
    "Position": "-14.0:81.0:108.0",
    "Neighbours": {
      "455": 3.0,
      "453": 4.24
    }
  },
  "455": {
    "Position": "-16.0:83.0:107.0",
    "Neighbours": {
      "454": 3.0,
      "456": 3.32,
      "600": 3.74
    }
  },
  "456": {
    "Position": "-15.0:86.0:106.0",
    "Neighbours": {
      "455": 3.32,
      "600": 4.12,
      "457": 4.47
    }
  },
  "457": {
    "Position": "-13.0:86.0:110.0",
    "Neighbours": {
      "458": 2.45,
      "456": 4.47
    }
  },
  "458": {
    "Position": "-14.0:85.0:112.0",
    "Neighbours": {
      "457": 2.45,
      "459": 4.12
    }
  },
  "459": {
    "Position": "-14.0:84.0:116.0",
    "Neighbours": {
      "458": 4.12,
      "460": 4.12
    }
  },
  "460": {
    "Position": "-11.0:86.0:114.0",
    "Neighbours": {
      "461": 3.61,
      "459": 4.12
    }
  },
  "461": {
    "Position": "-11.0:88.0:117.0",
    "Neighbours": {
      "462": 3.32,
      "460": 3.61,
      "459": 5.1
    }
  },
  "462": {
    "Position": "-10.0:91.0:116.0",
    "Neighbours": {
      "473": 2.45,
      "461": 3.32,
      "476": 4.9
    }
  },
  "463": {
    "Position": "-32.0:88.0:77.0",
    "Neighbours": {
      "464": 5.0,
      "263": 11.0
    }
  },
  "464": {
    "Position": "-37.0:88.0:77.0",
    "Neighbours": {
      "633": 4.58,
      "463": 5.0,
      "466": 5.0
    }
  },
  "465": {
    "Position": "-44.0:89.0:77.0",
    "Name": "Fairy Soul",
    "Tags": [
      "fairy_soul"
    ],
    "Neighbours": {
      "631": 3.32,
      "466": 3.61
    }
  },
  "466": {
    "Position": "-41.0:91.0:77.0",
    "Neighbours": {
      "465": 3.61,
      "464": 5.0,
      "635": 6.08,
      "467": 9.06
    }
  },
  "467": {
    "Position": "-41.0:90.0:68.0",
    "Neighbours": {
      "466": 9.06,
      "632": 12.81,
      "332": 14.87
    }
  },
  "468": {
    "Position": "-86.0:80.0:14.0",
    "Name": "no_area",
    "Tags": [
      "area"
    ],
    "Neighbours": {
      "469": 2.45,
      "387": 3.61,
      "386": 6.16
    }
  },
  "469": {
    "Position": "-88.0:81.0:13.0",
    "Neighbours": {
      "468": 2.45,
      "470": 4.47
    }
  },
  "470": {
    "Position": "-92.0:83.0:13.0",
    "Neighbours": {
      "471": 3.74,
      "469": 4.47
    }
  },
  "471": {
    "Position": "-95.0:81.0:14.0",
    "Neighbours": {
      "470": 3.74,
      "472": 6.78
    }
  },
  "472": {
    "Position": "-96.0:78.0:20.0",
    "Name": "Fairy Soul",
    "Tags": [
      "fairy_soul"
    ],
    "Neighbours": {
      "471": 6.78,
      "354": 10.68,
      "355": 12.96
    }
  },
  "473": {
    "Position": "-8.0:90.0:115.0",
    "Neighbours": {
      "462": 2.45,
      "474": 3.16
    }
  },
  "474": {
    "Position": "-5.0:90.0:116.0",
    "Neighbours": {
      "473": 3.16,
      "475": 5.2
    }
  },
  "475": {
    "Position": "-0.0:89.0:115.0",
    "Neighbours": {
      "474": 5.2
    }
  },
  "476": {
    "Position": "-14.0:89.0:114.0",
    "Neighbours": {
      "477": 3.0,
      "461": 4.36,
      "462": 4.9,
      "459": 5.39
    }
  },
  "477": {
    "Position": "-15.0:91.0:112.0",
    "Neighbours": {
      "478": 2.45,
      "476": 3.0
    }
  },
  "478": {
    "Position": "-14.0:90.0:110.0",
    "Neighbours": {
      "477": 2.45,
      "479": 4.12
    }
  },
  "479": {
    "Position": "-15.0:90.0:106.0",
    "Neighbours": {
      "518": 3.16,
      "478": 4.12,
      "480": 4.69
    }
  },
  "480": {
    "Position": "-12.0:92.0:103.0",
    "Neighbours": {
      "482": 3.32,
      "479": 4.69
    }
  },
  "481": {
    "Position": "-7.0:92.0:102.0",
    "Neighbours": {
      "482": 2.24,
      "489": 2.24,
      "483": 3.0
    }
  },
  "482": {
    "Position": "-9.0:91.0:102.0",
    "Neighbours": {
      "481": 2.24,
      "480": 3.32,
      "626": 4.69
    }
  },
  "483": {
    "Position": "-5.0:90.0:101.0",
    "Neighbours": {
      "489": 2.83,
      "481": 3.0,
      "484": 3.32
    }
  },
  "484": {
    "Position": "-2.0:91.0:102.0",
    "Neighbours": {
      "483": 3.32,
      "485": 3.32
    }
  },
  "485": {
    "Position": "1.0000000000000002:90.0:103.0",
    "Neighbours": {
      "484": 3.32,
      "486": 3.61,
      "609": 4.24
    }
  },
  "486": {
    "Position": "1.0000000000000002:92.0:106.0",
    "Neighbours": {
      "487": 2.45,
      "485": 3.61
    }
  },
  "487": {
    "Position": "6.123233995736765E-17:93.0:104.0",
    "Neighbours": {
      "486": 2.45,
      "488": 4.0
    }
  },
  "488": {
    "Position": "0.0:93.0:100.0",
    "Neighbours": {
      "517": 2.0,
      "485": 4.36
    }
  },
  "489": {
    "Position": "-5.0:92.0:103.0",
    "Neighbours": {
      "491": 1.41,
      "481": 2.24,
      "483": 2.83
    }
  },
  "490": {
    "Position": "-4.0:94.0:105.0",
    "Neighbours": {
      "491": 2.24,
      "492": 2.83
    }
  },
  "491": {
    "Position": "-4.0:93.0:103.0",
    "Neighbours": {
      "489": 1.41,
      "490": 2.24
    }
  },
  "492": {
    "Position": "-6.0:96.0:105.0",
    "Neighbours": {
      "490": 2.83,
      "493": 4.0
    }
  },
  "493": {
    "Position": "-2.0:96.0:105.0",
    "Neighbours": {
      "494": 2.24,
      "492": 4.0
    }
  },
  "494": {
    "Position": "-1.9999999999999998:97.0:107.0",
    "Neighbours": {
      "493": 2.24,
      "495": 2.45
    }
  },
  "495": {
    "Position": "3.6739403974420594E-16:98.0:108.0",
    "Neighbours": {
      "598": 2.24,
      "494": 2.45,
      "496": 2.45
    }
  },
  "496": {
    "Position": "0.9999999999999999:99.0:106.0",
    "Neighbours": {
      "495": 2.45,
      "497": 2.45
    }
  },
  "497": {
    "Position": "-1.224646799147353E-16:101.0:105.0",
    "Neighbours": {
      "496": 2.45,
      "498": 2.83,
      "500": 3.16
    }
  },
  "498": {
    "Position": "-1.9999999999999998:103.0:105.0",
    "Neighbours": {
      "566": 1.41,
      "497": 2.83,
      "499": 4.58
    }
  },
  "499": {
    "Position": "2.0:104.0:107.0",
    "Neighbours": {
      "497": 4.12,
      "498": 4.58
    }
  },
  "500": {
    "Position": "-1.0:101.0:102.0",
    "Neighbours": {
      "501": 2.83,
      "497": 3.16,
      "488": 8.31
    }
  },
  "501": {
    "Position": "-3.0:101.0:100.0",
    "Neighbours": {
      "503": 2.0,
      "500": 2.83
    }
  },
  "502": {
    "Position": "-8.0:101.0:102.0",
    "Neighbours": {
      "504": 3.0,
      "503": 3.61
    }
  },
  "503": {
    "Position": "-5.0:101.0:100.0",
    "Neighbours": {
      "501": 2.0,
      "502": 3.61
    }
  },
  "504": {
    "Position": "-10.0:102.0:104.0",
    "Neighbours": {
      "502": 3.0,
      "505": 3.32
    }
  },
  "505": {
    "Position": "-11.0:101.0:107.0",
    "Neighbours": {
      "504": 3.32,
      "506": 4.47
    }
  },
  "506": {
    "Position": "-11.0:103.0:111.0",
    "Neighbours": {
      "507": 3.61,
      "505": 4.47
    }
  },
  "507": {
    "Position": "-8.0:103.0:113.0",
    "Neighbours": {
      "506": 3.61,
      "509": 4.12,
      "508": 5.0
    }
  },
  "508": {
    "Position": "-4.0:106.0:113.0",
    "Neighbours": {
      "507": 5.0
    }
  },
  "509": {
    "Position": "-9.0:103.0:109.0",
    "Neighbours": {
      "510": 3.74,
      "507": 4.12
    }
  },
  "510": {
    "Position": "-12.0:105.0:108.0",
    "Neighbours": {
      "557": 2.45,
      "509": 3.74,
      "511": 4.24
    }
  },
  "511": {
    "Position": "-13.0:106.0:112.0",
    "Neighbours": {
      "512": 2.45,
      "510": 4.24
    }
  },
  "512": {
    "Position": "-11.0:107.0:111.0",
    "Neighbours": {
      "511": 2.45,
      "513": 2.83
    }
  },
  "513": {
    "Position": "-11.0:109.0:109.0",
    "Neighbours": {
      "512": 2.83,
      "514": 3.16,
      "516": 3.16
    }
  },
  "514": {
    "Position": "-8.0:110.0:109.0",
    "Neighbours": {
      "515": 2.0,
      "513": 3.16
    }
  },
  "515": {
    "Position": "-8.0:110.0:107.0",
    "Name": "Fairy Soul",
    "Tags": [
      "fairy_soul"
    ],
    "Neighbours": {
      "514": 2.0
    }
  },
  "516": {
    "Position": "-11.0:110.0:106.0",
    "Neighbours": {
      "513": 3.16
    }
  },
  "517": {
    "Position": "-1.1102230246251565E-16:93.0:98.0",
    "Neighbours": {
      "7": 17.92
    }
  },
  "518": {
    "Position": "-15.0:89.0:103.0",
    "Neighbours": {
      "479": 3.16,
      "626": 5.74,
      "257": 16.28
    }
  },
  "519": {
    "Position": "62.0:103.0:56.0",
    "Neighbours": {
      "117": 4.58,
      "520": 5.83,
      "116": 7.48
    }
  },
  "520": {
    "Position": "59.0:106.0:60.0",
    "Neighbours": {
      "521": 5.0,
      "519": 5.83
    }
  },
  "521": {
    "Position": "59.0:110.0:63.0",
    "Neighbours": {
      "522": 3.61,
      "549": 4.69,
      "520": 5.0,
      "548": 5.39
    }
  },
  "522": {
    "Position": "57.0:110.0:66.0",
    "Neighbours": {
      "523": 2.45,
      "548": 3.46,
      "521": 3.61
    }
  },
  "523": {
    "Position": "55.0:109.0:65.0",
    "Name": "Fairy Soul",
    "Tags": [
      "fairy_soul"
    ],
    "Neighbours": {
      "522": 2.45
    }
  },
  "524": {
    "Position": "57.0:91.0:-48.0",
    "Name": "no_area",
    "Tags": [
      "area"
    ],
    "Neighbours": {
      "525": 5.39,
      "406": 6.4,
      "405": 8.12
    }
  },
  "525": {
    "Position": "61.0:93.0:-45.0",
    "Neighbours": {
      "526": 3.74,
      "524": 5.39
    }
  },
  "526": {
    "Position": "63.0:94.0:-42.0",
    "Neighbours": {
      "525": 3.74,
      "527": 7.07
    }
  },
  "527": {
    "Position": "63.0:95.0:-35.0",
    "Neighbours": {
      "538": 5.0,
      "526": 7.07,
      "528": 7.55
    }
  },
  "528": {
    "Position": "67.0:99.0:-30.0",
    "Neighbours": {
      "529": 4.47,
      "538": 5.66,
      "527": 7.55
    }
  },
  "529": {
    "Position": "71.0:101.0:-30.0",
    "Neighbours": {
      "528": 4.47,
      "530": 5.1
    }
  },
  "530": {
    "Position": "72.0:104.0:-26.0",
    "Neighbours": {
      "531": 4.36,
      "529": 5.1
    }
  },
  "531": {
    "Position": "73.0:107.0:-23.0",
    "Neighbours": {
      "530": 4.36,
      "532": 5.92
    }
  },
  "532": {
    "Position": "74.0:110.0:-18.0",
    "Name": "Fairy Soul",
    "Tags": [
      "fairy_soul"
    ],
    "Neighbours": {
      "539": 3.16,
      "531": 5.92
    }
  },
  "533": {
    "Position": "45.0:84.0:-28.0",
    "Neighbours": {
      "534": 5.39,
      "288": 5.74,
      "289": 7.81
    }
  },
  "534": {
    "Position": "50.0:86.0:-28.0",
    "Neighbours": {
      "533": 5.39,
      "535": 6.08
    }
  },
  "535": {
    "Position": "50.0:87.0:-22.0",
    "Neighbours": {
      "536": 5.39,
      "534": 6.08,
      "288": 10.05
    }
  },
  "536": {
    "Position": "55.0:89.0:-22.0",
    "Neighbours": {
      "535": 5.39,
      "537": 7.0
    }
  },
  "537": {
    "Position": "58.0:91.0:-28.0",
    "Neighbours": {
      "538": 6.71,
      "536": 7.0
    }
  },
  "538": {
    "Position": "63.0:95.0:-30.0",
    "Neighbours": {
      "527": 5.0,
      "528": 5.66,
      "537": 6.71
    }
  },
  "539": {
    "Position": "74.0:111.0:-15.0",
    "Neighbours": {
      "532": 3.16,
      "540": 6.48
    }
  },
  "540": {
    "Position": "75.0:107.0:-10.0",
    "Neighbours": {
      "541": 7.48
    }
  },
  "541": {
    "Position": "77.0:101.0:-6.0",
    "Neighbours": {
      "542": 8.94
    }
  },
  "542": {
    "Position": "77.0:93.0:-2.0",
    "Neighbours": {
      "543": 4.12,
      "544": 5.48,
      "545": 6.48
    }
  },
  "543": {
    "Position": "79.0:90.0:0.0",
    "Name": "no_area",
    "Tags": [
      "area"
    ],
    "Neighbours": {
      "140": 6.16
    }
  },
  "544": {
    "Position": "72.0:95.0:-3.0",
    "Neighbours": {
      "545": 5.1,
      "542": 5.48
    }
  },
  "545": {
    "Position": "72.0:94.0:2.0",
    "Neighbours": {
      "546": 3.74,
      "544": 5.1,
      "542": 6.48
    }
  },
  "546": {
    "Position": "70.0:93.0:5.0",
    "Neighbours": {
      "545": 3.74,
      "134": 8.72,
      "133": 9.38
    }
  },
  "547": {
    "Position": "64.0:112.0:71.0",
    "Neighbours": {
      "551": 3.61,
      "549": 5.39,
      "548": 5.83
    }
  },
  "548": {
    "Position": "59.0:112.0:68.0",
    "Neighbours": {
      "522": 3.46,
      "521": 5.39,
      "547": 5.83
    }
  },
  "549": {
    "Position": "62.0:112.0:66.0",
    "Neighbours": {
      "521": 4.69,
      "547": 5.39
    }
  },
  "550": {
    "Position": "63.0:103.0:78.0",
    "Neighbours": {
      "553": 6.4,
      "552": 8.06
    }
  },
  "551": {
    "Position": "64.0:110.0:74.0",
    "Neighbours": {
      "550": 8.12
    }
  },
  "552": {
    "Position": "65.0:97.0:83.0",
    "Neighbours": {
      "300": 10.68
    }
  },
  "553": {
    "Position": "69.0:101.0:77.0",
    "Neighbours": {
      "554": 5.74
    }
  },
  "554": {
    "Position": "73.0:97.0:78.0",
    "Neighbours": {
      "303": 7.14
    }
  },
  "555": {
    "Position": "-11.0:77.0:114.0",
    "Neighbours": {
      "13": 4.47
    }
  },
  "556": {
    "Position": "-9.0:77.0:109.0",
    "Neighbours": {
      "13": 3.61
    }
  },
  "557": {
    "Position": "-14.0:104.0:107.0",
    "Neighbours": {
      "518": 15.56
    }
  },
  "558": {
    "Position": "46.0:97.0:36.0",
    "Neighbours": {
      "560": 3.61,
      "126": 6.16
    }
  },
  "559": {
    "Position": "46.0:88.0:28.0",
    "Neighbours": {
      "215": 8.72
    }
  },
  "560": {
    "Position": "46.0:94.0:34.0",
    "Neighbours": {
      "559": 8.49
    }
  },
  "561": {
    "Position": "49.0:87.0:-3.0",
    "Neighbours": {
      "139": 7.28,
      "562": 8.49
    }
  },
  "562": {
    "Position": "41.0:85.0:-5.0",
    "Neighbours": {
      "563": 5.66,
      "564": 8.06,
      "561": 8.49
    }
  },
  "563": {
    "Position": "37.0:85.0:-9.0",
    "Neighbours": {
      "562": 5.66,
      "564": 8.54,
      "286": 9.49,
      "287": 10.77
    }
  },
  "564": {
    "Position": "34.0:85.0:-1.0",
    "Neighbours": {
      "562": 8.06,
      "563": 8.54
    }
  },
  "565": {
    "Position": "-3.0:105.0:101.0",
    "Neighbours": {
      "567": 3.16,
      "569": 3.74,
      "566": 4.12,
      "500": 4.58
    }
  },
  "566": {
    "Position": "-3.0:104.0:105.0",
    "Neighbours": {
      "498": 1.41,
      "565": 4.12
    }
  },
  "567": {
    "Position": "-6.0:106.0:101.0",
    "Neighbours": {
      "565": 3.16,
      "568": 4.12
    }
  },
  "568": {
    "Position": "-10.0:105.0:101.0",
    "Neighbours": {
      "567": 4.12,
      "504": 4.24
    }
  },
  "569": {
    "Position": "0.0:107.0:102.0",
    "Neighbours": {
      "565": 3.74,
      "570": 4.12,
      "499": 6.16
    }
  },
  "570": {
    "Position": "0.0:108.0:106.0",
    "Neighbours": {
      "571": 2.24,
      "569": 4.12
    }
  },
  "571": {
    "Position": "2.220446049250313E-16:109.0:108.0",
    "Neighbours": {
      "570": 2.24,
      "572": 2.45,
      "573": 5.48
    }
  },
  "572": {
    "Position": "-1.0:110.0:106.0",
    "Neighbours": {
      "571": 2.45,
      "575": 2.83
    }
  },
  "573": {
    "Position": "-2.0:108.0:113.0",
    "Neighbours": {
      "574": 2.45,
      "508": 2.83,
      "571": 5.48,
      "595": 12.37
    }
  },
  "574": {
    "Position": "-4.0:109.0:112.0",
    "Neighbours": {
      "573": 2.45
    }
  },
  "575": {
    "Position": "-1.0:112.0:104.0",
    "Neighbours": {
      "576": 2.45,
      "572": 2.83,
      "592": 3.74,
      "569": 5.48
    }
  },
  "576": {
    "Position": "-3.0:113.0:105.0",
    "Neighbours": {
      "575": 2.45,
      "577": 3.0
    }
  },
  "577": {
    "Position": "-5.0:115.0:104.0",
    "Neighbours": {
      "578": 2.24,
      "576": 3.0
    }
  },
  "578": {
    "Position": "-7.0:116.0:104.0",
    "Neighbours": {
      "577": 2.24,
      "580": 3.0
    }
  },
  "579": {
    "Position": "-9.0:120.0:108.0",
    "Neighbours": {
      "580": 3.0,
      "581": 3.0,
      "513": 11.22
    }
  },
  "580": {
    "Position": "-8.0:118.0:106.0",
    "Neighbours": {
      "578": 3.0,
      "579": 3.0
    }
  },
  "581": {
    "Position": "-7.0:122.0:109.0",
    "Neighbours": {
      "583": 1.41,
      "587": 2.24,
      "579": 3.0
    }
  },
  "582": {
    "Position": "-9.0:122.0:105.0",
    "Neighbours": {
      "584": 3.0,
      "583": 3.16
    }
  },
  "583": {
    "Position": "-8.0:122.0:108.0",
    "Neighbours": {
      "581": 1.41,
      "582": 3.16
    }
  },
  "584": {
    "Position": "-6.0:122.0:105.0",
    "Neighbours": {
      "585": 2.0,
      "582": 3.0
    }
  },
  "585": {
    "Position": "-4.0:122.0:105.0",
    "Neighbours": {
      "584": 2.0,
      "586": 2.24
    }
  },
  "586": {
    "Position": "-3.0:122.0:107.0",
    "Neighbours": {
      "585": 2.24,
      "588": 3.32
    }
  },
  "587": {
    "Position": "-5.0:122.0:110.0",
    "Neighbours": {
      "581": 2.24
    }
  },
  "588": {
    "Position": "-4.0:125.0:106.0",
    "Neighbours": {
      "590": 2.83,
      "586": 3.32,
      "589": 4.36
    }
  },
  "589": {
    "Position": "-7.0:128.0:107.0",
    "Neighbours": {
      "639": 2.24,
      "588": 4.36,
      "583": 6.16,
      "582": 6.63
    }
  },
  "590": {
    "Position": "-4.0:127.0:108.0",
    "Neighbours": {
      "591": 2.45,
      "588": 2.83
    }
  },
  "591": {
    "Position": "-5.0:126.0:110.0",
    "Neighbours": {
      "590": 2.45
    }
  },
  "592": {
    "Position": "-4.0:110.0:103.0",
    "Neighbours": {
      "575": 3.74,
      "594": 4.12,
      "565": 5.48
    }
  },
  "593": {
    "Position": "-10.0:112.0:104.0",
    "Neighbours": {
      "594": 2.45,
      "516": 3.0
    }
  },
  "594": {
    "Position": "-8.0:111.0:103.0",
    "Neighbours": {
      "593": 2.45,
      "592": 4.12
    }
  },
  "595": {
    "Position": "-2.0:96.0:116.0",
    "Neighbours": {
      "596": 2.24,
      "599": 2.45
    }
  },
  "596": {
    "Position": "-4.0:95.0:116.0",
    "Neighbours": {
      "597": 1.41,
      "595": 2.24
    }
  },
  "597": {
    "Position": "-5.0:94.0:116.0",
    "Neighbours": {
      "474": 4.0
    }
  },
  "598": {
    "Position": "1.0:96.0:108.0",
    "Neighbours": {
      "486": 4.47
    }
  },
  "599": {
    "Position": "-1.0:94.0:115.0",
    "Neighbours": {
      "475": 5.1
    }
  },
  "600": {
    "Position": "-18.0:84.0:104.0",
    "Neighbours": {
      "455": 3.74,
      "456": 4.12,
      "601": 4.12
    }
  },
  "601": {
    "Position": "-22.0:84.0:103.0",
    "Neighbours": {
      "600": 4.12,
      "608": 4.9,
      "602": 5.39
    }
  },
  "602": {
    "Position": "-24.0:87.0:99.0",
    "Neighbours": {
      "608": 4.12,
      "603": 4.69,
      "601": 5.39
    }
  },
  "603": {
    "Position": "-26.0:90.0:96.0",
    "Neighbours": {
      "602": 4.69,
      "604": 6.32,
      "605": 8.25
    }
  },
  "604": {
    "Position": "-28.0:90.0:90.0",
    "Neighbours": {
      "607": 4.24,
      "603": 6.32,
      "606": 7.14,
      "605": 14.0
    }
  },
  "605": {
    "Position": "-28.0:90.0:104.0",
    "Neighbours": {
      "603": 8.25,
      "604": 14.0
    }
  },
  "606": {
    "Position": "-33.0:85.0:89.0",
    "Neighbours": {
      "266": 10.82
    }
  },
  "607": {
    "Position": "-28.0:87.0:87.0",
    "Neighbours": {
      "264": 11.18,
      "262": 14.07
    }
  },
  "608": {
    "Position": "-20.0:86.0:99.0",
    "Neighbours": {
      "602": 4.12,
      "601": 4.9,
      "258": 11.58,
      "257": 12.45
    }
  },
  "609": {
    "Position": "2.0:89.0:99.0",
    "Neighbours": {
      "485": 4.24,
      "610": 4.9
    }
  },
  "610": {
    "Position": "6.0:87.0:97.0",
    "Neighbours": {
      "611": 3.74,
      "623": 5.74
    }
  },
  "611": {
    "Position": "7.0:89.0:94.0",
    "Neighbours": {
      "610": 3.74,
      "612": 4.58
    }
  },
  "612": {
    "Position": "8.0:87.0:90.0",
    "Neighbours": {
      "613": 4.47,
      "622": 4.47,
      "611": 4.58
    }
  },
  "613": {
    "Position": "12.0:87.0:88.0",
    "Neighbours": {
      "621": 3.0,
      "614": 4.24,
      "612": 4.47
    }
  },
  "614": {
    "Position": "15.0:90.0:88.0",
    "Neighbours": {
      "613": 4.24,
      "615": 5.66
    }
  },
  "615": {
    "Position": "19.0:86.0:88.0",
    "Neighbours": {
      "616": 1.73,
      "614": 5.66
    }
  },
  "616": {
    "Position": "20.0:85.0:89.0",
    "Neighbours": {
      "615": 1.73,
      "619": 6.32,
      "617": 12.0
    }
  },
  "617": {
    "Position": "20.0:85.0:101.0",
    "Neighbours": {
      "618": 3.32,
      "619": 6.32,
      "616": 12.0
    }
  },
  "618": {
    "Position": "19.0:86.0:104.0",
    "Neighbours": {
      "617": 3.32
    }
  },
  "619": {
    "Position": "22.0:85.0:95.0",
    "Neighbours": {
      "6": 8.06,
      "10": 12.57
    }
  },
  "620": {
    "Position": "10.0:77.0:84.0",
    "Neighbours": {}
  },
  "621": {
    "Position": "11.0:85.0:86.0",
    "Neighbours": {
      "620": 8.31
    }
  },
  "622": {
    "Position": "4.0:85.0:90.0",
    "Neighbours": {
      "7": 8.06
    }
  },
  "623": {
    "Position": "10.0:86.0:101.0",
    "Neighbours": {
      "625": 3.61,
      "610": 5.74
    }
  },
  "624": {
    "Position": "6.0:77.0:102.0",
    "Neighbours": {
      "448": 6.08,
      "1": 8.06
    }
  },
  "625": {
    "Position": "8.0:83.0:101.0",
    "Neighbours": {
      "610": 6.0,
      "624": 6.4
    }
  },
  "626": {
    "Position": "-11.0:88.0:99.0",
    "Neighbours": {
      "627": 3.74,
      "482": 4.69,
      "518": 5.74
    }
  },
  "627": {
    "Position": "-13.0:87.0:96.0",
    "Neighbours": {
      "629": 1.41,
      "626": 3.74
    }
  },
  "628": {
    "Position": "-12.0:83.0:95.0",
    "Neighbours": {
      "257": 7.35,
      "15": 8.72
    }
  },
  "629": {
    "Position": "-13.0:86.0:95.0",
    "Neighbours": {
      "628": 3.16
    }
  },
  "630": {
    "Position": "-47.0:85.0:73.0",
    "Neighbours": {
      "631": 4.24,
      "632": 7.35
    }
  },
  "631": {
    "Position": "-47.0:88.0:76.0",
    "Neighbours": {
      "465": 3.32,
      "630": 4.24
    }
  },
  "632": {
    "Position": "-49.0:80.0:68.0",
    "Name": "no_area",
    "Tags": [
      "area"
    ],
    "Neighbours": {
      "333": 12.08,
      "375": 12.45,
      "332": 17.12
    }
  },
  "633": {
    "Position": "-36.0:86.0:81.0",
    "Neighbours": {
      "464": 4.58,
      "634": 5.39,
      "635": 6.71
    }
  },
  "634": {
    "Position": "-34.0:82.0:84.0",
    "Neighbours": {
      "264": 5.39
    }
  },
  "635": {
    "Position": "-41.0:90.0:83.0",
    "Neighbours": {
      "637": 3.0,
      "466": 6.08,
      "633": 6.71
    }
  },
  "636": {
    "Position": "-39.0:85.0:85.0",
    "Neighbours": {
      "266": 10.63
    }
  },
  "637": {
    "Position": "-40.0:88.0:85.0",
    "Neighbours": {
      "636": 3.16
    }
  },
  "638": {
    "Position": "-6.0:130.0:109.0",
    "Name": "Top of Christmas Tree",
    "Tags": [
      "poi"
    ],
    "Neighbours": {
      "639": 1.41,
      "590": 3.74,
      "591": 4.24
    }
  },
  "639": {
    "Position": "-7.0:129.0:109.0",
    "Neighbours": {
      "638": 1.41,
      "589": 2.24
    }
  }
}