{
  "itemid": "minecraft:leather_chestplate",
  "displayname": "§6Abyssal Chestplate",
  "nbttag": "{ExtraAttributes:{id:\"ABYSSAL_CHESTPLATE\"},HideFlags:254,ItemModel:\"minecraft:leather_chestplate\",Unbreakable:1B,display:{Lore:[0:\"§7Health: §c+200\",1:\"§7Defense: §a+200\",2:\"§7Sea Creature Chance: §3+2%\",3:\"§7Respiration: §3+5\",4:\"§7Pressure Resistance: §9+20\",5:\" §8[☂] [☘]\",6:\"\",7:\"§6Full Set Bonus: One with the Fish §7(0/4)\",8:\"§7Grants the ability to breathe\",9:\"§9permanently §7while §9underwater§7.\",10:\"\",11:\"§8Tiered Bonus: Deep Sea Diver (0/4)\",12:\"§7Grants §6+0⛃ Treasure Chance §7while\",13:\"§9underwater§7.\",14:\"\",15:\"§8This item can be reforged!\",16:\"§4❣ §cRequires §aFishing Skill 22§c.\",17:\"§6§lLEGENDARY CHESTPLATE\"],Name:\"§6Abyssal Chestplate\",color:943725}}",
  "damage": 0,
  "lore": [
    "§7Health: §c+200",
    "§7Defense: §a+200",
    "§7Sea Creature Chance: §3+2%",
    "§7Respiration: §3+5",
    "§7Pressure Resistance: §9+20",
    " §8[☂] [☘]",
    "",
    "§6Full Set Bonus: One with the Fish §7(0/4)",
    "§7Grants the ability to breathe",
    "§9permanently §7while §9underwater§7.",
    "",
    "§8Tiered Bonus: Deep Sea Diver (0/4)",
    "§7Grants §6+0⛃ Treasure Chance §7while",
    "§9underwater§7.",
    "",
    "§8This item can be reforged!",
    "§4❣ §cRequires §aFishing Skill 22§c.",
    "§6§lLEGENDARY CHESTPLATE"
  ],
  "internalname": "ABYSSAL_CHESTPLATE",
  "clickcommand": "",
  "crafttext": "",
  "modver": "Firmament 3.4.0-dev+mc1.21.5+g4cd6602",
  "infoType": "WIKI_URL",
  "info": [
    "https://hypixel-skyblock.fandom.com/wiki/Abyssal_Chestplate",
    "https://wiki.hypixel.net/Abyssal_Chestplate"
  ],
  "recipes": [
    {
      "A1": "GILL_MEMBRANE:64",
      "A2": "ENCHANTED_SEA_LUMIES:16",
      "A3": "GILL_MEMBRANE:64",
      "B1": "DIVER_FRAGMENT:1",
      "B2": "DIVER_CHESTPLATE:1",
      "B3": "DIVER_FRAGMENT:1",
      "C1": "GILL_MEMBRANE:64",
      "C2": "ENCHANTED_SEA_LUMIES:16",
      "C3": "GILL_MEMBRANE:64",
      "type": "crafting",
      "count": 1,
      "overrideOutputId": "ABYSSAL_CHESTPLATE"
    }
  ]
}