{
  "itemid": "minecraft:lead",
  "displayname": "§fAbysmal Lasso",
  "nbttag": "{ExtraAttributes:{id:\"ABYSMAL_LASSO\"},HideFlags:254,ItemModel:\"minecraft:lead\",display:{Lore:[0:\"§8Hunting Tool\",1:\"\",2:\"§7§oThis is barely holding together,\",3:\"§7§oseriously who made this?\",4:\"\",5:\"§6Ability: Throw  §e§lRIGHT CLICK\",6:\"§7Throw the Lasso at §2Forest\",7:\"§7creatures and hold them still until\",8:\"§7they lose all their §9stamina§7.\",9:\"\",10:\"§6Ability: Reel In  §e§lRIGHT CLICK\",11:\"§7Reel in creatures caught by the\",12:\"§7Lasso each time their §9stamina\",13:\"§7depletes.\",14:\"\",15:\"§8§l* §8Soulbound §8§l*\",16:\"§f§lCOMMON LASSO\"],Name:\"§fAbysmal Lasso\"}}",
  "damage": 0,
  "lore": [
    "§8Hunting Tool",
    "",
    "§7§oThis is barely holding together,",
    "§7§oseriously who made this?",
    "",
    "§6Ability: Throw  §e§lRIGHT CLICK",
    "§7Throw the Lasso at §2Forest",
    "§7creatures and hold them still until",
    "§7they lose all their §9stamina§7.",
    "",
    "§6Ability: Reel In  §e§lRIGHT CLICK",
    "§7Reel in creatures caught by the",
    "§7Lasso each time their §9stamina",
    "§7depletes.",
    "",
    "§8§l* §8Soulbound §8§l*",
    "§f§lCOMMON LASSO"
  ],
  "internalname": "ABYSMAL_LASSO",
  "clickcommand": "",
  "crafttext": "",
  "modver": "Firmament 3.1.0-dev+mc1.21.5+g58be5f6",
  "infoType": "WIKI_URL",
  "info": [
    "https://hypixel-skyblock.fandom.com/wiki/Abysmal_Lasso",
    "https://wiki.hypixel.net/Abysmal_Lasso"
  ],
  "recipes": [
    {
      "A1": "",
      "A2": "VINESAP:1",
      "A3": "VINESAP:1",
      "B1": "",
      "B2": "VINESAP:1",
      "B3": "VINESAP:1",
      "C1": "VINESAP:1",
      "C2": "",
      "C3": "",
      "type": "crafting",
      "count": 1,
      "overrideOutputId": "ABYSMAL_LASSO"
    }
  ]
}