{
  "itemid": "minecraft:activator_rail",
  "displayname": "§fActivator Rail",
  "nbttag": "{ExtraAttributes:{id:\"ACTIVATOR_RAIL\"},HideFlags:254,ItemModel:\"minecraft:activator_rail\",display:{Lore:[0:\"§f§lCOMMON\"],Name:\"§fActivator Rail\"}}",
  "damage": 0,
  "lore": [
    "§f§lCOMMON"
  ],
  "internalname": "ACTIVATOR_RAIL",
  "clickcommand": "viewrecipe",
  "crafttext": "",
  "modver": "Firmament 3.4.0-dev+mc1.21.5+g4cd6602",
  "infoType": "",
  "info": [],
  "vanilla": true,
  "recipe": {
    "A1": "IRON_INGOT:1",
    "A2": "STICK:1",
    "A3": "IRON_INGOT:1",
    "B1": "IRON_INGOT:1",
    "B2": "REDSTONE_TORCH_ON:1",
    "B3": "IRON_INGOT:1",
    "C1": "IRON_INGOT:1",
    "C2": "STICK:1",
    "C3": "IRON_INGOT:1",
    "count": 6
  }
}