{
  "itemid": "minecraft:leather_chestplate",
  "displayname": "§5Adaptive Chestplate",
  "nbttag": "{ExtraAttributes:{id:\"ADAPTIVE_CHESTPLATE\"},HideFlags:254,ItemModel:\"minecraft:leather_chestplate\",Unbreakable:1B,display:{Lore:[0:\"§7Gear Score: §d413\",1:\"§7Health: §c+170\",2:\"§7Defense: §a+85\",3:\"§7Strength: §c+15\",4:\"§7Intelligence: §b+15\",5:\" §8[§7☤§8]\",6:\"\",7:\"§6Full Set Bonus: Efficient training §7(0/4)\",8:\"§7Every §b5 §7Catacombs levels, this armor piece\",9:\"§7gains +§a2% §7stats.\",10:\"\",11:\"§7Grants additional bonuses based on your\",12:\"§7selected dungeon class!\",13:\"\",14:\"§bBerserk§7: +§c20❁ Strength\",15:\"§bHealer§7: +§a5☄ Mending§7, +§c40❤ Health\",16:\"§bMage§7: +§b50✎ Intelligence\",17:\"§bTank§7: +§a30❈ Defense§7 and reduces damage\",18:\"§7taken by §b5% §7for each piece you have equipped\",19:\"§7if you are hit by the same monster within §e10\",20:\"§7seconds.\",21:\"§bArcher§7: +§95☣ Crit Chance§7, +§915☠ Crit Damage\",22:\"\",23:\"§8This item can be reforged!\",24:\"§4❣ §cRequires The Catacombs Floor III Completion.\",25:\"§5§lEPIC DUNGEON CHESTPLATE\"],Name:\"§5Adaptive Chestplate\",color:12565682}}",
  "damage": 0,
  "lore": [
    "§7Gear Score: §d413",
    "§7Health: §c+170",
    "§7Defense: §a+85",
    "§7Strength: §c+15",
    "§7Intelligence: §b+15",
    " §8[§7☤§8]",
    "",
    "§6Full Set Bonus: Efficient training §7(0/4)",
    "§7Every §b5 §7Catacombs levels, this armor piece",
    "§7gains +§a2% §7stats.",
    "",
    "§7Grants additional bonuses based on your",
    "§7selected dungeon class!",
    "",
    "§bBerserk§7: +§c20❁ Strength",
    "§bHealer§7: +§a5☄ Mending§7, +§c40❤ Health",
    "§bMage§7: +§b50✎ Intelligence",
    "§bTank§7: +§a30❈ Defense§7 and reduces damage",
    "§7taken by §b5% §7for each piece you have equipped",
    "§7if you are hit by the same monster within §e10",
    "§7seconds.",
    "§bArcher§7: +§95☣ Crit Chance§7, +§915☠ Crit Damage",
    "",
    "§8This item can be reforged!",
    "§4❣ §cRequires The Catacombs Floor III Completion.",
    "§5§lEPIC DUNGEON CHESTPLATE"
  ],
  "internalname": "ADAPTIVE_CHESTPLATE",
  "clickcommand": "",
  "crafttext": "",
  "modver": "Firmament 3.4.0-dev+mc1.21.5+g4cd6602",
  "infoType": "WIKI_URL",
  "info": [
    "https://hypixel-skyblock.fandom.com/wiki/Adaptive_Chestplate",
    "https://wiki.hypixel.net/Adaptive_Chestplate"
  ]
}