{
  "itemid": "minecraft:diamond_axe",
  "displayname": "§9Advanced Gardening Axe",
  "nbttag": "{ExtraAttributes:{enchantments:{replenish:1},id:\"ADVANCED_GARDENING_AXE\"},HideFlags:254,ItemModel:\"minecraft:diamond_axe\",Unbreakable:1B,display:{Lore:[0:\"§7Farming Fortune: §6+10\",1:\" §8[§7☘§8]\",2:\"\",3:\"§7Replenish I\",4:\"§7Upon breaking crops, nether wart,\",5:\"§7or cocoa, automatically replant from\",6:\"§7materials in your inventory.\",7:\"\",8:\"§8This item can be reforged!\",9:\"§4❣ §cRequires §aGarden Level 6§c.\",10:\"§9§lRARE AXE\"],Name:\"§9Advanced Gardening Axe\"},ench:[]}",
  "damage": 0,
  "lore": [
    "§7Farming Fortune: §6+10",
    " §8[§7☘§8]",
    "",
    "§7Replenish I",
    "§7Upon breaking crops, nether wart,",
    "§7or cocoa, automatically replant from",
    "§7materials in your inventory.",
    "",
    "§8This item can be reforged!",
    "§4❣ §cRequires §aGarden Level 6§c.",
    "§9§lRARE AXE"
  ],
  "internalname": "ADVANCED_GARDENING_AXE",
  "clickcommand": "",
  "crafttext": "",
  "modver": "Firmament 3.4.0-dev+mc1.21.5+g4cd6602",
  "infoType": "WIKI_URL",
  "info": [
    "https://hypixel-skyblock.fandom.com/wiki/Advanced_Gardening_Axe",
    "https://wiki.hypixel.net/Advanced_Gardening_Axe"
  ]
}