{
  "itemid": "minecraft:diamond_hoe",
  "displayname": "§9Advanced Gardening Hoe",
  "nbttag": "{ExtraAttributes:{enchantments:{replenish:1},id:\"ADVANCED_GARDENING_HOE\"},HideFlags:254,ItemModel:\"minecraft:diamond_hoe\",Unbreakable:1B,display:{Lore:[0:\"§7Farming Fortune: §6+10\",1:\" §8[§7☘§8]\",2:\"\",3:\"§7Replenish I\",4:\"§7Upon breaking crops, nether wart,\",5:\"§7or cocoa, automatically replant from\",6:\"§7materials in your inventory.\",7:\"\",8:\"§8This item can be reforged!\",9:\"§4❣ §cRequires §aGarden Level 3§c.\",10:\"§4❣ §cRequires §aFarming Skill 7§c.\",11:\"§9§lRARE HOE\"],Name:\"§9Advanced Gardening Hoe\"},ench:[]}",
  "damage": 0,
  "lore": [
    "§7Farming Fortune: §6+10",
    " §8[§7☘§8]",
    "",
    "§7Replenish I",
    "§7Upon breaking crops, nether wart,",
    "§7or cocoa, automatically replant from",
    "§7materials in your inventory.",
    "",
    "§8This item can be reforged!",
    "§4❣ §cRequires §aGarden Level 3§c.",
    "§4❣ §cRequires §aFarming Skill 7§c.",
    "§9§lRARE HOE"
  ],
  "internalname": "ADVANCED_GARDENING_HOE",
  "clickcommand": "",
  "crafttext": "",
  "modver": "Firmament 3.4.0-dev+mc1.21.5+g4cd6602",
  "infoType": "WIKI_URL",
  "info": [
    "https://hypixel-skyblock.fandom.com/wiki/Advanced_Gardening_Hoe",
    "https://wiki.hypixel.net/Advanced_Gardening_Hoe"
  ]
}