{
  "itemid": "minecraft:mutton",
  "displayname": "§9Agarimoo Tongue",
  "nbttag": "{ExtraAttributes:{id:\"AGARIMOO_TONGUE\"},HideFlags:254,ItemModel:\"minecraft:mutton\",display:{Lore:[0:\"§7Agarimoos have five stomachs and\",1:\"§73 tongues. For this specific\",2:\"§7Agarimoo, past tense is more\",3:\"§7accurate.\",4:\"\",5:\"§eRight-click to view recipes!\",6:\"\",7:\"§9§lRARE\"],Name:\"§9Agarimoo Tongue\"},ench:[]}",
  "damage": 0,
  "lore": [
    "§7Agarimoos have five stomachs and",
    "§73 tongues. For this specific",
    "§7Agarimoo, past tense is more",
    "§7accurate.",
    "",
    "§eRight-click to view recipes!",
    "",
    "§9§lRARE"
  ],
  "internalname": "AGARIMOO_TONGUE",
  "clickcommand": "",
  "crafttext": "",
  "modver": "Firmament 3.2.0-dev+mc1.21.5+g64ef955",
  "infoType": "WIKI_URL",
  "info": [
    "https://hypixel-skyblock.fandom.com/wiki/Agarimoo_Tongue",
    "https://wiki.hypixel.net/Agarimoo_Tongue"
  ]
}