{
  "itemid": "minecraft:rabbit_stew",
  "displayname": "§aAgaricus Soup",
  "nbttag": "{ExtraAttributes:{id:\"AGARICUS_SOUP\"},HideFlags:254,ItemModel:\"minecraft:rabbit_stew\",display:{Lore:[0:\"§8Consumable\",1:\"\",2:\"§7Consume to gain §fSpeed I §7for §a60s§7.\",3:\"§8Cooldown: §a60s\",4:\"\",5:\"§eRight-click to consume!\",6:\"\",7:\"§a§lUNCOMMON\"],Name:\"§aAgaricus Soup\"}}",
  "damage": 0,
  "lore": [
    "§8Consumable",
    "",
    "§7Consume to gain §fSpeed I §7for §a60s§7.",
    "§8Cooldown: §a60s",
    "",
    "§eRight-click to consume!",
    "",
    "§a§lUNCOMMON"
  ],
  "internalname": "AGARICUS_SOUP",
  "clickcommand": "viewrecipe",
  "crafttext": "Requires: Agaricus Cap II",
  "modver": "Firmament 3.2.0-dev+mc1.21.5+g0b9d5bd",
  "infoType": "WIKI_URL",
  "info": [
    "https://hypixel-skyblock.fandom.com/wiki/Agaricus_Soup",
    "https://wiki.hypixel.net/Agaricus_Soup"
  ],
  "recipe": {
    "A1": "",
    "A2": "AGARICUS_CAP:2",
    "A3": "",
    "B1": "",
    "B2": "AGARICUS_CAP:2",
    "B3": "",
    "C1": "",
    "C2": "RIFT_BUCKET:1",
    "C3": ""
  }
}