{
  "itemid": "minecraft:fireworks",
  "displayname": "§9Alert Flare",
  "nbttag": "{ExtraAttributes:{id:\"ALERT_FLARE\"},HideFlags:254,ItemModel:\"minecraft:firework_rocket\",display:{Lore:[0:\"§6Ability: Deploy  §e§lRIGHT CLICK\",1:\"§7Shoot the flare up in the sky for §a3m\",2:\"§7buffing up to §b8 §7players within §a40\",3:\"§7blocks.\",4:\"§8Mana Cost: §3300\",5:\"\",6:\"§9Flare Buff: Alert Flare\",7:\"§9• §7Grants §b+50% §7base mana regen.\",8:\"§9• §7Gain §4+20♨ Vitality§7, which\",9:\"§7increases your incoming healing.\",10:\"§9• §7Gain §f+20❂ True Defense§7.\",11:\"§9• §7Gain §c+10⫽ Ferocity§7.\",12:\"\",13:\"§8Only one deployable buff applies.\",14:\"\",15:\"§4☠ §cRequires §5Blaze Slayer 6§c.\",16:\"§9§lRARE DEPLOYABLE\"],Name:\"§9Alert Flare\"},ench:[]}",
  "damage": 0,
  "lore": [
    "§6Ability: Deploy  §e§lRIGHT CLICK",
    "§7Shoot the flare up in the sky for §a3m",
    "§7buffing up to §b8 §7players within §a40",
    "§7blocks.",
    "§8Mana Cost: §3300",
    "",
    "§9Flare Buff: Alert Flare",
    "§9• §7Grants §b+50% §7base mana regen.",
    "§9• §7Gain §4+20♨ Vitality§7, which",
    "§7increases your incoming healing.",
    "§9• §7Gain §f+20❂ True Defense§7.",
    "§9• §7Gain §c+10⫽ Ferocity§7.",
    "",
    "§8Only one deployable buff applies.",
    "",
    "§4☠ §cRequires §5Blaze Slayer 6§c.",
    "§9§lRARE DEPLOYABLE"
  ],
  "internalname": "ALERT_FLARE",
  "clickcommand": "viewrecipe",
  "crafttext": "Requires: Blaze Slayer 6",
  "modver": "Firmament 3.2.0-dev+mc1.21.5+g0b9d5bd",
  "infoType": "WIKI_URL",
  "info": [
    "https://hypixel-skyblock.fandom.com/wiki/Alert_Flare",
    "https://wiki.hypixel.net/Alert_Flare"
  ],
  "recipe": {
    "A1": "",
    "A2": "ENCHANTED_SULPHUR:32",
    "A3": "INFERNO_VERTEX:8",
    "B1": "",
    "B2": "MOLTEN_POWDER:64",
    "B3": "",
    "C1": "INFERNO_VERTEX:8",
    "C2": "WARNING_FLARE:1",
    "C3": ""
  },
  "slayer_req": "BLAZE_6"
}