{
  "itemid": "minecraft:wooden_shovel",
  "displayname": "§9Ancestral Spade",
  "nbttag": "{ExtraAttributes:{id:\"ANCESTRAL_SPADE\"},HideFlags:254,ItemModel:\"minecraft:wooden_shovel\",Unbreakable:1B,display:{Lore:[0:\"§7Hold in your hand to reveal and\",1:\"§7dig out §eGriffin Burrows §7in\",2:\"§7the hub, which hold both\",3:\"§6treasures §7and §cdangers§7.\",4:\"\",5:\"§6Ability: Echo §e§lRIGHT CLICK\",6:\"§7Show the way to the next or\",7:\"§7nearby Griffin burrow.\",8:\"§8Mana Cost: §398\",9:\"§8Cooldown: §a3s\",10:\"\",11:\"§7Only works while Diana's\",12:\"§2Mythological Ritual §7is\",13:\"§7active.\",14:\"\",15:\"§9§lRARE\"],Name:\"§9Ancestral Spade\"},ench:[]}",
  "damage": 0,
  "lore": [
    "§7Hold in your hand to reveal and",
    "§7dig out §eGriffin Burrows §7in",
    "§7the hub, which hold both",
    "§6treasures §7and §cdangers§7.",
    "",
    "§6Ability: Echo §e§lRIGHT CLICK",
    "§7Show the way to the next or",
    "§7nearby Griffin burrow.",
    "§8Mana Cost: §398",
    "§8Cooldown: §a3s",
    "",
    "§7Only works while Diana's",
    "§2Mythological Ritual §7is",
    "§7active.",
    "",
    "§9§lRARE"
  ],
  "internalname": "ANCESTRAL_SPADE",
  "clickcommand": "",
  "crafttext": "",
  "modver": "Firmament 3.2.0-dev+mc1.21.5+g64ef955",
  "infoType": "WIKI_URL",
  "info": [
    "https://hypixel-skyblock.fandom.com/wiki/Ancestral_Spade",
    "https://wiki.hypixel.net/Ancestral_Spade"
  ]
}