{
  "itemid": "minecraft:enchanted_book",
  "displayname": "§aEnchanted Book",
  "nbttag": "{ExtraAttributes:{enchantments:{angler:5},id:\"ANGLER;5\"},HideFlags:254,ItemModel:\"minecraft:enchanted_book\",display:{Lore:[0:\"§9Angler V\",1:\"§7Grants §3+5α Sea Creature\",2:\"§3Chance§7.\",3:\"\",4:\"§7Use this on an item in an Anvil\",5:\"§7to apply it!\",6:\"\",7:\"§6Source:\",8:\"§aI-V: §7Enchantment Table,\",9:\"§7Ink Sack Collection\",10:\"\",11:\"§6Applied To:\",12:\"§7- §fFishing Rod\",13:\"§7- §fFishing Weapon\",14:\"\",15:\"§a§lUNCOMMON\"],Name:\"§aEnchanted Book\"},ench:[]}",
  "damage": 0,
  "lore": [
    "§9Angler V",
    "§7Grants §3+5α Sea Creature",
    "§3Chance§7.",
    "",
    "§7Use this on an item in an Anvil",
    "§7to apply it!",
    "",
    "§6Source:",
    "§aI-V: §7Enchantment Table,",
    "§7Ink Sack Collection",
    "",
    "§6Applied To:",
    "§7- §fFishing Rod",
    "§7- §fFishing Weapon",
    "",
    "§a§lUNCOMMON"
  ],
  "internalname": "ANGLER;5",
  "clickcommand": "",
  "crafttext": "",
  "modver": "Firmament 3.4.0-dev+mc1.21.5+g4cd6602",
  "infoType": "",
  "info": [],
  "parent": "ANGLER;4"
}