{
  "itemid": "minecraft:leather_boots",
  "displayname": "§fAngler Boots",
  "nbttag": "{ExtraAttributes:{id:\"ANGLER_BOOTS\"},HideFlags:254,Unbreakable:1B,display:{Lore:[0:\"§7Defense: §a+15\",1:\"§7Sea Creature Chance: §3+1%\",2:\"\",3:\"§8Tiered Bonus: Depth Champion (0/8)\",4:\"§7§7Reduces the damage taken from §3Sea\",5:\"§3Creatures §7by §a3%§7.\",6:\"\",7:\"§8Tiered Bonus: Deepness Within (0/4)\",8:\"§7Gain §c6❤ §7per Fishing level.\",9:\"§7Fishing: §eLevel §k00\",10:\"\",11:\"§7§8This item can be reforged!\",12:\"§f§lCOMMON BOOTS\"],Name:\"§fAngler Boots\",color:720975}}",
  "damage": 0,
  "lore": [
    "§7Defense: §a+15",
    "§7Sea Creature Chance: §3+1%",
    "",
    "§8Tiered Bonus: Depth Champion (0/8)",
    "§7§7Reduces the damage taken from §3Sea",
    "§3Creatures §7by §a3%§7.",
    "",
    "§8Tiered Bonus: Deepness Within (0/4)",
    "§7Gain §c6❤ §7per Fishing level.",
    "§7Fishing: §eLevel §k00",
    "",
    "§7§8This item can be reforged!",
    "§f§lCOMMON BOOTS"
  ],
  "internalname": "ANGLER_BOOTS",
  "clickcommand": "",
  "modver": "",
  "infoType": "WIKI_URL",
  "info": [
    "https://hypixel-skyblock.fandom.com/wiki/Angler_Boots",
    "https://wiki.hypixel.net/Angler_Boots"
  ],
  "crafttext": ""
}