{
  "itemid": "minecraft:skull",
  "displayname": "§9Angler Angus (NPC)",
  "nbttag": "{SkullOwner:{Id:\"d9145c5e-adc3-2ba2-9db5-9422d2f92dc9\",Properties:{textures:[0:{Value:\"eyJ0ZXh0dXJlcyI6eyJTS0lOIjp7InVybCI6Imh0dHBzOi8vdGV4dHVyZXMubWluZWNyYWZ0Lm5ldC90ZXh0dXJlLzRjNGVhZjk5MzllNWMwZDk2NGNmZmM5NTNlMzVjMTIxMDZjZmVkOWQ1YWIwY2VlMTViNjlhMTYyYTI3MDQwNyJ9fX0\u003d\"}]},Name:\"d9145c5e-adc3-2ba2-9db5-9422d2f92dc9\"},display:{Lore:[0:\"\"],Name:\"§9Angler Angus (NPC)\"},ExtraAttributes:{id:\"ANGLER_ANGUS_NPC\"}}",
  "damage": 3,
  "lore": [
    ""
  ],
  "internalname": "ANGLER_ANGUS_NPC",
  "clickcommand": "",
  "modver": "",
  "x": 93,
  "y": 74,
  "z": 6,
  "island": "hub",
  "infoType": "WIKI_URL",
  "info": [
    "https://hypixel-skyblock.fandom.com/wiki/Angler_Angus",
    "https://wiki.hypixel.net/Angler_Angus"
  ]
}