{
  "itemid": "minecraft:enchanted_book",
  "displayname": "§9Enchanted Book",
  "nbttag": "{ExtraAttributes:{enchantments:{angler:6},id:\"ANGLER;6\"},HideFlags:254,ItemModel:\"minecraft:enchanted_book\",display:{Lore:[0:\"§9Angler VI\",1:\"§7Grants §3+6α Sea Creature\",2:\"§3Chance§7.\",3:\"\",4:\"§7Use this on an item in an Anvil\",5:\"§7to apply it!\",6:\"\",7:\"§6Source:\",8:\"§aVI: §7Fishing,\",9:\"\",10:\"§6Applied To:\",11:\"§7- §fFishing Rod\",12:\"§7- §fFishing Weapon\",13:\"\",14:\"§9§lRARE\"],Name:\"§9Enchanted Book\"},ench:[]}",
  "damage": 0,
  "lore": [
    "§9Angler VI",
    "§7Grants §3+6α Sea Creature",
    "§3Chance§7.",
    "",
    "§7Use this on an item in an Anvil",
    "§7to apply it!",
    "",
    "§6Source:",
    "§aVI: §7Fishing,",
    "",
    "§6Applied To:",
    "§7- §fFishing Rod",
    "§7- §fFishing Weapon",
    "",
    "§9§lRARE"
  ],
  "internalname": "ANGLER;6",
  "clickcommand": "",
  "crafttext": "",
  "modver": "Firmament 3.4.0-dev+mc1.21.5+g4cd6602",
  "infoType": "",
  "info": [],
  "parent": "ANGLER;4"
}