{
  "itemid": "minecraft:carpet",
  "displayname": "§6Anti-Bite Scarf",
  "nbttag": "{ExtraAttributes:{id:\"ANTI_BITE_SCARF\"},HideFlags:254,ItemModel:\"minecraft:red_carpet\",display:{Lore:[0:\"§7Rift Time: §a+100s\",1:\"§7Hearts: §c+1\",2:\"§7Intelligence: §b+20\",3:\"\",4:\"§6Ability: Helmets All The Way Around \",5:\"§7Regain §a+2ф §7when killing a monster.\",6:\"\",7:\"§7If you would take §c❤ §7damage, take\",8:\"§c0.3❤ §7less.\",9:\"\",10:\"§4☠ §cRequires §5Vampire Slayer 1§c.\",11:\"§6§lLEGENDARY HELMET\"],Name:\"§6Anti-Bite Scarf\"}}",
  "damage": 14,
  "lore": [
    "§7Rift Time: §a+100s",
    "§7Hearts: §c+1",
    "§7Intelligence: §b+20",
    "",
    "§6Ability: Helmets All The Way Around ",
    "§7Regain §a+2ф §7when killing a monster.",
    "",
    "§7If you would take §c❤ §7damage, take",
    "§c0.3❤ §7less.",
    "",
    "§4☠ §cRequires §5Vampire Slayer 1§c.",
    "§6§lLEGENDARY HELMET"
  ],
  "internalname": "ANTI_BITE_SCARF",
  "clickcommand": "viewrecipe",
  "crafttext": "Requires: Vampire Slayer 1",
  "modver": "Firmament 3.4.0-dev+mc1.21.5+g4cd6602",
  "infoType": "WIKI_URL",
  "info": [
    "https://hypixel-skyblock.fandom.com/wiki/Anti-Bite_Scarf",
    "https://wiki.hypixel.net/Anti-Bite_Scarf"
  ],
  "recipe": {
    "A1": "",
    "A2": "",
    "A3": "",
    "B1": "COVEN_SEAL:8",
    "B2": "",
    "B3": "COVEN_SEAL:8",
    "C1": "COVEN_SEAL:8",
    "C2": "DETRANSFIGURED_MASK:1",
    "C3": "COVEN_SEAL:8"
  }
}