{
  "itemid": "minecraft:wooden_pickaxe",
  "displayname": "§5Anti-Sentient Pickaxe",
  "nbttag": "{ExtraAttributes:{id:\"ANTI_SENTIENT_PICKAXE\"},HideFlags:254,ItemModel:\"minecraft:wooden_pickaxe\",Unbreakable:1B,display:{Lore:[0:\"§7Rift Damage: §5+5\",1:\"\",2:\"§7Allows you to break living metal ore\",3:\"§7and §bYoungite§7.\",4:\"\",5:\"§8This pickaxe is not a particular fan\",6:\"§8of sentient pickaxes.\",7:\"\",8:\"§5§lEPIC SWORD\"],Name:\"§5Anti-Sentient Pickaxe\"}}",
  "damage": 0,
  "lore": [
    "§7Rift Damage: §5+5",
    "",
    "§7Allows you to break living metal ore",
    "§7and §bYoungite§7.",
    "",
    "§8This pickaxe is not a particular fan",
    "§8of sentient pickaxes.",
    "",
    "§5§lEPIC SWORD"
  ],
  "internalname": "ANTI_SENTIENT_PICKAXE",
  "clickcommand": "",
  "crafttext": "",
  "modver": "Firmament 3.4.0-dev+mc1.21.5+g4cd6602",
  "infoType": "WIKI_URL",
  "info": [
    "https://hypixel-skyblock.fandom.com/wiki/Anti-Sentient_Pickaxe",
    "https://wiki.hypixel.net/Anti-Sentient_Pickaxe"
  ]
}