{
  "itemid": "minecraft:carpet",
  "displayname": "§dAnti-Bite Scarf",
  "nbttag": "{ExtraAttributes:{id:\"ANTI_BITE_SCARF_2\"},HideFlags:254,ItemModel:\"minecraft:red_carpet\",display:{Lore:[0:\"§7Rift Time: §a+110s\",1:\"§7Hearts: §c+1\",2:\"§7Intelligence: §b+22\",3:\"\",4:\"§6Ability: Helmets All The Way Around \",5:\"§7Regain §a+2ф §7when killing a monster.\",6:\"\",7:\"§7If you would take §c❤ §7damage, take\",8:\"§c0.5❤ §7less.\",9:\"\",10:\"§eLeft-click to pick color!\",11:\"\",12:\"§4☠ §cRequires §5Vampire Slayer 4§c.\",13:\"§d§lMYTHIC HELMET\"],Name:\"§dAnti-Bite Scarf\"},ench:[]}",
  "damage": 14,
  "lore": [
    "§7Rift Time: §a+110s",
    "§7Hearts: §c+1",
    "§7Intelligence: §b+22",
    "",
    "§6Ability: Helmets All The Way Around ",
    "§7Regain §a+2ф §7when killing a monster.",
    "",
    "§7If you would take §c❤ §7damage, take",
    "§c0.5❤ §7less.",
    "",
    "§eLeft-click to pick color!",
    "",
    "§4☠ §cRequires §5Vampire Slayer 4§c.",
    "§d§lMYTHIC HELMET"
  ],
  "internalname": "ANTI_BITE_SCARF_2",
  "clickcommand": "viewrecipe",
  "crafttext": "Requires: Vampire Slayer 4",
  "modver": "Firmament 3.4.0-dev+mc1.21.5+g4cd6602",
  "infoType": "WIKI_URL",
  "info": [
    "https://hypixel-skyblock.fandom.com/wiki/Anti-Bite_Scarf",
    "https://wiki.hypixel.net/Anti-Bite_Scarf"
  ],
  "recipe": {
    "A1": "",
    "A2": "",
    "A3": "",
    "B1": "",
    "B2": "SCARF_STUDIES:1",
    "B3": "",
    "C1": "BLOODBADGE:1",
    "C2": "ANTI_BITE_SCARF:1",
    "C3": "BLOODBADGE:1"
  }
}