{
  "itemid": "minecraft:enchanted_book",
  "displayname": "§fEnchanted Book",
  "nbttag": "{ExtraAttributes:{enchantments:{aqua_affinity:1},id:\"AQUA_AFFINITY;1\"},HideFlags:254,ItemModel:\"minecraft:enchanted_book\",display:{Lore:[0:\"§9Aqua Affinity I\",1:\"§7Increases your underwater mining\",2:\"§7rate.\",3:\"\",4:\"§7Use this on an item in an Anvil\",5:\"§7to apply it!\",6:\"\",7:\"§6Source:\",8:\"§aI: §7Enchantment Table,\",9:\"§7Prismarine Crystals Collection\",10:\"\",11:\"§6Applied To:\",12:\"§7- §fHelmet\",13:\"\",14:\"§f§lCOMMON\"],Name:\"§fEnchanted Book\"},ench:[0:{id:6S,lvl:1S}]}",
  "damage": 0,
  "lore": [
    "§9Aqua Affinity I",
    "§7Increases your underwater mining",
    "§7rate.",
    "",
    "§7Use this on an item in an Anvil",
    "§7to apply it!",
    "",
    "§6Source:",
    "§aI: §7Enchantment Table,",
    "§7Prismarine Crystals Collection",
    "",
    "§6Applied To:",
    "§7- §fHelmet",
    "",
    "§f§lCOMMON"
  ],
  "internalname": "AQUA_AFFINITY;1",
  "clickcommand": "",
  "crafttext": "",
  "modver": "Firmament 3.4.0-dev+mc1.21.5+g4cd6602",
  "infoType": "",
  "info": []
}