{
  "itemid": "minecraft:skull",
  "displayname": "§6Arachne (Boss)",
  "nbttag": "{ExtraAttributes:{id:\"ARACHNE_BOSS\"},HideFlags:254,ItemModel:\"minecraft:player_head\",SkullOwner:{Id:\"7c63f3cf-a963-311a-aeca-3a075b417806\",Properties:{textures:[0:{Name:\"textures\",Value:\"eyJ0ZXh0dXJlcyI6eyJTS0lOIjp7InVybCI6Imh0dHA6Ly90ZXh0dXJlcy5taW5lY3JhZnQubmV0L3RleHR1cmUvY2Q1NDE1NDFkYWFmZjUwODk2Y2QyNThiZGJkZDRjZjgwYzNiYTgxNjczNTcyNjA3OGJmZTM5MzkyN2U1N2YxIn19fQ\"}]},hypixelPopulated:1B},display:{Lore:[0:\"§7The strongest spider in the den.\",1:\"\",2:\"§c❤ Health§8: §c20,000 - 100,000\"],Name:\"§6Arachne (Boss)\"},ench:[]}",
  "damage": 3,
  "lore": [
    "§7The strongest spider in the den.",
    "",
    "§c❤ Health§8: §c20,000 - 100,000"
  ],
  "internalname": "ARACHNE_BOSS",
  "clickcommand": "viewrecipe",
  "crafttext": "",
  "modver": "Firmament 3.7.1-dev+mc1.21.5+g19c6b28",
  "infoType": "WIKI_URL",
  "info": [
    "https://hypixel-skyblock.fandom.com/wiki/Arachne",
    "https://wiki.hypixel.net/Arachne"
  ],
  "recipes": [
    {
      "level": 300,
      "coins": 2000,
      "xp": 15,
      "combat_xp": 200,
      "name": "§6Arachne",
      "panorama": "combat_1",
      "render": "Spider",
      "type": "drops",
      "drops": [
        {
          "id": "TARANTULA;3",
          "chance": "2%"
        },
        {
          "id": "ENCHANTED_STRING",
          "chance": "x0-2"
        },
        {
          "id": "STRING",
          "chance": "x10-20"
        },
        {
          "id": "ENCHANTED_SPIDER_EYE",
          "chance": "x0-2"
        },
        {
          "id": "SPIDER_EYE",
          "chance": "x10-20"
        },
        {
          "id": "ARACHNE_FRAGMENT",
          "chance": "100%"
        },
        {
          "id": "SOUL_STRING",
          "chance": "x5-6"
        },
        {
          "id": "ARACHNE_HELMET",
          "chance": "10%"
        },
        {
          "id": "ARACHNE_CHESTPLATE",
          "chance": "10%"
        },
        {
          "id": "ARACHNE_LEGGINGS",
          "chance": "10%"
        },
        {
          "id": "ARACHNE_BOOTS",
          "chance": "10%"
        },
        {
          "id": "LUXURIOUS_SPOOL",
          "chance": "100%"
        },
        {
          "id": "ARACHNE_FANG",
          "chance": "10%"
        },
        {
          "id": "ESSENCE_SPIDER:8",
          "chance": "100%"
        }
      ]
    },
    {
      "level": 500,
      "coins": 8000,
      "xp": 20,
      "combat_xp": 400,
      "name": "§6Arachne",
      "panorama": "combat_1",
      "render": "Spider",
      "type": "drops",
      "drops": [
        {
          "id": "TARANTULA;4",
          "chance": "2%"
        },
        {
          "id": "ENCHANTED_STRING",
          "chance": "x0-6"
        },
        {
          "id": "STRING",
          "chance": "x10-60"
        },
        {
          "id": "ENCHANTED_SPIDER_EYE",
          "chance": "x0-6"
        },
        {
          "id": "SPIDER_EYE",
          "chance": "x10-60"
        },
        {
          "id": "SOUL_STRING",
          "chance": "x30-32"
        },
        {
          "id": "ARACHNE_HELMET",
          "chance": "25%"
        },
        {
          "id": "ARACHNE_CHESTPLATE",
          "chance": "25%"
        },
        {
          "id": "ARACHNE_LEGGINGS",
          "chance": "25%"
        },
        {
          "id": "ARACHNE_BOOTS",
          "chance": "25%"
        },
        {
          "id": "ARACK",
          "chance": "25%"
        },
        {
          "id": "DARK_QUEENS_SOUL_DROP",
          "chance": "100%"
        },
        {
          "id": "ESSENCE_SPIDER:30",
          "chance": "100%"
        }
      ]
    }
  ]
}