{
  "itemid": "minecraft:leather_leggings",
  "displayname": "§9Arachne's Leggings",
  "nbttag": "{ExtraAttributes:{donated_museum:1B,id:\"ARACHNE_LEGGINGS\"},HideFlags:254,ItemModel:\"minecraft:leather_leggings\",Unbreakable:1B,display:{Lore:[0:\"§7Health: §c+75\",1:\"§7Defense: §a+50\",2:\"\",3:\"§8Tiered Bonus: Arachne's Faithful (0/8)\",4:\"§7Grants §c+5❤ Health §7and §a+5❈ Defense§7.\",5:\"\",6:\"§4This item is Arachnal Ж!\",7:\"\",8:\"§8This item can be reforged!\",9:\"§8§l* §8Co-op Soulbound §8§l*\",10:\"§9§lRARE LEGGINGS\"],Name:\"§9Arachne's Leggings\",color:9109504}}",
  "damage": 0,
  "lore": [
    "§7Health: §c+75",
    "§7Defense: §a+50",
    "",
    "§8Tiered Bonus: Arachne's Faithful (0/8)",
    "§7Grants §c+5❤ Health §7and §a+5❈ Defense§7.",
    "",
    "§4This item is Arachnal Ж!",
    "",
    "§8This item can be reforged!",
    "§8§l* §8Co-op Soulbound §8§l*",
    "§9§lRARE LEGGINGS"
  ],
  "internalname": "ARACHNE_LEGGINGS",
  "clickcommand": "",
  "crafttext": "",
  "modver": "Firmament 3.4.0-dev+mc1.21.5+g4cd6602",
  "infoType": "WIKI_URL",
  "info": [
    "https://hypixel-skyblock.fandom.com/wiki/Arachne%27s_Leggings",
    "https://wiki.hypixel.net/Arachne%27s_Leggings"
  ]
}