{
  "itemid": "minecraft:skull",
  "displayname": "§9Arachne's Keeper (Miniboss)",
  "nbttag": "{ExtraAttributes:{id:\"ARACHNES_KEEPER_MINIBOSS\"},HideFlags:254,ItemModel:\"minecraft:player_head\",SkullOwner:{Id:\"7c63f3cf-a963-311a-aeca-3a075b417806\",Properties:{textures:[0:{Name:\"textures\",Value:\"eyJ0ZXh0dXJlcyI6eyJTS0lOIjp7InVybCI6Imh0dHA6Ly90ZXh0dXJlcy5taW5lY3JhZnQubmV0L3RleHR1cmUvY2Q1NDE1NDFkYWFmZjUwODk2Y2QyNThiZGJkZDRjZjgwYzNiYTgxNjczNTcyNjA3OGJmZTM5MzkyN2U1N2YxIn19fQ\"}]},hypixelPopulated:1B},display:{Lore:[0:\"§7Keeper of Arachne\",1:\"\",2:\"§c❤ Health§8: §c100,000\"],Name:\"§9Arachne's Keeper (Miniboss)\"}}",
  "damage": 3,
  "lore": [
    "§7Keeper of Arachne",
    "",
    "§c❤ Health§8: §c100,000"
  ],
  "internalname": "ARACHNES_KEEPER_MINIBOSS",
  "clickcommand": "viewrecipe",
  "crafttext": "",
  "modver": "Firmament 3.7.1-dev+mc1.21.5+g19c6b28",
  "infoType": "WIKI_URL",
  "info": [
    "https://hypixel-skyblock.fandom.com/wiki/Arachne%27s_Keeper",
    "https://wiki.hypixel.net/Arachne%27s_Keeper"
  ],
  "recipes": [
    {
      "level": 100,
      "coins": 10,
      "xp": 10,
      "name": "§fArachne's Keeper",
      "render": "Spider",
      "panorama": "combat_1",
      "type": "drops",
      "drops": [
        {
          "id": "ARACHNE_KEEPER_FRAGMENT",
          "chance": "100%"
        },
        {
          "id": "SPIDER_EYE",
          "chance": "x4-8"
        },
        {
          "id": "STRING",
          "chance": "x2-4"
        },
        {
          "id": "ARACHNE_GLOVES",
          "chance": "2.5%"
        },
        {
          "id": "ARACHNE_NECKLACE",
          "chance": "2.5%"
        },
        {
          "id": "ARACHNE_CLOAK",
          "chance": "2.5%"
        },
        {
          "id": "ARACHNE_BELT",
          "chance": "2.5%"
        }
      ]
    }
  ]
}