{
  "itemid": "minecraft:iron_sword",
  "displayname": "§5Arack",
  "nbttag": "{ExtraAttributes:{id:\"ARACK\"},HideFlags:254,ItemModel:\"minecraft:iron_sword\",Unbreakable:1B,display:{Lore:[0:\"§7Damage: §c+90\",1:\"\",2:\"§6Ability: Venom Mold \",3:\"§7Grants §c+100❁ Strength §7while\",4:\"§7poisoned.\",5:\"\",6:\"§8This item can be reforged!\",7:\"§5§lEPIC SWORD\"],Name:\"§5Arack\"}}",
  "damage": 0,
  "lore": [
    "§7Damage: §c+90",
    "",
    "§6Ability: Venom Mold ",
    "§7Grants §c+100❁ Strength §7while",
    "§7poisoned.",
    "",
    "§8This item can be reforged!",
    "§5§lEPIC SWORD"
  ],
  "internalname": "ARACK",
  "clickcommand": "",
  "crafttext": "",
  "modver": "Firmament 3.4.0-dev+mc1.21.5+g4cd6602",
  "infoType": "WIKI_URL",
  "info": [
    "https://hypixel-skyblock.fandom.com/wiki/Arack",
    "https://wiki.hypixel.net/Arack"
  ]
}