{
  "itemid": "minecraft:skull",
  "displayname": "§9Arachne's Brood (Monster)",
  "nbttag": "{ExtraAttributes:{id:\"ARACHNES_BROOD_MONSTER\"},HideFlags:254,ItemModel:\"minecraft:player_head\",SkullOwner:{Id:\"7c63f3cf-a963-311a-aeca-3a075b417806\",Properties:{textures:[0:{Name:\"textures\",Value:\"eyJ0ZXh0dXJlcyI6eyJTS0lOIjp7InVybCI6Imh0dHA6Ly90ZXh0dXJlcy5taW5lY3JhZnQubmV0L3RleHR1cmUvY2Q1NDE1NDFkYWFmZjUwODk2Y2QyNThiZGJkZDRjZjgwYzNiYTgxNjczNTcyNjA3OGJmZTM5MzkyN2U1N2YxIn19fQ\"}]},hypixelPopulated:1B},display:{Lore:[0:\"§7Arachne's Brood is a mob spawned\",1:\"§7in waves by Arachne when she falls\",2:\"§7below 50% and 25% of her health\",3:\"\",4:\"§c❤ Health§8: §c10,000 - 100,000\"],Name:\"§9Arachne's Brood (Monster)\"}}",
  "damage": 3,
  "lore": [
    "§7Arachne's Brood is a mob spawned",
    "§7in waves by Arachne when she falls",
    "§7below 50% and 25% of her health",
    "",
    "§c❤ Health§8: §c10,000 - 100,000"
  ],
  "internalname": "ARACHNES_BROOD_MONSTER",
  "clickcommand": "viewrecipe",
  "crafttext": "",
  "modver": "Firmament 3.7.1-dev+mc1.21.5+g19c6b28",
  "infoType": "WIKI_URL",
  "info": [
    "https://hypixel-skyblock.fandom.com/wiki/Arachne%27s_Brood",
    "https://wiki.hypixel.net/Arachne%27s_Brood"
  ],
  "recipes": [
    {
      "level": 100,
      "coins": 800,
      "xp": 10,
      "combat_xp": 80,
      "name": "§cArachne's Brood",
      "panorama": "combat_1",
      "render": "Spider",
      "type": "drops",
      "drops": [
        {
          "id": "SPIDER_EYE:10",
          "chance": "100%"
        },
        {
          "id": "STRING:5",
          "chance": "100%"
        }
      ]
    },
    {
      "level": 200,
      "coins": 1500,
      "xp": 13,
      "combat_xp": 120,
      "name": "§cArachne's Brood",
      "panorama": "combat_1",
      "render": "Spider",
      "type": "drops",
      "drops": [
        {
          "id": "SPIDER_EYE:10",
          "chance": "100%"
        },
        {
          "id": "STRING:5",
          "chance": "100%"
        }
      ]
    }
  ]
}