{
  "itemid": "minecraft:enchanted_book",
  "displayname": "§aEnchanted Book",
  "nbttag": "{ExtraAttributes:{enchantments:{arcane:5},id:\"ARCANE;5\"},HideFlags:254,ItemModel:\"minecraft:enchanted_book\",display:{Lore:[0:\"§9Woodsplitter V\",1:\"§7Increases damage dealt to §2⸙\",2:\"§2Woodland§7 mobs by §a60%§7.\",3:\"\",4:\"§7Applicable on: §9Axe\",5:\"§7Apply Cost: §350 Exp Levels\",6:\"\",7:\"§7Use this on an item in an Anvil to\",8:\"§7apply it!\",9:\"\",10:\"§a§lUNCOMMON\"],Name:\"§aEnchanted Book\"},ench:[]}",
  "damage": 0,
  "lore": [
    "§9Woodsplitter V",
    "§7Increases damage dealt to §2⸙",
    "§2Woodland§7 mobs by §a60%§7.",
    "",
    "§7Applicable on: §9Axe",
    "§7Apply Cost: §350 Exp Levels",
    "",
    "§7Use this on an item in an Anvil to",
    "§7apply it!",
    "",
    "§a§lUNCOMMON"
  ],
  "internalname": "ARCANE;5",
  "clickcommand": "",
  "crafttext": "",
  "modver": "Firmament 3.1.0-dev+mc1.21.5+g4402b1f",
  "infoType": "",
  "info": []
}