{
  "itemid": "minecraft:enchanted_book",
  "displayname": "§fEnchanted Book",
  "nbttag": "{ExtraAttributes:{enchantments:{arcane:2},id:\"ARCANE;2\"},HideFlags:254,ItemModel:\"minecraft:enchanted_book\",display:{Lore:[0:\"§9Woodsplitter II\",1:\"§7Increases damage dealt to §2⸙\",2:\"§2Woodland§7 mobs by §a20%§7.\",3:\"\",4:\"§7Applicable on: §9Axe\",5:\"§7Apply Cost: §320 Exp Levels\",6:\"\",7:\"§7Use this on an item in an Anvil to\",8:\"§7apply it!\",9:\"\",10:\"§f§lCOMMON\"],Name:\"§fEnchanted Book\"},ench:[]}",
  "damage": 0,
  "lore": [
    "§9Woodsplitter II",
    "§7Increases damage dealt to §2⸙",
    "§2Woodland§7 mobs by §a20%§7.",
    "",
    "§7Applicable on: §9Axe",
    "§7Apply Cost: §320 Exp Levels",
    "",
    "§7Use this on an item in an Anvil to",
    "§7apply it!",
    "",
    "§f§lCOMMON"
  ],
  "internalname": "ARCANE;2",
  "clickcommand": "",
  "crafttext": "",
  "modver": "Firmament 3.1.0-dev+mc1.21.5+g4402b1f",
  "infoType": "",
  "info": []
}