{
  "itemid": "minecraft:enchanted_book",
  "displayname": "§9Enchanted Book",
  "nbttag": "{ExtraAttributes:{enchantments:{arcane:6},id:\"ARCANE;6\"},HideFlags:254,ItemModel:\"minecraft:enchanted_book\",display:{Lore:[0:\"§9Woodsplitter VI\",1:\"§7Increases damage dealt to §2⸙\",2:\"§2Woodland§7 mobs by §a80%§7.\",3:\"\",4:\"§7Applicable on: §9Axe\",5:\"§7Apply Cost: §3100 Exp Levels\",6:\"\",7:\"§7Use this on an item in an Anvil to\",8:\"§7apply it!\",9:\"\",10:\"§9§lRARE\"],Name:\"§9Enchanted Book\"},ench:[]}",
  "damage": 0,
  "lore": [
    "§9Woodsplitter VI",
    "§7Increases damage dealt to §2⸙",
    "§2Woodland§7 mobs by §a80%§7.",
    "",
    "§7Applicable on: §9Axe",
    "§7Apply Cost: §3100 Exp Levels",
    "",
    "§7Use this on an item in an Anvil to",
    "§7apply it!",
    "",
    "§9§lRARE"
  ],
  "internalname": "ARCANE;6",
  "clickcommand": "",
  "crafttext": "",
  "modver": "Firmament 3.4.0-dev+mc1.21.5+g4cd6602",
  "infoType": "",
  "info": []
}