{
  "itemid": "minecraft:skull",
  "displayname": "§dArgofay Treemerger (Rift NPC)",
  "nbttag": "{HideFlags:254,SkullOwner:{Id:\"0d810243-e5cb-2c36-8245-695b6941ffe0\",Properties:{textures:[0:{Value:\"eyJ0ZXh0dXJlcyI6eyJTS0lOIjp7InVybCI6Imh0dHBzOi8vdGV4dHVyZXMubWluZWNyYWZ0Lm5ldC90ZXh0dXJlLzQ5MGJkY2YzOWY5ZTNkNDgyZTQ1OTg1ODE1ZDdjNzJhNDAwMjQ2NjM0OTc1YzAxNGZhY2VkMjIzZjhmZGIzYTIifX19\"}]},Name:\"0d810243-e5cb-2c36-8245-695b6941ffe0\"},display:{Lore:[0:\"§7An NPC partially stuck in a tree.\"],Name:\"§dArgofay Treemerger (Rift NPC)\"},ExtraAttributes:{id:\"ARGOFAY_TREEMERGER_RIFT_NPC\"}}",
  "damage": 3,
  "lore": [
    "§7An NPC partially stuck in a tree."
  ],
  "internalname": "ARGOFAY_TREEMERGER_RIFT_NPC",
  "clickcommand": "",
  "modver": "2.4.0",
  "x": -145,
  "y": 94,
  "z": 140,
  "island": "rift",
  "info": [
    "https://hypixel-skyblock.fandom.com/wiki/Argofay_Treemerger",
    "https://wiki.hypixel.net/Argofay_Treemerger"
  ],
  "crafttext": "",
  "infoType": "WIKI_URL"
}