{
  "itemid": "minecraft:leather_boots",
  "displayname": "§5Boots of the Rising Sun",
  "nbttag": "{ExtraAttributes:{color:\"159:134:9\",id:\"ARMOR_OF_THE_RESISTANCE_BOOTS\",leaderPosition:0,leaderVotes:0,originTag:\"REWARD_SERAPHINE:ARMOR_OF_THE_RESISTANCE_BOOTS\"},HideFlags:254,ItemModel:\"minecraft:leather_boots\",Unbreakable:1B,display:{Lore:[0:\"§7Health: §c+8\",1:\"§7Defense: §a+8\",2:\"\",3:\"§6Full Set Bonus: Power of the Resistance §7(0/4)\",4:\"§7Provides a damage bonus while\",5:\"§7fighting against Dante, and reduces\",6:\"§7damage taken from Dante.\",7:\"\",8:\"§8This item can be reforged!\",9:\"§5§lEPIC BOOTS\"],Name:\"§5Boots of the Rising Sun\",color:10454537}}",
  "damage": 0,
  "lore": [
    "§7Health: §c+8",
    "§7Defense: §a+8",
    "",
    "§6Full Set Bonus: Power of the Resistance §7(0/4)",
    "§7Provides a damage bonus while",
    "§7fighting against Dante, and reduces",
    "§7damage taken from Dante.",
    "",
    "§8This item can be reforged!",
    "§5§lEPIC BOOTS"
  ],
  "internalname": "ARMOR_OF_THE_RESISTANCE_BOOTS",
  "clickcommand": "",
  "crafttext": "",
  "modver": "Firmament 3.4.0-dev+mc1.21.5+g4cd6602",
  "infoType": "WIKI_URL",
  "info": [
    "https://hypixel-skyblock.fandom.com/wiki/Boots_of_the_Rising_Sun",
    "https://wiki.hypixel.net/Boots_Of_The_Rising_Sun"
  ]
}