{
  "itemid": "minecraft:golden_chestplate",
  "displayname": "§5Chestplate of the Rising Sun",
  "nbttag": "{ExtraAttributes:{id:\"ARMOR_OF_THE_RESISTANCE_CHESTPLATE\",leaderPosition:0,leaderVotes:0,originTag:\"REWARD_SERAPHINE:ARMOR_OF_THE_RESISTANCE_CHESTPLATE\"},HideFlags:254,ItemModel:\"minecraft:golden_chestplate\",Unbreakable:1B,display:{Lore:[0:\"§7Health: §c+15\",1:\"§7Defense: §a+15\",2:\"\",3:\"§6Full Set Bonus: Power of the Resistance §7(0/4)\",4:\"§7Provides a damage bonus while\",5:\"§7fighting against Dante, and reduces\",6:\"§7damage taken from Dante.\",7:\"\",8:\"§8This item can be reforged!\",9:\"§5§lEPIC CHESTPLATE\"],Name:\"§5Chestplate of the Rising Sun\"}}",
  "damage": 0,
  "lore": [
    "§7Health: §c+15",
    "§7Defense: §a+15",
    "",
    "§6Full Set Bonus: Power of the Resistance §7(0/4)",
    "§7Provides a damage bonus while",
    "§7fighting against Dante, and reduces",
    "§7damage taken from Dante.",
    "",
    "§8This item can be reforged!",
    "§5§lEPIC CHESTPLATE"
  ],
  "internalname": "ARMOR_OF_THE_RESISTANCE_CHESTPLATE",
  "clickcommand": "",
  "crafttext": "",
  "modver": "Firmament 3.4.0-dev+mc1.21.5+g4cd6602",
  "infoType": "WIKI_URL",
  "info": [
    "https://hypixel-skyblock.fandom.com/wiki/Chestplate_of_the_Rising_Sun",
    "https://wiki.hypixel.net/Chestplate_Of_The_Rising_Sun"
  ]
}