{
  "itemid": "minecraft:leather_helmet",
  "displayname": "§5Armor of Magma Helmet",
  "nbttag": "{ExtraAttributes:{color:\"255:147:0\",id:\"ARMOR_OF_MAGMA_HELMET\"},HideFlags:254,ItemModel:\"minecraft:leather_helmet\",Unbreakable:1B,display:{Lore:[0:\"§7Health: §c+50\",1:\"§7Defense: §a+15\",2:\"\",3:\"§6Full Set Bonus: Absorb\",4:\"§7Every §910 Magma Cubes killed\",5:\"§7gives the wearer §a+1 §c❤ Health\",6:\"§7and §b✎ Intelligence§7 while\",7:\"§7wearing the set. Max 200 each.\",8:\"\",9:\"§8This item can be reforged!\",10:\"§5§lEPIC HELMET\"],Name:\"§5Armor of Magma Helmet\",color:16749312}}",
  "damage": 0,
  "lore": [
    "§7Health: §c+50",
    "§7Defense: §a+15",
    "",
    "§6Full Set Bonus: Absorb",
    "§7Every §910 Magma Cubes killed",
    "§7gives the wearer §a+1 §c❤ Health",
    "§7and §b✎ Intelligence§7 while",
    "§7wearing the set. Max 200 each.",
    "",
    "§8This item can be reforged!",
    "§5§lEPIC HELMET"
  ],
  "internalname": "ARMOR_OF_MAGMA_HELMET",
  "clickcommand": "",
  "crafttext": "Requires: Magma Cream VIII",
  "modver": "Firmament 3.2.0-dev+mc1.21.5+gb028db5",
  "infoType": "WIKI_URL",
  "info": [
    "https://hypixel-skyblock.fandom.com/wiki/Armor_of_Magma_Helmet",
    "https://wiki.hypixel.net/Armor_Of_Magma_Helmet"
  ]
}