{
  "itemid": "minecraft:leather_leggings",
  "displayname": "§5Yog Leggings",
  "nbttag": "{ExtraAttributes:{id:\"ARMOR_OF_YOG_LEGGINGS\"},HideFlags:254,ItemModel:\"minecraft:leather_leggings\",Unbreakable:1B,display:{Lore:[0:\"§7Health: §c+50\",1:\"§7Defense: §a+15\",2:\"§7Mining Speed: §6+25\",3:\"§7Mining Fortune: §6+20\",4:\"§7Heat Resistance: §c+10\",5:\" §8[§7❂§8] [⸕] [☘]\",6:\"\",7:\"§6Full Set Bonus: Absorb §7(0/4)\",8:\"§7Every §95 Yogs killed§7 grants the\",9:\"§7wearer §6+1⸕ Mining Speed§7. §8(Max 500).\",10:\"\",11:\"§7Yogs Killed: §a0\",12:\"§7Mining Speed: §a0\",13:\"\",14:\"§8This item can be reforged!\",15:\"§4❣ §cRequires §aHard Stone Collection V§c.\",16:\"§5§lEPIC LEGGINGS\"],Name:\"§5Yog Leggings\",color:13120000}}",
  "damage": 0,
  "lore": [
    "§7Health: §c+50",
    "§7Defense: §a+15",
    "§7Mining Speed: §6+25",
    "§7Mining Fortune: §6+20",
    "§7Heat Resistance: §c+10",
    " §8[§7❂§8] [⸕] [☘]",
    "",
    "§6Full Set Bonus: Absorb §7(0/4)",
    "§7Every §95 Yogs killed§7 grants the",
    "§7wearer §6+1⸕ Mining Speed§7. §8(Max 500).",
    "",
    "§7Yogs Killed: §a0",
    "§7Mining Speed: §a0",
    "",
    "§8This item can be reforged!",
    "§4❣ §cRequires §aHard Stone Collection V§c.",
    "§5§lEPIC LEGGINGS"
  ],
  "internalname": "ARMOR_OF_YOG_LEGGINGS",
  "clickcommand": "viewrecipe",
  "crafttext": "Requires: Hard Stone V",
  "modver": "Firmament 3.4.0-dev+mc1.21.5+g4cd6602",
  "infoType": "WIKI_URL",
  "info": [
    "https://hypixel-skyblock.fandom.com/wiki/Yog_Leggings",
    "https://wiki.hypixel.net/Yog_Leggings"
  ],
  "recipe": {
    "A1": "YOGGIE:5",
    "A2": "YOGGIE:5",
    "A3": "YOGGIE:5",
    "B1": "YOGGIE:5",
    "B2": "FLAME_BREAKER_LEGGINGS:1",
    "B3": "YOGGIE:5",
    "C1": "YOGGIE:5",
    "C2": "YOGGIE:5",
    "C3": "YOGGIE:5"
  }
}