{
  "itemid": "minecraft:leather_leggings",
  "displayname": "§5Leggings of the Rising Sun",
  "nbttag": "{ExtraAttributes:{color:\"222:188:21\",id:\"ARMOR_OF_THE_RESISTANCE_LEGGINGS\",leaderPosition:0,leaderVotes:0,originTag:\"REWARD_SERAPHINE:ARMOR_OF_THE_RESISTANCE_LEGGINGS\"},HideFlags:254,ItemModel:\"minecraft:leather_leggings\",Unbreakable:1B,display:{Lore:[0:\"§7Health: §c+12\",1:\"§7Defense: §a+12\",2:\"\",3:\"§6Full Set Bonus: Power of the Resistance §7(0/4)\",4:\"§7Provides a damage bonus while\",5:\"§7fighting against Dante, and reduces\",6:\"§7damage taken from Dante.\",7:\"\",8:\"§8This item can be reforged!\",9:\"§5§lEPIC LEGGINGS\"],Name:\"§5Leggings of the Rising Sun\",color:14597141}}",
  "damage": 0,
  "lore": [
    "§7Health: §c+12",
    "§7Defense: §a+12",
    "",
    "§6Full Set Bonus: Power of the Resistance §7(0/4)",
    "§7Provides a damage bonus while",
    "§7fighting against Dante, and reduces",
    "§7damage taken from Dante.",
    "",
    "§8This item can be reforged!",
    "§5§lEPIC LEGGINGS"
  ],
  "internalname": "ARMOR_OF_THE_RESISTANCE_LEGGINGS",
  "clickcommand": "",
  "crafttext": "",
  "modver": "Firmament 3.4.0-dev+mc1.21.5+g4cd6602",
  "infoType": "WIKI_URL",
  "info": [
    "https://hypixel-skyblock.fandom.com/wiki/Leggings_of_the_Rising_Sun",
    "https://wiki.hypixel.net/Leggings_Of_The_Rising_Sun"
  ]
}