{
  "itemid": "minecraft:leather_chestplate",
  "displayname": "§5Armor of Magma Chestplate",
  "nbttag": "{ExtraAttributes:{color:\"255:147:0\",id:\"ARMOR_OF_MAGMA_CHESTPLATE\",originTag:\"CRAFTING_GRID_SHIFT\"},HideFlags:254,ItemModel:\"minecraft:leather_chestplate\",Unbreakable:1B,display:{Lore:[0:\"§7Health: §c+100\",1:\"§7Defense: §a+30\",2:\"\",3:\"§6Full Set Bonus: Absorb §7(0/4)\",4:\"§7Every §910 Magma Cubes killed§7 gives\",5:\"§7the wearer §a+1 §c❤ Health §7and §b✎\",6:\"§bIntelligence§7 while wearing the set.\",7:\"§7Max 200 each.\",8:\"\",9:\"§7Magma Cubes Killed: §a0\",10:\"§7Bonus HP: §a0\",11:\"§7Bonus Intelligence: §a0\",12:\"\",13:\"§8This item can be reforged!\",14:\"§5§lEPIC CHESTPLATE\"],Name:\"§5Armor of Magma Chestplate\",color:16749312}}",
  "damage": 0,
  "lore": [
    "§7Health: §c+100",
    "§7Defense: §a+30",
    "",
    "§6Full Set Bonus: Absorb §7(0/4)",
    "§7Every §910 Magma Cubes killed§7 gives",
    "§7the wearer §a+1 §c❤ Health §7and §b✎",
    "§bIntelligence§7 while wearing the set.",
    "§7Max 200 each.",
    "",
    "§7Magma Cubes Killed: §a0",
    "§7Bonus HP: §a0",
    "§7Bonus Intelligence: §a0",
    "",
    "§8This item can be reforged!",
    "§5§lEPIC CHESTPLATE"
  ],
  "internalname": "ARMOR_OF_MAGMA_CHESTPLATE",
  "clickcommand": "",
  "crafttext": "Requires: Magma Cream VIII",
  "modver": "Firmament 3.4.0-dev+mc1.21.5+g4cd6602",
  "infoType": "WIKI_URL",
  "info": [
    "https://hypixel-skyblock.fandom.com/wiki/Armor_of_Magma_Chestplate",
    "https://wiki.hypixel.net/Armor_Of_Magma_Chestplate"
  ]
}