{
  "itemid": "minecraft:wooden_shovel",
  "displayname": "§5Aspect of the Leech",
  "nbttag": "{ExtraAttributes:{id:\"ASPECT_OF_THE_LEECH_3\"},HideFlags:254,ItemModel:\"minecraft:wooden_shovel\",Unbreakable:1B,display:{Lore:[0:\"§6Ability: Weird Transmission  §e§lRIGHT CLICK\",1:\"§7Teleport §a5 blocks§7 ahead of you.\",2:\"§8Mana Cost: §350\",3:\"\",4:\"§5§lEPIC WAND\"],Name:\"§5Aspect of the Leech\"},ench:[]}",
  "damage": 0,
  "lore": [
    "§6Ability: Weird Transmission  §e§lRIGHT CLICK",
    "§7Teleport §a5 blocks§7 ahead of you.",
    "§8Mana Cost: §350",
    "",
    "§5§lEPIC WAND"
  ],
  "internalname": "ASPECT_OF_THE_LEECH_3",
  "clickcommand": "viewrecipe",
  "crafttext": "",
  "modver": "Firmament 3.2.0-dev+mc1.21.5+g0b9d5bd",
  "infoType": "WIKI_URL",
  "info": [
    "https://hypixel-skyblock.fandom.com/wiki/Aspect_of_the_Leech",
    "https://wiki.hypixel.net/Aspect_Of_The_Leech"
  ],
  "recipe": {
    "A1": "",
    "A2": "",
    "A3": "",
    "B1": "SUPER_LEECH_MODIFIER:1",
    "B2": "ASPECT_OF_THE_LEECH_2:1",
    "B3": "SUPER_LEECH_MODIFIER:1",
    "C1": "",
    "C2": "",
    "C3": ""
  }
}