{
  "itemid": "minecraft:diamond_sword",
  "displayname": "§9Aspect of the End",
  "nbttag": "{ExtraAttributes:{ethermerge:1B,id:\"ASPECT_OF_THE_END\"},HideFlags:254,ItemModel:\"minecraft:diamond_sword\",Unbreakable:1B,display:{Lore:[0:\"§7Damage: §c+100\",1:\"§7Strength: §c+100\",2:\" §8[§7✎§8]\",3:\"\",4:\"§6Ability: Instant Transmission  §e§lRIGHT CLICK\",5:\"§7Teleport §a8 blocks§7 ahead of you and\",6:\"§7gain §a+50 §f✦ Speed§7 for §a3 seconds§7.\",7:\"§8Mana Cost: §350\",8:\"\",9:\"§6Ability: Ether Transmission  §e§lSNEAK RIGHT CLICK\",10:\"§7Teleport to your targeted block up\",11:\"§7to §a57 blocks §7away.\",12:\"§8Soulflow Cost: §31\",13:\"§8Mana Cost: §3180\",14:\"\",15:\"§8This item can be reforged!\",16:\"§9§lRARE SWORD\"],Name:\"§9Aspect of the End\"}}",
  "damage": 0,
  "lore": [
    "§7Damage: §c+100",
    "§7Strength: §c+100",
    " §8[§7✎§8]",
    "",
    "§6Ability: Instant Transmission  §e§lRIGHT CLICK",
    "§7Teleport §a8 blocks§7 ahead of you and",
    "§7gain §a+50 §f✦ Speed§7 for §a3 seconds§7.",
    "§8Mana Cost: §350",
    "",
    "§6Ability: Ether Transmission  §e§lSNEAK RIGHT CLICK",
    "§7Teleport to your targeted block up",
    "§7to §a57 blocks §7away.",
    "§8Soulflow Cost: §31",
    "§8Mana Cost: §3180",
    "",
    "§8This item can be reforged!",
    "§9§lRARE SWORD"
  ],
  "internalname": "ASPECT_OF_THE_END",
  "clickcommand": "viewrecipe",
  "crafttext": "Requires: Ender Pearl VIII",
  "modver": "Firmament 3.2.0-dev+mc1.21.5+g0b9d5bd",
  "infoType": "WIKI_URL",
  "info": [
    "https://hypixel-skyblock.fandom.com/wiki/Aspect_of_the_End",
    "https://wiki.hypixel.net/Aspect_Of_The_End"
  ],
  "recipe": {
    "A1": "",
    "A2": "ENCHANTED_EYE_OF_ENDER:16",
    "A3": "",
    "B1": "",
    "B2": "ENCHANTED_EYE_OF_ENDER:16",
    "B3": "",
    "C1": "",
    "C2": "ENCHANTED_DIAMOND:1",
    "C3": ""
  }
}