{
  "itemid": "minecraft:iron_sword",
  "displayname": "§6Astraea",
  "nbttag": "{ExtraAttributes:{id:\"ASTRAEA\"},HideFlags:254,ItemModel:\"minecraft:iron_sword\",Unbreakable:1B,display:{Lore:[0:\"§7Gear Score: §d985\",1:\"§7Defense: §a+250\",2:\"§7True Defense: §f+20\",3:\"§7Damage: §c+270\",4:\"§7Strength: §c+150\",5:\"§7Ferocity: §c+30\",6:\"§7Intelligence: §b+50\",7:\" §8[☤] [⚔]\",8:\"\",9:\"§7Deals §c+50% §7damage to §8☠ Wither §7mobs.\",10:\"§7Grants §c+1 ❁ Damage §7and §a+2 ❈\",11:\"§aDefense §7per §cCatacombs §7level.\",12:\"\",13:\"§eRight-click to use your class ability!\",14:\"\",15:\"§8This item can be reforged!\",16:\"§4❣ §cRequires The Catacombs Floor VII Completion.\",17:\"§6§lLEGENDARY DUNGEON SWORD\"],Name:\"§6Astraea\"}}",
  "damage": 0,
  "lore": [
    "§7Gear Score: §d985",
    "§7Defense: §a+250",
    "§7True Defense: §f+20",
    "§7Damage: §c+270",
    "§7Strength: §c+150",
    "§7Ferocity: §c+30",
    "§7Intelligence: §b+50",
    " §8[☤] [⚔]",
    "",
    "§7Deals §c+50% §7damage to §8☠ Wither §7mobs.",
    "§7Grants §c+1 ❁ Damage §7and §a+2 ❈",
    "§aDefense §7per §cCatacombs §7level.",
    "",
    "§eRight-click to use your class ability!",
    "",
    "§8This item can be reforged!",
    "§4❣ §cRequires The Catacombs Floor VII Completion.",
    "§6§lLEGENDARY DUNGEON SWORD"
  ],
  "internalname": "ASTRAEA",
  "clickcommand": "viewrecipe",
  "crafttext": "",
  "modver": "Firmament 3.4.0-dev+mc1.21.5+g4cd6602",
  "infoType": "WIKI_URL",
  "info": [
    "https://hypixel-skyblock.fandom.com/wiki/Astraea",
    "https://wiki.hypixel.net/Astraea"
  ],
  "recipe": {
    "A1": "GIANT_FRAGMENT_BOULDER:1",
    "A2": "GIANT_FRAGMENT_BOULDER:1",
    "A3": "GIANT_FRAGMENT_BOULDER:1",
    "B1": "GIANT_FRAGMENT_BOULDER:1",
    "B2": "NECRON_BLADE:1",
    "B3": "GIANT_FRAGMENT_BOULDER:1",
    "C1": "GIANT_FRAGMENT_BOULDER:1",
    "C2": "GIANT_FRAGMENT_BOULDER:1",
    "C3": "GIANT_FRAGMENT_BOULDER:1"
  },
  "parent": "NECRON_BLADE"
}