{
  "itemid": "minecraft:diamond_sword",
  "displayname": "§6Atomsplit Katana",
  "nbttag": "{ExtraAttributes:{id:\"ATOMSPLIT_KATANA\"},HideFlags:254,ItemModel:\"minecraft:diamond_sword\",Unbreakable:1B,display:{Lore:[0:\"§7Damage: §c+305\",1:\"§7Strength: §c+100\",2:\"§7Crit Damage: §9+50%\",3:\"§7Intelligence: §b+300\",4:\" §8[❁] [✎] [✎]\",5:\"\",6:\"§7Deal §a+300% §7damage to Endermen.\",7:\"§7Receive §a12% §7less damage from\",8:\"§7Endermen when held.\",9:\"§7Gain §3+45☯ Combat Wisdom§7 against\",10:\"§7Endermen.\",11:\"\",12:\"§6Ability: Soulcry  §e§lRIGHT CLICK\",13:\"§7Gain §c+400⫽ Ferocity §7against Endermen for §a4s\",14:\"§8Soulflow Cost: §32\",15:\"§8Mana Cost: §3200\",16:\"§8Cooldown: §a4s\",17:\"\",18:\"§8This item can be reforged!\",19:\"§4☠ §cRequires §5Enderman Slayer 6§c.\",20:\"§6§lLEGENDARY SWORD\"],Name:\"§6Atomsplit Katana\"},ench:[]}",
  "damage": 0,
  "lore": [
    "§7Damage: §c+305",
    "§7Strength: §c+100",
    "§7Crit Damage: §9+50%",
    "§7Intelligence: §b+300",
    " §8[❁] [✎] [✎]",
    "",
    "§7Deal §a+300% §7damage to Endermen.",
    "§7Receive §a12% §7less damage from",
    "§7Endermen when held.",
    "§7Gain §3+45☯ Combat Wisdom§7 against",
    "§7Endermen.",
    "",
    "§6Ability: Soulcry  §e§lRIGHT CLICK",
    "§7Gain §c+400⫽ Ferocity §7against Endermen for §a4s",
    "§8Soulflow Cost: §32",
    "§8Mana Cost: §3200",
    "§8Cooldown: §a4s",
    "",
    "§8This item can be reforged!",
    "§4☠ §cRequires §5Enderman Slayer 6§c.",
    "§6§lLEGENDARY SWORD"
  ],
  "internalname": "ATOMSPLIT_KATANA",
  "clickcommand": "viewrecipe",
  "crafttext": "Requires: Enderman Slayer 6",
  "modver": "Firmament 3.4.0-dev+mc1.21.5+g4cd6602",
  "infoType": "WIKI_URL",
  "info": [
    "https://hypixel-skyblock.fandom.com/wiki/Atomsplit_Katana",
    "https://wiki.hypixel.net/Atomsplit_Katana"
  ],
  "recipe": {
    "A1": "",
    "A2": "NULL_BLADE:1",
    "A3": "",
    "B1": "",
    "B2": "NULL_BLADE:1",
    "B3": "",
    "C1": "",
    "C2": "VORPAL_KATANA:1",
    "C3": ""
  },
  "slayer_req": "EMAN_6"
}