{
  "itemid": "minecraft:skull",
  "displayname": "§5Atoned Revenant (Miniboss)",
  "nbttag": "{ExtraAttributes:{id:\"ATONED_REVENANT_MINIBOSS\"},HideFlags:254,ItemModel:\"minecraft:zombie_head\",display:{Lore:[0:\"§7The Atoned Revenant is a Revenant Horror\",1:\"§7Miniboss that very rarely spawns after killing a\",2:\"§7Zombie during Revenant Horror Tier V Quests.\",3:\"\",4:\"§c❤ Health§8: §c2,400,000\"],Name:\"§5Atoned Revenant (Miniboss)\"}}",
  "damage": 2,
  "lore": [
    "§7The Atoned Revenant is a Revenant Horror",
    "§7Miniboss that very rarely spawns after killing a",
    "§7Zombie during Revenant Horror Tier V Quests.",
    "",
    "§c❤ Health§8: §c2,400,000"
  ],
  "internalname": "ATONED_REVENANT_MINIBOSS",
  "clickcommand": "viewrecipe",
  "crafttext": "",
  "modver": "Firmament 3.7.1-dev+mc1.21.5+g19c6b28",
  "infoType": "WIKI_URL",
  "info": [
    "https://hypixel-skyblock.fandom.com/wiki/Atoned_Revenant",
    "https://wiki.hypixel.net/Atoned_Revenant"
  ],
  "recipes": [
    {
      "name": "§4Atoned Revenant",
      "render": "@neurepo:mobs/atoned_revenant.json",
      "level": 770,
      "type": "drops",
      "panorama": "hub",
      "drops": [
        {
          "id": "REVENANT_FLESH:5",
          "chance": "100%"
        }
      ]
    }
  ]
}