{
  "itemid": "minecraft:obsidian",
  "displayname": "§aObsidian Defender Shard",
  "nbttag": "{ExtraAttributes:{attributes:{speed:1},id:\"ATTRIBUTE_SHARD_SPEED;1\"},HideFlags:254,ItemModel:\"minecraft:obsidian\",display:{Lore:[0:\"§6Speed I\",1:\"§7Grants §f+1 ✦ Speed§7.\",2:\"\",3:\"§7You can Syphon this shard from\",4:\"§7your §aHunting Box§7.\",5:\"\",6:\"§eRight-click to send to Hunting Box!\",7:\"§eShift Right-click to move all!\",8:\"\",9:\"§a§lUNCOMMON COMBAT SHARD §8(ID U18)\"],Name:\"§aObsidian Defender Shard\"}}",
  "damage": 0,
  "lore": [
    "§6Speed I",
    "§7Grants §f+1 ✦ Speed§7.",
    "",
    "§7You can Syphon this shard from",
    "§7your §aHunting Box§7.",
    "",
    "§eRight-click to send to Hunting Box!",
    "§eShift Right-click to move all!",
    "",
    "§a§lUNCOMMON COMBAT SHARD §8(ID U18)"
  ],
  "internalname": "ATTRIBUTE_SHARD_SPEED;1",
  "clickcommand": "",
  "crafttext": "",
  "modver": "Firmament 3.4.0-dev+mc1.21.5+g4cd6602",
  "infoType": "",
  "info": []
}