{
  "itemid": "minecraft:packed_ice",
  "displayname": "§9Glacite Walker Shard",
  "nbttag": "{ExtraAttributes:{attributes:{ice_essence:1},id:\"ATTRIBUTE_SHARD_ICE_ESSENCE;1\"},HideFlags:254,ItemModel:\"minecraft:packed_ice\",display:{Lore:[0:\"§6Essence of Ice I\",1:\"§7Gain §a+1% §7more §bIce Essence§7.\",2:\"\",3:\"§7You can Syphon this shard from\",4:\"§7your §aHunting Box§7.\",5:\"\",6:\"§eRight-click to send to Hunting Box!\",7:\"§eShift Right-click to move all!\",8:\"\",9:\"§4❣ §cRequires §aHunting Skill 10§c.\",10:\"§9§lRARE COMBAT SHARD §8(ID R6)\"],Name:\"§9Glacite Walker Shard\"}}",
  "damage": 0,
  "lore": [
    "§6Essence of Ice I",
    "§7Gain §a+1% §7more §bIce Essence§7.",
    "",
    "§7You can Syphon this shard from",
    "§7your §aHunting Box§7.",
    "",
    "§eRight-click to send to Hunting Box!",
    "§eShift Right-click to move all!",
    "",
    "§4❣ §cRequires §aHunting Skill 10§c.",
    "§9§lRARE COMBAT SHARD §8(ID R6)"
  ],
  "internalname": "ATTRIBUTE_SHARD_ICE_ESSENCE;1",
  "clickcommand": "",
  "crafttext": "",
  "modver": "Firmament 3.4.0-dev+mc1.21.5+g4cd6602",
  "infoType": "",
  "info": []
}