{
  "itemid": "minecraft:fishing_rod",
  "displayname": "§6Auger Rod",
  "nbttag": "{ExtraAttributes:{id:\"AUGER_ROD\"},HideFlags:254,Unbreakable:1B,display:{Lore:[0:\"§7Damage: §c+135\",1:\"§7Strength: §c+90\",2:\"§7Fishing Speed: §b+110\",3:\"\",4:\"§7§cThis rod is broken and cannot be\",5:\"§cused to fish.\",6:\"\",7:\"§7Bring it to §2Roddy §7in the §2Backwater\",8:\"§2Bayou §7to convert it into a §anew rod§7!\",9:\"\",10:\"§7§8This item can be reforged!\",11:\"§7§4❣ §cRequires §aFishing Skill 25§c\",12:\"§6§lLEGENDARY FISHING ROD\"],Name:\"§6Auger Rod\"}}",
  "damage": 0,
  "lore": [
    "§7Damage: §c+135",
    "§7Strength: §c+90",
    "§7Fishing Speed: §b+110",
    "",
    "§7§cThis rod is broken and cannot be",
    "§cused to fish.",
    "",
    "§7Bring it to §2Roddy §7in the §2Backwater",
    "§2Bayou §7to convert it into a §anew rod§7!",
    "",
    "§7§8This item can be reforged!",
    "§7§4❣ §cRequires §aFishing Skill 25§c",
    "§6§lLEGENDARY FISHING ROD"
  ],
  "internalname": "AUGER_ROD",
  "clickcommand": "",
  "modver": "",
  "crafttext": "",
  "infoType": "WIKI_URL",
  "info": [
    "https://hypixel-skyblock.fandom.com/wiki/Auger_Rod",
    "https://wiki.hypixel.net/Auger_Rod"
  ]
}