{
  "itemid": "minecraft:leather_chestplate",
  "displayname": "§6Aurora Chestplate",
  "nbttag": "{ExtraAttributes:{id:\"AURORA_CHESTPLATE\"},HideFlags:254,ItemModel:\"minecraft:leather_chestplate\",Unbreakable:1B,display:{Lore:[0:\"§7Health: §c+230\",1:\"§7Defense: §a+65\",2:\"§7Intelligence: §b+175\",3:\" §8[⚔] [⚔]\",4:\"\",5:\"§8Tiered Bonus: Arcane Energy (0/4)\",6:\"§7Every §a1s§7, dealing §bMagic Damage§7 from an\",7:\"§7ability grants §c1§7 stack of §6Ѫ Arcane Energy§7.\",8:\"§8Lose 1 stack after 4s of not gaining a stack.\",9:\" \",10:\"§6Ability: Homing Missiles §e§lSNEAK\",11:\"§7At §c10§7 stacks, sneak to reset your\",12:\"§7stacks and shoot §a3§7 homing missiles\",13:\"§7dealing §c5,000 Damage§7 each.\",14:\"\",15:\"§8This item can be reforged!\",16:\"§4❣ §cRequires §aCombat Skill 22§c.\",17:\"§4❣ §cRequires Kuudra Basic Tier Completion.\",18:\"§6§lLEGENDARY CHESTPLATE\"],Name:\"§6Aurora Chestplate\",color:2638321}}",
  "damage": 0,
  "lore": [
    "§7Health: §c+230",
    "§7Defense: §a+65",
    "§7Intelligence: §b+175",
    " §8[⚔] [⚔]",
    "",
    "§8Tiered Bonus: Arcane Energy (0/4)",
    "§7Every §a1s§7, dealing §bMagic Damage§7 from an",
    "§7ability grants §c1§7 stack of §6Ѫ Arcane Energy§7.",
    "§8Lose 1 stack after 4s of not gaining a stack.",
    " ",
    "§6Ability: Homing Missiles §e§lSNEAK",
    "§7At §c10§7 stacks, sneak to reset your",
    "§7stacks and shoot §a3§7 homing missiles",
    "§7dealing §c5,000 Damage§7 each.",
    "",
    "§8This item can be reforged!",
    "§4❣ §cRequires §aCombat Skill 22§c.",
    "§4❣ §cRequires Kuudra Basic Tier Completion.",
    "§6§lLEGENDARY CHESTPLATE"
  ],
  "internalname": "AURORA_CHESTPLATE",
  "clickcommand": "",
  "crafttext": "",
  "modver": "Firmament 3.4.0-dev+mc1.21.5+g4cd6602",
  "infoType": "WIKI_URL",
  "info": [
    "https://hypixel-skyblock.fandom.com/wiki/Aurora_Chestplate",
    "https://wiki.hypixel.net/Aurora_Chestplate"
  ]
}