{
  "itemid": "minecraft:skull",
  "displayname": "§aAutomaton (Monster)",
  "nbttag": "{ExtraAttributes:{id:\"AUTOMATON_MONSTER\"},HideFlags:254,ItemModel:\"minecraft:player_head\",SkullOwner:{Id:\"a46a9adf-60a3-38f2-a3dd-335d85f1cc10\",Properties:{textures:[0:{Name:\"textures\",Value:\"eyJ0ZXh0dXJlcyI6eyJTS0lOIjp7InVybCI6Imh0dHA6Ly90ZXh0dXJlcy5taW5lY3JhZnQubmV0L3RleHR1cmUvMjJiY2FjZWViNDE2MmY0MDBkNDQ3NDMzMTU5MzJhYzgyMGQzMTE5YWM4OTg2YTAxNjFhNzI2MTYxY2NjOTNmYyJ9fX0\"}]},hypixelPopulated:1B},display:{Lore:[0:\"§7Ancient robots which protect the\",1:\"§7lands of the Precursor from\",2:\"§7whoever dares to trespass\",3:\"\",4:\"§7Mob Types: §6⛏ Subterranean§7, ⚙ Construct, §5♃ Arcane\",5:\"§c❤ Health§8: §c15,000\"],Name:\"§aAutomaton (Monster)\"},ench:[]}",
  "damage": 3,
  "lore": [
    "§7Ancient robots which protect the",
    "§7lands of the Precursor from",
    "§7whoever dares to trespass",
    "",
    "§7Mob Types: §6⛏ Subterranean§7, ⚙ Construct, §5♃ Arcane",
    "§c❤ Health§8: §c15,000"
  ],
  "internalname": "AUTOMATON_MONSTER",
  "clickcommand": "viewrecipe",
  "crafttext": "",
  "modver": "Firmament 3.7.1-dev+mc1.21.5+g19c6b28",
  "infoType": "WIKI_URL",
  "info": [
    "https://hypixel-skyblock.fandom.com/wiki/Automaton",
    "https://wiki.hypixel.net/Automaton"
  ],
  "recipes": [
    {
      "level": 100,
      "coins": 10,
      "xp": 10,
      "combat_xp": 40,
      "name": "§cAutomaton",
      "panorama": "crystal_hollows",
      "render": "Eisengolem",
      "type": "drops",
      "drops": [
        {
          "id": "ROUGH_SAPPHIRE_GEM:1",
          "chance": "x8-15"
        },
        {
          "id": "CONTROL_SWITCH:1",
          "chance": "1%"
        },
        {
          "id": "SUPERLITE_MOTOR:1",
          "chance": "1%"
        },
        {
          "id": "FTX_3070:1",
          "chance": "1%"
        },
        {
          "id": "ELECTRON_TRANSMITTER:1",
          "chance": "1%"
        },
        {
          "id": "SYNTHETIC_HEART:1",
          "chance": "1%"
        },
        {
          "id": "ROBOTRON_REFLECTOR:1",
          "chance": "1%"
        }
      ]
    },
    {
      "level": 150,
      "coins": 10,
      "xp": 10,
      "combat_xp": 45,
      "name": "§cAutomaton",
      "panorama": "crystal_hollows",
      "render": "Eisengolem",
      "type": "drops",
      "drops": [
        {
          "id": "ROUGH_SAPPHIRE_GEM:1",
          "chance": "x10-18"
        },
        {
          "id": "CONTROL_SWITCH:1",
          "chance": "2%"
        },
        {
          "id": "SUPERLITE_MOTOR:1",
          "chance": "2%"
        },
        {
          "id": "FTX_3070:1",
          "chance": "2%"
        },
        {
          "id": "ELECTRON_TRANSMITTER:1",
          "chance": "2%"
        },
        {
          "id": "SYNTHETIC_HEART:1",
          "chance": "2%"
        },
        {
          "id": "ROBOTRON_REFLECTOR:1",
          "chance": "2%"
        }
      ]
    }
  ]
}