{
  "itemid": "minecraft:skull",
  "displayname": "§aAutonull (Monster)",
  "nbttag": "{ExtraAttributes:{id:\"AUTONULL_MONSTER\"},HideFlags:254,ItemModel:\"minecraft:player_head\",SkullOwner:{Id:\"30887593-a705-5d1a-8bf6-d18c4b57a000\",Properties:{textures:[0:{Name:\"textures\",Value:\"e3RleHR1cmVzOntTS0lOOnt1cmw6Imh0dHA6Ly90ZXh0dXJlcy5taW5lY3JhZnQubmV0L3RleHR1cmUvYjY3MTY4NjIxZmRiMGNmM2Y3ZTU3Y2I1MTY2ZDQ4ZTllOWM4N2Q2Nzc0OTQzMzlmM2I4ZmVlYzhjM2EzNmIifX19\"}]},hypixelPopulated:1B},display:{Lore:[0:\"§c❤ Health§8: §c155\"],Name:\"§aAutonull (Monster)\"}}",
  "damage": 3,
  "lore": [
    "§c❤ Health§8: §c155"
  ],
  "internalname": "AUTONULL_MONSTER",
  "clickcommand": "",
  "crafttext": "",
  "modver": "Firmament 3.7.1-dev+mc1.21.5+g19c6b28",
  "infoType": "WIKI_URL",
  "info": [
    "https://hypixel-skyblock.fandom.com/wiki/Autonull",
    "https://wiki.hypixel.net/Autonull"
  ],
  "recipes": [
    {
      "coins": 0,
      "xp": 0,
      "name": "§cAutonull",
      "render": "@neurepo:mobs/autonull.json",
      "level": 5,
      "combat_xp": 6,
      "type": "drops",
      "panorama": "rift",
      "drops": [
        {
          "id": "SKYBLOCK_MOTE:400",
          "chance": "100%"
        },
        {
          "id": "NULLIFIED_METAL:1",
          "chance": "100%"
        }
      ]
    }
  ]
}