{
  "itemid": "minecraft:leaves",
  "displayname": "§aAutumn Hut Barn Skin",
  "nbttag": "{HideFlags:254,display:{Lore:[0:\"§7§7Consume this item to unlock the\",1:\"§7§aAutumn Hut Barn Skin §7on §aThe Garden§7!\",2:\"\",3:\"§eClick to consume!\",4:\"\",5:\"§a§lUNCOMMON COSMETIC\"],Name:\"§aAutumn Hut Barn Skin\"},ExtraAttributes:{id:\"AUTUMN_HUT_BARN_SKIN\"}}",
  "damage": 2,
  "lore": [
    "§7§7Consume this item to unlock the",
    "§7§aAutumn Hut Barn Skin §7on §aThe Garden§7!",
    "",
    "§eClick to consume!",
    "",
    "§a§lUNCOMMON COSMETIC"
  ],
  "internalname": "AUTUMN_HUT_BARN_SKIN",
  "crafttext": "",
  "clickcommand": "",
  "modver": "",
  "infoType": "WIKI_URL",
  "info": [
    "https://hypixel-skyblock.fandom.com/wiki/Autumn_Hut_Barn_Skin",
    "https://wiki.hypixel.net/Autumn_Hut_Barn_Skin"
  ]
}