{
  "chatPSA": [
    "§c[NEU] We have disabled the NEU RNG Meter Dungeon/Slayer Needed Counter due to a crash. Please update the mod at: §l https://modrinth.com/mod/notenoughupdates/"
  ],
  "enforcedValues": [
    {
      "path": "tooltipTweaks.rngMeterRunsNeeded",
      "value": false
    }
  ],
  "affectedVersions": [
    20000,
    20101,
    20102,
    20103,
    20104,
    20105,
    20106,
    20200,
    20201,
    20202,
    20300,
    20301,
    20302,
    20303,
    20400,
    20500
  ]
}
