{
  "MELON": {
    "total chance": 100208,
    "drops": [
      {
        "chance": 155,
        "amount": [
          320,
          480,
          640
        ]
      },
      {
        "chance": 45,
        "amount": [
          960,
          2080,
          2560
        ]
      },
      {
        "chance": 7,
        "amount": [
          12000,
          25600,
          51200
        ]
      },
      {
        "chance": 1,
        "amount": [
          76800,
          153600,
          204800
        ]
      }
    ]
  },
  "PUMPKIN": {
    "total chance": 100141,
    "drops": [
      {
        "chance": 90,
        "amount": [
          160,
          320,
          480
        ]
      },
      {
        "chance": 40,
        "amount": [
          320,
          640,
          800
        ]
      },
      {
        "chance": 7,
        "amount": [
          2880,
          5600,
          7200
        ]
      },
      {
        "chance": 1,
        "amount": [
          12800,
          25600,
          51200
        ]
      }
    ]
  }
}
