{
  "data": {
    "precursor_ruins": {
      "nothing:no_return": {
        "locations": [
          "-20:85.1:0",
          "-21:85:10",
          "-22:86:18",
          "-23:90:27",
          "-22:94:35",
          "-16:96:39",
          "-12:98:41",
          "-9:95:46",
          "-8:84:49",
          "-4:75:53",
          "-3:73:46",
          "-5:71:40",
          "-7:70:32",
          "-6:69:27",
          "-3:68:21",
          "1:67:15",
          "3:66:9",
          "0:65:6",
          "-6:66:2",
          "-11:66:-1",
          "-15:66:0",
          "-21:65:2",
          "-26:64:4",
          "-33:64:4",
          "-39:65:1",
          "-43:64:-1",
          "-47:65:-4",
          "-51:66:-6",
          "-53:67:-10",
          "-53:69:-14",
          "-59:69:-17",
          "-65:67:-17",
          "-72:65:-17",
          "-79:59:-14",
          "-89:19:-7",
          "-95:17:-7",
          "-96:19:-10",
          "-103:19:-10",
          "-105:18:-5",
          "-108:18:0",
          "-111:19:1",
          "-116:20:0",
          "-122:20:-4",
          "-127:20:-4",
          "-131:21:-3",
          "-137:20.1:-3"
        ],
        "shortCuts": [
        ]
      },
      "no_abilities:no_return": {
        "locations": [],
        "shortCuts": []
      },
      "no_pearls:no_return": {
        "locations": [],
        "shortCuts": []
      },
      "anything:no_return": {
        "locations": [],
        "shortCuts": []
      },
      "nothing:return": {
        "locations": [],
        "shortCuts": []
      },
      "no_abilities:return": {
        "locations": [],
        "shortCuts": []
      },
      "no_pearls:return": {
        "locations": [],
        "shortCuts": []
      },
      "anything:return": {
        "locations": [],
        "shortCuts": []
      }
    },
    "giant_mushroom": {
      "nothing:no_return": {
        "locations": [
          "-20:85.1:0",
          "-21:86:-11",
          "-22:86:-19",
          "-21:94:-35",
          "-18:95:-37",
          "-12:98:-39",
          "-8:100:-41",
          "-6:100:-45",
          "-6:100:-46",
          "-5:95:-51",
          "-2:94:-54",
          "0:94:-58",
          "2:91:-62",
          "3:78:-63",
          "0:76:-58",
          "0:73:-49",
          "0:71:-44",
          "-5:71:-40",
          "-9:63:-37",
          "-13:62:-37",
          "-15:62:-37",
          "-17:62:-33",
          "-20:61:-29",
          "-23:61:-24",
          "-27:61:-19",
          "-27:49:-12",
          "-23:49:-6",
          "-20:49:-4",
          "-18:49:-1",
          "-15:25:8",
          "-16:25:13",
          "-18:14.1:20",
          "-18:14:24",
          "-18:15:27",
          "-18:15:30",
          "-18:15:35",
          "-17:15:39",
          "-17:13.1:44",
          "-17:13:45",
          "-16:10:47",
          "-14:10:50",
          "-12:11:53",
          "-10:11:55",
          "-9:10:59",
          "-9:10.1:61",
          "-9:10:65",
          "-11:11.1:68",
          "-12:11:70",
          "-12:12:73",
          "-12:13:76",
          "-10:14:78",
          "-9:14:81",
          "-8:15.1:83",
          "-7:15:85",
          "-5:16:87",
          "-7:17.1:89",
          "-8:17:92",
          "-8:18:94",
          "-11:19:97",
          "-11:20:95",
          "-8:21:96",
          "-6:22:97",
          "-1:22.1:101"
        ],
        "shortCuts": [
        ]
      },
      "no_abilities:no_return": {
        "locations": [],
        "shortCuts": []
      },
      "no_pearls:no_return": {
        "locations": [],
        "shortCuts": []
      },
      "anything:no_return": {
        "locations": [],
        "shortCuts": []
      },
      "nothing:return": {
        "locations": [],
        "shortCuts": []
      },
      "no_abilities:return": {
        "locations": [],
        "shortCuts": []
      },
      "no_pearls:return": {
        "locations": [],
        "shortCuts": []
      },
      "anything:return": {
        "locations": [],
        "shortCuts": []
      }
    },
    "crystal_core": {
      "nothing:no_return": {
        "locations": [
          "-20:85.1:0",
          "-21:86:-10",
          "-22:86:-19",
          "-22:89:-25",
          "-22:92:-31",
          "-21:94:-35",
          "-16:96:-38",
          "-8:100:-41",
          "-6:100:-45",
          "-5:95:-51",
          "-2:94:-54",
          "0:94:-58",
          "2:91:-62",
          "3:78:-63",
          "-1:76:-58",
          "0:74:-52",
          "1:71:-45",
          "-4:71:-40",
          "-9:63:-37",
          "-15:62:-37",
          "-17:62:-34",
          "-20:61:-29",
          "-22:61:-25",
          "-24:61:-24",
          "-26:61:-21",
          "-27:61:-19",
          "-29:49:-14",
          "-31:49:-11",
          "-31:23:-10",
          "-29:24:-10",
          "-24:23:-10",
          "-21:24:-13",
          "-19:24:-17",
          "-19:26:-20",
          "-18:27:-23",
          "-17:27:-25",
          "-15:27:-26",
          "-16:28:-27",
          "-11:29:-28",
          "-7:28:-28",
          "-6:26:-32",
          "-4:26:-37",
          "-2:27:-33",
          "0:12:-26",
          "0:12.1:-19",
          "3:13.1:-17",
          "7:13.1:-15",
          "9:14.1:-12",
          "6:10:-7",
          "5:10.1:-3"
        ],
        "shortCuts": [
        ]
      },
      "no_abilities:no_return": {
        "locations": [],
        "shortCuts": []
      },
      "no_pearls:no_return": {
        "locations": [],
        "shortCuts": []
      },
      "anything:no_return": {
        "locations": [],
        "shortCuts": []
      },
      "nothing:return": {
        "locations": [],
        "shortCuts": []
      },
      "no_abilities:return": {
        "locations": [],
        "shortCuts": []
      },
      "no_pearls:return": {
        "locations": [],
        "shortCuts": []
      },
      "anything:return": {
        "locations": [],
        "shortCuts": []
      }
    }
  }
}

