{
  "crimson_armors": [
    "Aurora",
    "Crimson",
    "Terror",
    "Fervor",
    "Hollow"
  ],
  "crimson_tiers": {
    "Hot": 10,
    "Burning": 20,
    "Fiery": 30,
    "Infernal": 40
  },
  "crimson_prestige_costs": {
    "HOT": {
      "ESSENCE_CRIMSON": 150,
      "KUUDRA_TEETH": 10,
      "SKYBLOCK_COIN": 2000000
    },
    "BURNING": {
      "ESSENCE_CRIMSON": 800,
      "KUUDRA_TEETH": 20,
      "SKYBLOCK_COIN": 5000000
    },
    "FIERY": {
      "ESSENCE_CRIMSON": 4500,
      "KUUDRA_TEETH": 50,
      "SKYBLOCK_COIN": 10000000
    },
    "INFERNAL": {
      "ESSENCE_CRIMSON": 25500,
      "KUUDRA_TEETH": 80,
      "SKYBLOCK_COIN": 20000000
    }
  },
  "lava_fishing_rods": [
    "STARTER_LAVA_ROD",
    "INFERNO_ROD",
    "MAGMA_ROD",
    "HELLFIRE_ROD",
    "POLISHED_TOPAZ_ROD"
  ],
  "water_fishing_rods": [
    "FISHING_ROD",
    "CHALLENGE_ROD",
    "CHAMP_ROD",
    "LEGEND_ROD",
    "ROD_OF_THE_SEA",
    "GIANT_FISHING_ROD",
    "BINGO_ROD"
  ],
  "dungeon_secret_items": [
    "DEFUSE_KIT",
    "DUNGEON_CHEST_KEY",
    "DUNGEON_DECOY",
    "DUNGEON_TRAP",
    "INFLATABLE_JERRY",
    "POTION_HEALING;8",
    "SPIRIT_LEAP",
    "TRAINING_WEIGHTS",
    "TREASURE_TALISMAN"
  ],
  "enchant_multiplier": {
    "infinite_quiver": 0.03
  },
  "book_bundle_amount": {
    "big_brain": 5,
    "pristine": 1,
    "quantum": 1,
    "rainbow": 1,
    "reflection": 3,
    "small_brain": 1,
    "ultimate_chimera": 1,
    "ultimate_the_one": 1,
    "vicious": 5
  },
  "value_calculation_data": {
    "always_active_enchants": {
      "scavenger": {
        "level": 5,
        "items": [
          "CRYPT_DREADLORD_SWORD",
          "ZOMBIE_SOLDIER_CUTLASS",
          "CONJURING_SWORD",
          "EARTH_SHARD",
          "ZOMBIE_KNIGHT_SWORD",
          "SILENT_DEATH",
          "ZOMBIE_COMMANDER_WHIP",
          "ICE_SPRAY_WAND"
        ]
      },
      "replenish": {
        "level": 1,
        "items": [
          "ADVANCED_GARDENING_HOE",
          "ADVANCED_GARDENING_AXE"
        ]
      }
    },
    "only_tier_one_prices": [
      "ultimate_chimera",
      "ultimate_fatal_tempo",
      "smoldering",
      "ultimate_flash",
      "divine_gift",
      "ice_cold"
    ],
    "only_tier_five_prices": [
      "ferocious_mana",
      "hardened_mana",
      "mana_vampire",
      "strong_mana"
    ],
    "endcap_enchants": {
      "pesterminator": {
        "required_level": 5,
        "endcap_item": "PESTHUNTING_GUIDE"
      },
      "charm": {
        "required_level": 5,
        "endcap_item": "CHAIN_END_TIMES"
      },
      "ender_slayer": {
        "required_level": 6,
        "endcap_item": "ENDSTONE_IDOL"
      },
      "bane_of_arthropods": {
        "required_level": 6,
        "endcap_item": "ENSNARED_SNAIL"
      },
      "luck_of_the_sea": {
        "required_level": 6,
        "endcap_item": "GOLD_BOTTLE_CAP"
      },
      "scavenger": {
        "required_level": 5,
        "endcap_item": "GOLDEN_BOUNTY"
      },
      "spiked_hook": {
        "required_level": 6,
        "endcap_item": "OCTOPUS_TENDRIL"
      },
      "smite": {
        "required_level": 6,
        "endcap_item": "SEVERED_HAND"
      },
      "frail": {
        "required_level": 6,
        "endcap_item": "SEVERED_PINCER"
      },
      "piscary": {
        "required_level": 6,
        "endcap_item": "TROUBLED_BUBBLE"
      }
    }
  },
  "compact_names": {
    "Enchanted": "Ench",
    "Mushroom": "Mush",
    "Mooshroom": "Moosh",
    "Aquamarine Gemstone": "Aqua Gem",
    "Gemstone": "Gem",
    "Exceedingly Rare Ender Artifact Upgrade": "Ender Artifact Upgrade",
    "Perma-Jelled Garlic-Flavored Re-Heated Gummy Polar Bear": "Perma Gummy Bear",
    "Crab Hat of Celebration - 2022 Edition": "Celeb Crab Hat 22'",
    "Crab Hat of Celebration": "Celeb Crab Hat",
    "Sloth Hat of Celebration": "Celeb Sloth Hat",
    "Travel Scroll to ": "TP to ",
    "Wisp's Ice-Flavored Water I Splash Potion": "Ice Water Splash Potion",
    "Basket of Hope from the Great Potato War": "Potato War Basket",
    "Century Cake": "Cent Cake",
    "Extreme Bingo Card (Extreme Bingo #1)": "Extreme Bingo Card 1'",
    "Anniversary Balloon Hat": "Anniv Balloon Hat",
    "An Extremely Difficult Item For You To Find": "Hard To Find Item",
    "Enderman Cortex Rewriter": "Ender Cort",
    "Pocket Espresso Machine": "Espresso Machine",
    " DIAMOND": " Dia",
    " BRONZE": " Bronze",
    " GOLD": " Gold",
    " SILVER": " Silver",
    " Potion": " Pot",
    " - Tier ": " T ",
    "Enchanting ": "Ench ",
    "Experience ": "Exp ",
    "Super Sharp 'n Stabby Steak Stake": "Super Steak Stake",
    "Obfuscated ": "Obfus ",
    "Regeneration ": "Regen ",
    "Invisibility ": "Invis ",
    "Resistance ": "Resis ",
    "Tarantula ": "Tara ",
    "Necromancer Lord  ": "Necro Lord ",
    "Personal Compactor ": "Personal Comp ",
    "Super Compactor ": "Super Comp ",
    "Protection ": "Prot ",
    "Volcanic Stonefish ": "Volc Stone",
    "Talisman": "Talis",
    "Mycelium": "Mycel",
    "Armor of Magma ": "Magma ",
    "New Year Cake Bag": "New Year Bag",
    " Dragon Fragment": " Drag Frag",
    "Great White Shark Tooth": "GWS Tooth",
    "Bane of Arthropods": "Bane of Arthro",
    "Steaming-Hot Flounder": "Hot Flounder"
  },
  "renamed_enchantments": {
    "Turbo-Cocoa": "Turbo-Coco",
    "Turbo-Cacti": "Turbo-Cactus",
    "Prismatic": "Pristine",
    "Dragon Tracer": "Aiming",
    "Drain": "Syphon",
    "Gravity": "Dragon Hunter",
    "Woodsplitter": "Arcane"
  },
  "shard_name_overrides": {
    "STRIDERSURFER": "STRIDER_SURFER",
    "ABYSSAL_LANTERNFISH": "ABYSSAL_LANTERN",
    "CINDERBAT": "CINDER_BAT",
    "END_STONE_PROTECTOR": "ENDSTONE_PROTECTOR",
    "LOCH_EMPEROR": "SEA_EMPEROR",
    "BOGGED": "SEA_ARCHER"
  }
}
