[
  {
    "stock": "SHARD_HIDEONRING",
    "id": "ATTRIBUTE_SHARD_ACCESSORY_SIZE;1"
  },
  {
    "stock": "SHARD_MOLTHORN",
    "id": "ATTRIBUTE_SHARD_ALMIGHTY;1"
  },
  {
    "stock": "SHARD_BAMBLOOM",
    "id": "ATTRIBUTE_SHARD_ANIMAL_EXPERTISE;1"
  },
  {
    "stock": "SHARD_FLAMING_SPIDER",
    "id": "ATTRIBUTE_SHARD_ARACHNO;1"
  },
  {
    "stock": "SHARD_VORACIOUS_SPIDER",
    "id": "ATTRIBUTE_SHARD_ARACHNO_RESISTANCE;1"
  },
  {
    "stock": "SHARD_THYST",
    "id": "ATTRIBUTE_SHARD_ATOMIZED_CRYSTALS;1"
  },
  {
    "stock": "SHARD_STALAGMIGHT",
    "id": "ATTRIBUTE_SHARD_ATOMIZED_GLACITE;1"
  },
  {
    "stock": "SHARD_STAR_SENTRY",
    "id": "ATTRIBUTE_SHARD_ATOMIZED_MITHRIL;1"
  },
  {
    "stock": "SHARD_BURNINGSOUL",
    "id": "ATTRIBUTE_SHARD_ATTACK_SPEED;1"
  },
  {
    "stock": "SHARD_FALCON",
    "id": "ATTRIBUTE_SHARD_BATTLE_EXPERIENCE;1"
  },
  {
    "stock": "SHARD_RANA",
    "id": "ATTRIBUTE_SHARD_BATTLE_FROG;1"
  },
  {
    "stock": "SHARD_BEACONMITE",
    "id": "ATTRIBUTE_SHARD_BEACON_ZEALOT;1"
  },
  {
    "stock": "SHARD_BULLFROG",
    "id": "ATTRIBUTE_SHARD_BERRY_ENJOYER;1"
  },
  {
    "stock": "SHARD_FENLORD",
    "id": "ATTRIBUTE_SHARD_BERRY_MOGUL;1"
  },
  {
    "stock": "SHARD_HIDEONCAVE",
    "id": "ATTRIBUTE_SHARD_BIGGER_BOX;1"
  },
  {
    "stock": "SHARD_FLARE",
    "id": "ATTRIBUTE_SHARD_BLAZING;1"
  },
  {
    "stock": "SHARD_LAVA_FLAME",
    "id": "ATTRIBUTE_SHARD_BLAZING_FORTUNE;1"
  },
  {
    "stock": "SHARD_BEZAL",
    "id": "ATTRIBUTE_SHARD_BLAZING_RESISTANCE;1"
  },
  {
    "stock": "SHARD_LAPIS_SKELETON",
    "id": "ATTRIBUTE_SHARD_BONE_FONT;1"
  },
  {
    "stock": "SHARD_LAPIS_CREEPER",
    "id": "ATTRIBUTE_SHARD_BOOK_WISDOM;1"
  },
  {
    "stock": "SHARD_WITHER_SPECTER",
    "id": "ATTRIBUTE_SHARD_BREEZE;1"
  },
  {
    "stock": "SHARD_CORALOT",
    "id": "ATTRIBUTE_SHARD_BUCKET_LOVER;1"
  },
  {
    "stock": "SHARD_HIDEONGEON",
    "id": "ATTRIBUTE_SHARD_CATACOMB_BOX;1"
  },
  {
    "stock": "SHARD_CAVERNSHADE",
    "id": "ATTRIBUTE_SHARD_CAVERN_WISDOM;1"
  },
  {
    "stock": "SHARD_NAGA",
    "id": "ATTRIBUTE_SHARD_CHARMED;1"
  },
  {
    "stock": "SHARD_COD",
    "id": "ATTRIBUTE_SHARD_CHEAPSTAKE;1"
  },
  {
    "stock": "SHARD_TORTOISE",
    "id": "ATTRIBUTE_SHARD_CLOAK_IMPROVEMENT;1"
  },
  {
    "stock": "SHARD_SOUL_OF_THE_ALPHA",
    "id": "ATTRIBUTE_SHARD_COMBO;1"
  },
  {
    "stock": "SHARD_BITBUG",
    "id": "ATTRIBUTE_SHARD_COOKIE_EATER;1"
  },
  {
    "stock": "SHARD_INFERNO_KOI",
    "id": "ATTRIBUTE_SHARD_CRIMSON_SERENDIPITY;1"
  },
  {
    "stock": "SHARD_CROPEETLE",
    "id": "ATTRIBUTE_SHARD_CROP_BUG;1"
  },
  {
    "stock": "SHARD_SILENTDEPTH",
    "id": "ATTRIBUTE_SHARD_CRYSTAL_SERENDIPITY;1"
  },
  {
    "stock": "SHARD_SKELETOR",
    "id": "ATTRIBUTE_SHARD_DEADEYE;1"
  },
  {
    "stock": "SHARD_NEWT",
    "id": "ATTRIBUTE_SHARD_DECENT_KARMA;1"
  },
  {
    "stock": "SHARD_JOYDIVE",
    "id": "ATTRIBUTE_SHARD_DEEP_DIVING;1"
  },
  {
    "stock": "SHARD_BAL",
    "id": "ATTRIBUTE_SHARD_DEEP_TECHNIQUE;1"
  },
  {
    "stock": "SHARD_THORN",
    "id": "ATTRIBUTE_SHARD_DOMINANCE;1"
  },
  {
    "stock": "SHARD_LORD_JAWBUS",
    "id": "ATTRIBUTE_SHARD_DOUBLE_HOOK;1"
  },
  {
    "stock": "SHARD_DRACONIC",
    "id": "ATTRIBUTE_SHARD_DRAGON_ESSENCE;1"
  },
  {
    "stock": "SHARD_SEER",
    "id": "ATTRIBUTE_SHARD_DRAGON_SHORTBOW_IMPROVEMENT;1"
  },
  {
    "stock": "SHARD_ABYSSAL_LANTERN",
    "id": "ATTRIBUTE_SHARD_DWARVEN_SERENDIPITY;1"
  },
  {
    "stock": "SHARD_TERRA",
    "id": "ATTRIBUTE_SHARD_EARTH_ELEMENTAL;1"
  },
  {
    "stock": "SHARD_IGUANA",
    "id": "ATTRIBUTE_SHARD_ECHO_OF_ATOMIZED;1"
  },
  {
    "stock": "SHARD_CUBOA",
    "id": "ATTRIBUTE_SHARD_ECHO_OF_BOXES;1"
  },
  {
    "stock": "SHARD_TIAMAT",
    "id": "ATTRIBUTE_SHARD_ECHO_OF_ECHOES;1"
  },
  {
    "stock": "SHARD_STARBORN",
    "id": "ATTRIBUTE_SHARD_ECHO_OF_ELEMENTAL;1"
  },
  {
    "stock": "SHARD_KOMODO_DRAGON",
    "id": "ATTRIBUTE_SHARD_ECHO_OF_ESSENCE;1"
  },
  {
    "stock": "SHARD_SEA_SERPENT",
    "id": "ATTRIBUTE_SHARD_ECHO_OF_HUNTER;1"
  },
  {
    "stock": "SHARD_ALLIGATOR",
    "id": "ATTRIBUTE_SHARD_ECHO_OF_RESISTANCE;1"
  },
  {
    "stock": "SHARD_CAIMAN",
    "id": "ATTRIBUTE_SHARD_ECHO_OF_RULER;1"
  },
  {
    "stock": "SHARD_GECKO",
    "id": "ATTRIBUTE_SHARD_ECHO_OF_SHARPENING;1"
  },
  {
    "stock": "SHARD_WYVERN",
    "id": "ATTRIBUTE_SHARD_ECHO_OF_WISDOM;1"
  },
  {
    "stock": "SHARD_EEL",
    "id": "ATTRIBUTE_SHARD_EELASTIC;1"
  },
  {
    "stock": "SHARD_POWER_DRAGON",
    "id": "ATTRIBUTE_SHARD_ELITE;1"
  },
  {
    "stock": "SHARD_BRUISER",
    "id": "ATTRIBUTE_SHARD_ENDER;1"
  },
  {
    "stock": "SHARD_ZEALOT",
    "id": "ATTRIBUTE_SHARD_ENDER_RESISTANCE;1"
  },
  {
    "stock": "SHARD_LEVIATHAN",
    "id": "ATTRIBUTE_SHARD_EXCELLENT_KARMA;1"
  },
  {
    "stock": "SHARD_LAPIS_ZOMBIE",
    "id": "ATTRIBUTE_SHARD_EXPERIENCE;1"
  },
  {
    "stock": "SHARD_LUMISQUID",
    "id": "ATTRIBUTE_SHARD_EXTREME_PRESSURE;1"
  },
  {
    "stock": "SHARD_MIMIC",
    "id": "ATTRIBUTE_SHARD_FAKER;1"
  },
  {
    "stock": "SHARD_INVISIBUG",
    "id": "ATTRIBUTE_SHARD_FANCY_VISIT;1"
  },
  {
    "stock": "SHARD_SPARROW",
    "id": "ATTRIBUTE_SHARD_FIG_COLLECTOR;1"
  },
  {
    "stock": "SHARD_CROW",
    "id": "ATTRIBUTE_SHARD_FIG_SHARPENING;1"
  },
  {
    "stock": "SHARD_NIGHT_SQUID",
    "id": "ATTRIBUTE_SHARD_FISHERMAN;1"
  },
  {
    "stock": "SHARD_SEA_EMPEROR",
    "id": "ATTRIBUTE_SHARD_FISHING_EXPERIENCE;1"
  },
  {
    "stock": "SHARD_WATER_HYDRA",
    "id": "ATTRIBUTE_SHARD_FISHING_SPEED;1"
  },
  {
    "stock": "SHARD_MIST",
    "id": "ATTRIBUTE_SHARD_FOG_ELEMENTAL;1"
  },
  {
    "stock": "SHARD_PANDARAI",
    "id": "ATTRIBUTE_SHARD_FORAGING_WISDOM;1"
  },
  {
    "stock": "SHARD_SYLVAN",
    "id": "ATTRIBUTE_SHARD_FOREST_ELEMENTAL;1"
  },
  {
    "stock": "SHARD_DREADWING",
    "id": "ATTRIBUTE_SHARD_FOREST_ESSENCE;1"
  },
  {
    "stock": "SHARD_VERDANT",
    "id": "ATTRIBUTE_SHARD_FOREST_FISHING;1"
  },
  {
    "stock": "SHARD_AZURE",
    "id": "ATTRIBUTE_SHARD_FOREST_STRENGTH;1"
  },
  {
    "stock": "SHARD_MOSSYBIT",
    "id": "ATTRIBUTE_SHARD_FOREST_TRAP;1"
  },
  {
    "stock": "SHARD_ENDSTONE_PROTECTOR",
    "id": "ATTRIBUTE_SHARD_FORTITUDE;1"
  },
  {
    "stock": "SHARD_TOAD",
    "id": "ATTRIBUTE_SHARD_FROG_LEGS;1"
  },
  {
    "stock": "SHARD_CRYO",
    "id": "ATTRIBUTE_SHARD_FROST_ELEMENTAL;1"
  },
  {
    "stock": "SHARD_FUNGLOOM",
    "id": "ATTRIBUTE_SHARD_FUNGY_LUCK;1"
  },
  {
    "stock": "SHARD_DRAGONFLY",
    "id": "ATTRIBUTE_SHARD_GARDEN_WISDOM;1"
  },
  {
    "stock": "SHARD_GOLDFIN",
    "id": "ATTRIBUTE_SHARD_GOLD_BAIT;1"
  },
  {
    "stock": "SHARD_SALAMANDER",
    "id": "ATTRIBUTE_SHARD_GOOD_KARMA;1"
  },
  {
    "stock": "SHARD_LIZARD_KING",
    "id": "ATTRIBUTE_SHARD_GREAT_KARMA;1"
  },
  {
    "stock": "SHARD_HIDEONGIFT",
    "id": "ATTRIBUTE_SHARD_HAPPY_BOX;1"
  },
  {
    "stock": "SHARD_DROWNED",
    "id": "ATTRIBUTE_SHARD_HUMANOID_RULER;1"
  },
  {
    "stock": "SHARD_SEA_ARCHER",
    "id": "ATTRIBUTE_SHARD_HUNTER;1"
  },
  {
    "stock": "SHARD_MEGALITH",
    "id": "ATTRIBUTE_SHARD_HUNTER_KARMA;1"
  },
  {
    "stock": "SHARD_VIPER",
    "id": "ATTRIBUTE_SHARD_HUNTERS_FANGS;1"
  },
  {
    "stock": "SHARD_KING_COBRA",
    "id": "ATTRIBUTE_SHARD_HUNTERS_GRASP;1"
  },
  {
    "stock": "SHARD_PYTHON",
    "id": "ATTRIBUTE_SHARD_HUNTERS_PRESSURE;1"
  },
  {
    "stock": "SHARD_BASILISK",
    "id": "ATTRIBUTE_SHARD_HUNTERS_SUPPRESS;1"
  },
  {
    "stock": "SHARD_LEATHERBACK",
    "id": "ATTRIBUTE_SHARD_HUNT_WISDOM;1"
  },
  {
    "stock": "SHARD_GLACITE_WALKER",
    "id": "ATTRIBUTE_SHARD_ICE_ESSENCE;1"
  },
  {
    "stock": "SHARD_MATCHO",
    "id": "ATTRIBUTE_SHARD_IGNITION;1"
  },
  {
    "stock": "SHARD_MAGMA_SLUG",
    "id": "ATTRIBUTE_SHARD_INFECTION;1"
  },
  {
    "stock": "SHARD_TERMITE",
    "id": "ATTRIBUTE_SHARD_INFILTRATION;1"
  },
  {
    "stock": "SHARD_PRAYING_MANTIS",
    "id": "ATTRIBUTE_SHARD_INSECT_POWER;1"
  },
  {
    "stock": "SHARD_KIWI",
    "id": "ATTRIBUTE_SHARD_KAT_FAVORITE;1"
  },
  {
    "stock": "SHARD_HIDEONDRA",
    "id": "ATTRIBUTE_SHARD_KUUDRA_BOX;1"
  },
  {
    "stock": "SHARD_KADA_KNIGHT",
    "id": "ATTRIBUTE_SHARD_LIFELINE;1"
  },
  {
    "stock": "SHARD_SYCOPHANT",
    "id": "ATTRIBUTE_SHARD_LIFE_RECOVERY;1"
  },
  {
    "stock": "SHARD_SHINYFISH",
    "id": "ATTRIBUTE_SHARD_LIFE_REGENERATION;1"
  },
  {
    "stock": "SHARD_FLASH",
    "id": "ATTRIBUTE_SHARD_LIGHT_ELEMENTAL;1"
  },
  {
    "stock": "SHARD_BOLT",
    "id": "ATTRIBUTE_SHARD_LIGHTNING_ELEMENTAL;1"
  },
  {
    "stock": "SHARD_SALMON",
    "id": "ATTRIBUTE_SHARD_LOST_AND_FOUND;1"
  },
  {
    "stock": "SHARD_MORAY_EEL",
    "id": "ATTRIBUTE_SHARD_LUCKY_ROD;1"
  },
  {
    "stock": "SHARD_LUNAR_MOTH",
    "id": "ATTRIBUTE_SHARD_LUNAR_POWER;1"
  },
  {
    "stock": "SHARD_CINDER_BAT",
    "id": "ATTRIBUTE_SHARD_MAGIC_FIND;1"
  },
  {
    "stock": "SHARD_STRIDER_SURFER",
    "id": "ATTRIBUTE_SHARD_MAGMATIC_RULER;1"
  },
  {
    "stock": "SHARD_XYZ",
    "id": "ATTRIBUTE_SHARD_MANA_REGENERATION;1"
  },
  {
    "stock": "SHARD_RAIN_SLIME",
    "id": "ATTRIBUTE_SHARD_MANA_STEAL;1"
  },
  {
    "stock": "SHARD_SEAGULL",
    "id": "ATTRIBUTE_SHARD_MANGROVE_COLLECTOR;1"
  },
  {
    "stock": "SHARD_HERON",
    "id": "ATTRIBUTE_SHARD_MANGROVE_SHARPENING;1"
  },
  {
    "stock": "SHARD_HELLWISP",
    "id": "ATTRIBUTE_SHARD_MATRIARCH_CUBS;1"
  },
  {
    "stock": "SHARD_TAURUS",
    "id": "ATTRIBUTE_SHARD_MAXIMAL_TORMENT;1"
  },
  {
    "stock": "SHARD_KRAKEN",
    "id": "ATTRIBUTE_SHARD_MENDING;1"
  },
  {
    "stock": "SHARD_GOLDEN_GHOUL",
    "id": "ATTRIBUTE_SHARD_MIDAS_TOUCH;1"
  },
  {
    "stock": "SHARD_PHANFLARE",
    "id": "ATTRIBUTE_SHARD_MOONGLADE_MASTERY;1"
  },
  {
    "stock": "SHARD_PIRANHA",
    "id": "ATTRIBUTE_SHARD_MOONGLADE_SERENDIPITY;1"
  },
  {
    "stock": "SHARD_HIDEONLEAF",
    "id": "ATTRIBUTE_SHARD_MOSSY_BOX;1"
  },
  {
    "stock": "SHARD_TROGLOBYTE",
    "id": "ATTRIBUTE_SHARD_MOUNTAIN_CLIMBER;1"
  },
  {
    "stock": "SHARD_GROVE",
    "id": "ATTRIBUTE_SHARD_NATURE_ELEMENTAL;1"
  },
  {
    "stock": "SHARD_PHANPYRE",
    "id": "ATTRIBUTE_SHARD_NOCTURNAL_ANIMAL;1"
  },
  {
    "stock": "SHARD_BOREAL_OWL",
    "id": "ATTRIBUTE_SHARD_OWL_FRIEND;1"
  },
  {
    "stock": "SHARD_SPIKE",
    "id": "ATTRIBUTE_SHARD_PAYBACK;1"
  },
  {
    "stock": "SHARD_PEST",
    "id": "ATTRIBUTE_SHARD_PEST_LUCK;1"
  },
  {
    "stock": "SHARD_CONDOR",
    "id": "ATTRIBUTE_SHARD_PET_WISDOM;1"
  },
  {
    "stock": "SHARD_DAEMON",
    "id": "ATTRIBUTE_SHARD_PITY;1"
  },
  {
    "stock": "SHARD_LADYBUG",
    "id": "ATTRIBUTE_SHARD_PRETTY_CLOTHES;1"
  },
  {
    "stock": "SHARD_CROCODILE",
    "id": "ATTRIBUTE_SHARD_PURE_REPTILE;1"
  },
  {
    "stock": "SHARD_QUARTZFANG",
    "id": "ATTRIBUTE_SHARD_QUARTZ_SPEED;1"
  },
  {
    "stock": "SHARD_CARROT_KING",
    "id": "ATTRIBUTE_SHARD_RABBIT_CREW;1"
  },
  {
    "stock": "SHARD_DODO",
    "id": "ATTRIBUTE_SHARD_RARE_BIRD;1"
  },
  {
    "stock": "SHARD_PRINCE",
    "id": "ATTRIBUTE_SHARD_REBORN;1"
  },
  {
    "stock": "SHARD_CHAMELEON",
    "id": "ATTRIBUTE_SHARD_REPTILOID;1"
  },
  {
    "stock": "SHARD_MINER_ZOMBIE",
    "id": "ATTRIBUTE_SHARD_ROTTEN_PICKAXE;1"
  },
  {
    "stock": "SHARD_HIDEONSACK",
    "id": "ATTRIBUTE_SHARD_SACK_SIZE;1"
  },
  {
    "stock": "SHARD_TENEBRIS",
    "id": "ATTRIBUTE_SHARD_SHADOW_ELEMENTAL;1"
  },
  {
    "stock": "SHARD_SHELLWISE",
    "id": "ATTRIBUTE_SHARD_SHELL;1"
  },
  {
    "stock": "SHARD_CHILL",
    "id": "ATTRIBUTE_SHARD_SKELETAL_RULER;1"
  },
  {
    "stock": "SHARD_BLIZZARD",
    "id": "ATTRIBUTE_SHARD_SNOW_ELEMENTAL;1"
  },
  {
    "stock": "SHARD_FIREFLY",
    "id": "ATTRIBUTE_SHARD_SOLAR_POWER;1"
  },
  {
    "stock": "SHARD_OBSIDIAN_DEFENDER",
    "id": "ATTRIBUTE_SHARD_SPEED;1"
  },
  {
    "stock": "SHARD_ARACHNE",
    "id": "ATTRIBUTE_SHARD_SPIDER_ESSENCE;1"
  },
  {
    "stock": "SHARD_ENT",
    "id": "ATTRIBUTE_SHARD_SPIRIT_AXE;1"
  },
  {
    "stock": "SHARD_MOLTENFISH",
    "id": "ATTRIBUTE_SHARD_STAR_BAIT;1"
  },
  {
    "stock": "SHARD_SUN_FISH",
    "id": "ATTRIBUTE_SHARD_STARBORN;1"
  },
  {
    "stock": "SHARD_QUAKE",
    "id": "ATTRIBUTE_SHARD_STONE_ELEMENTAL;1"
  },
  {
    "stock": "SHARD_TEMPEST",
    "id": "ATTRIBUTE_SHARD_STORM_ELEMENTAL;1"
  },
  {
    "stock": "SHARD_BAMBULEAF",
    "id": "ATTRIBUTE_SHARD_STRONG_ARMS;1"
  },
  {
    "stock": "SHARD_MOCHIBEAR",
    "id": "ATTRIBUTE_SHARD_STRONG_LEGS;1"
  },
  {
    "stock": "SHARD_CASCADE",
    "id": "ATTRIBUTE_SHARD_TORRENT_ELEMENTAL;1"
  },
  {
    "stock": "SHARD_HARPY",
    "id": "ATTRIBUTE_SHARD_TREE_LURKER;1"
  },
  {
    "stock": "SHARD_FIRE_EEL",
    "id": "ATTRIBUTE_SHARD_TROPHY_HUNTER;1"
  },
  {
    "stock": "SHARD_HIDEONBOX",
    "id": "ATTRIBUTE_SHARD_TUNING_BOX;1"
  },
  {
    "stock": "SHARD_GALAXY_FISH",
    "id": "ATTRIBUTE_SHARD_ULTIMATE_DNA;1"
  },
  {
    "stock": "SHARD_ZOMBIE_SOLDIER",
    "id": "ATTRIBUTE_SHARD_UNDEAD;1"
  },
  {
    "stock": "SHARD_REVENANT",
    "id": "ATTRIBUTE_SHARD_UNDEAD_ESSENCE;1"
  },
  {
    "stock": "SHARD_TANK_ZOMBIE",
    "id": "ATTRIBUTE_SHARD_UNDEAD_RESISTANCE;1"
  },
  {
    "stock": "SHARD_TADGANG",
    "id": "ATTRIBUTE_SHARD_UNITY_IS_STRENGTH;1"
  },
  {
    "stock": "SHARD_ETHERDRAKE",
    "id": "ATTRIBUTE_SHARD_UNLIMITED_ENERGY;1"
  },
  {
    "stock": "SHARD_JORMUNG",
    "id": "ATTRIBUTE_SHARD_UNLIMITED_POWER;1"
  },
  {
    "stock": "SHARD_GHOST",
    "id": "ATTRIBUTE_SHARD_VEIL;1"
  },
  {
    "stock": "SHARD_APEX_DRAGON",
    "id": "ATTRIBUTE_SHARD_VETERAN;1"
  },
  {
    "stock": "SHARD_MUDWORM",
    "id": "ATTRIBUTE_SHARD_VISITOR_BAIT;1"
  },
  {
    "stock": "SHARD_BARBARIAN_DUKE_X",
    "id": "ATTRIBUTE_SHARD_WARRIOR;1"
  },
  {
    "stock": "SHARD_WARTYBUG",
    "id": "ATTRIBUTE_SHARD_WART_EATER;1"
  },
  {
    "stock": "SHARD_TIDE",
    "id": "ATTRIBUTE_SHARD_WATER_ELEMENTAL;1"
  },
  {
    "stock": "SHARD_TOUCAN",
    "id": "ATTRIBUTE_SHARD_WHY_NOT_MORE;1"
  },
  {
    "stock": "SHARD_AERO",
    "id": "ATTRIBUTE_SHARD_WIND_ELEMENTAL;1"
  },
  {
    "stock": "SHARD_ANANKE",
    "id": "ATTRIBUTE_SHARD_WINGS_OF_DESTINY;1"
  },
  {
    "stock": "SHARD_SNOWFIN",
    "id": "ATTRIBUTE_SHARD_WINTER_SERENDIPITY;1"
  },
  {
    "stock": "SHARD_WITHER",
    "id": "ATTRIBUTE_SHARD_WITHER_ESSENCE;1"
  },
  {
    "stock": "SHARD_BRAMBLE",
    "id": "ATTRIBUTE_SHARD_WOOD_ELEMENTAL;1"
  },
  {
    "stock": "SHARD_YOG",
    "id": "ATTRIBUTE_SHARD_YOG_MEMBRANE;1"
  },
  {
    "stock": "SHARD_BIRRIES",
    "id": "ATTRIBUTE_SHARD_YUMMY;1"
  },
  {
    "stock": "SHARD_TITANOBOA",
    "id": "ATTRIBUTE_SHARD_BAYOU_BITER;1"
  },
  {
    "stock": "SHARD_HUMMINGBIRD",
    "id": "ATTRIBUTE_SHARD_CHOP;1"
  },
  {
    "stock": "ENCHANTMENT_CORRUPTION_5",
    "id": "CORRUPTION;5"
  },
  {
    "stock": "ENCHANTMENT_CORRUPTION_4",
    "id": "CORRUPTION;4"
  },
  {
    "stock": "ENCHANTMENT_CORRUPTION_3",
    "id": "CORRUPTION;3"
  },
  {
    "stock": "ENCHANTMENT_CORRUPTION_2",
    "id": "CORRUPTION;2"
  },
  {
    "stock": "ENCHANTMENT_CORRUPTION_1",
    "id": "CORRUPTION;1"
  },
  {
    "stock": "ENCHANTMENT_CAYENNE_5",
    "id": "CAYENNE;5"
  },
  {
    "stock": "ENCHANTMENT_CAYENNE_4",
    "id": "CAYENNE;4"
  },
  {
    "stock": "ENCHANTMENT_CAYENNE_3",
    "id": "CAYENNE;3"
  },
  {
    "stock": "ENCHANTMENT_CAYENNE_2",
    "id": "CAYENNE;2"
  },
  {
    "stock": "ENCHANTMENT_CAYENNE_1",
    "id": "CAYENNE;1"
  },
  {
    "stock": "ENCHANTMENT_ENDER_SLAYER_1",
    "id": "ENDER_SLAYER;1"
  },
  {
    "stock": "ENCHANTMENT_FIRE_ASPECT_1",
    "id": "FIRE_ASPECT;1"
  },
  {
    "stock": "ENCHANTMENT_FIRE_ASPECT_2",
    "id": "FIRE_ASPECT;2"
  },
  {
    "stock": "ENCHANTMENT_FIRE_ASPECT_3",
    "id": "FIRE_ASPECT;3"
  },
  {
    "stock": "ENCHANTMENT_ENDER_SLAYER_5",
    "id": "ENDER_SLAYER;5"
  },
  {
    "stock": "ENCHANTMENT_ENDER_SLAYER_4",
    "id": "ENDER_SLAYER;4"
  },
  {
    "stock": "ENCHANTMENT_ENDER_SLAYER_3",
    "id": "ENDER_SLAYER;3"
  },
  {
    "stock": "ENCHANTMENT_ENDER_SLAYER_2",
    "id": "ENDER_SLAYER;2"
  },
  {
    "stock": "ENCHANTMENT_ENDER_SLAYER_7",
    "id": "ENDER_SLAYER;7"
  },
  {
    "stock": "ENCHANTMENT_ENDER_SLAYER_6",
    "id": "ENDER_SLAYER;6"
  },
  {
    "stock": "ENCHANTMENT_BIG_BRAIN_4",
    "id": "BIG_BRAIN;4"
  },
  {
    "stock": "ENCHANTMENT_BIG_BRAIN_5",
    "id": "BIG_BRAIN;5"
  },
  {
    "stock": "ENCHANTMENT_BIG_BRAIN_3",
    "id": "BIG_BRAIN;3"
  },
  {
    "stock": "ENCHANTMENT_THUNDERLORD_7",
    "id": "THUNDERLORD;7"
  },
  {
    "stock": "ENCHANTMENT_THUNDERLORD_6",
    "id": "THUNDERLORD;6"
  },
  {
    "stock": "ENCHANTMENT_THUNDERLORD_3",
    "id": "THUNDERLORD;3"
  },
  {
    "stock": "ENCHANTMENT_THUNDERLORD_2",
    "id": "THUNDERLORD;2"
  },
  {
    "stock": "ENCHANTMENT_THUNDERLORD_5",
    "id": "THUNDERLORD;5"
  },
  {
    "stock": "ENCHANTMENT_THUNDERLORD_4",
    "id": "THUNDERLORD;4"
  },
  {
    "stock": "ENCHANTMENT_MANA_STEAL_1",
    "id": "MANA_STEAL;1"
  },
  {
    "stock": "ENCHANTMENT_MANA_STEAL_2",
    "id": "MANA_STEAL;2"
  },
  {
    "stock": "ENCHANTMENT_THUNDERLORD_1",
    "id": "THUNDERLORD;1"
  },
  {
    "stock": "ENCHANTMENT_MANA_STEAL_3",
    "id": "MANA_STEAL;3"
  },
  {
    "stock": "ENCHANTMENT_TURBO_WARTS_1",
    "id": "TURBO_WARTS;1"
  },
  {
    "stock": "ENCHANTMENT_TURBO_WARTS_2",
    "id": "TURBO_WARTS;2"
  },
  {
    "stock": "ENCHANTMENT_TURBO_WARTS_3",
    "id": "TURBO_WARTS;3"
  },
  {
    "stock": "ENCHANTMENT_TURBO_WARTS_4",
    "id": "TURBO_WARTS;4"
  },
  {
    "stock": "ENCHANTMENT_TURBO_WARTS_5",
    "id": "TURBO_WARTS;5"
  },
  {
    "stock": "ENCHANTMENT_EXPERIENCE_5",
    "id": "EXPERIENCE;5"
  },
  {
    "stock": "ENCHANTMENT_EXPERIENCE_2",
    "id": "EXPERIENCE;2"
  },
  {
    "stock": "ENCHANTMENT_EXPERIENCE_1",
    "id": "EXPERIENCE;1"
  },
  {
    "stock": "ENCHANTMENT_EXPERIENCE_4",
    "id": "EXPERIENCE;4"
  },
  {
    "stock": "ENCHANTMENT_EXPERIENCE_3",
    "id": "EXPERIENCE;3"
  },
  {
    "stock": "ENCHANTMENT_DELICATE_5",
    "id": "DELICATE;5"
  },
  {
    "stock": "ENCHANTMENT_PROSECUTE_6",
    "id": "PROSECUTE;6"
  },
  {
    "stock": "ENCHANTMENT_PROSECUTE_5",
    "id": "PROSECUTE;5"
  },
  {
    "stock": "ENCHANTMENT_PROSECUTE_4",
    "id": "PROSECUTE;4"
  },
  {
    "stock": "ENCHANTMENT_PROSECUTE_3",
    "id": "PROSECUTE;3"
  },
  {
    "stock": "ENCHANTMENT_PROSECUTE_2",
    "id": "PROSECUTE;2"
  },
  {
    "stock": "ENCHANTMENT_PROSECUTE_1",
    "id": "PROSECUTE;1"
  },
  {
    "stock": "ENCHANTMENT_RESPITE_5",
    "id": "RESPITE;5"
  },
  {
    "stock": "ENCHANTMENT_RESPITE_3",
    "id": "RESPITE;3"
  },
  {
    "stock": "ENCHANTMENT_RESPITE_4",
    "id": "RESPITE;4"
  },
  {
    "stock": "ENCHANTMENT_RESPITE_1",
    "id": "RESPITE;1"
  },
  {
    "stock": "ENCHANTMENT_RESPITE_2",
    "id": "RESPITE;2"
  },
  {
    "stock": "ENCHANTMENT_HARDENED_MANA_10",
    "id": "HARDENED_MANA;10"
  },
  {
    "stock": "ENCHANTMENT_ULTIMATE_JERRY_2",
    "id": "ULTIMATE_JERRY;2"
  },
  {
    "stock": "ENCHANTMENT_ULTIMATE_REND_3",
    "id": "ULTIMATE_REND;3"
  },
  {
    "stock": "ENCHANTMENT_SCUBA_3",
    "id": "SCUBA;3"
  },
  {
    "stock": "ENCHANTMENT_ULTIMATE_JERRY_1",
    "id": "ULTIMATE_JERRY;1"
  },
  {
    "stock": "ENCHANTMENT_ULTIMATE_REND_2",
    "id": "ULTIMATE_REND;2"
  },
  {
    "stock": "ENCHANTMENT_SCUBA_4",
    "id": "SCUBA;4"
  },
  {
    "stock": "ENCHANTMENT_ULTIMATE_REND_1",
    "id": "ULTIMATE_REND;1"
  },
  {
    "stock": "ENCHANTMENT_SCUBA_5",
    "id": "SCUBA;5"
  },
  {
    "stock": "ENCHANTMENT_ULTIMATE_JERRY_5",
    "id": "ULTIMATE_JERRY;5"
  },
  {
    "stock": "ENCHANTMENT_ULTIMATE_REND_5",
    "id": "ULTIMATE_REND;5"
  },
  {
    "stock": "ENCHANTMENT_ULTIMATE_JERRY_4",
    "id": "ULTIMATE_JERRY;4"
  },
  {
    "stock": "ENCHANTMENT_ULTIMATE_JERRY_3",
    "id": "ULTIMATE_JERRY;3"
  },
  {
    "stock": "ENCHANTMENT_ULTIMATE_REND_4",
    "id": "ULTIMATE_REND;4"
  },
  {
    "stock": "ENCHANTMENT_HARVESTING_5",
    "id": "HARVESTING;5"
  },
  {
    "stock": "ENCHANTMENT_HARVESTING_4",
    "id": "HARVESTING;4"
  },
  {
    "stock": "ENCHANTMENT_HARVESTING_3",
    "id": "HARVESTING;3"
  },
  {
    "stock": "ENCHANTMENT_HARVESTING_2",
    "id": "HARVESTING;2"
  },
  {
    "stock": "ENCHANTMENT_HARVESTING_1",
    "id": "HARVESTING;1"
  },
  {
    "stock": "ENCHANTMENT_HARVESTING_6",
    "id": "HARVESTING;6"
  },
  {
    "stock": "ENCHANTMENT_TRUE_PROTECTION_1",
    "id": "TRUE_PROTECTION;1"
  },
  {
    "stock": "ENCHANTMENT_LUCK_OF_THE_SEA_4",
    "id": "LUCK_OF_THE_SEA;4"
  },
  {
    "stock": "ENCHANTMENT_LUCK_OF_THE_SEA_5",
    "id": "LUCK_OF_THE_SEA;5"
  },
  {
    "stock": "ENCHANTMENT_LUCK_OF_THE_SEA_6",
    "id": "LUCK_OF_THE_SEA;6"
  },
  {
    "stock": "ENCHANTMENT_SMARTY_PANTS_3",
    "id": "SMARTY_PANTS;3"
  },
  {
    "stock": "ENCHANTMENT_SMARTY_PANTS_2",
    "id": "SMARTY_PANTS;2"
  },
  {
    "stock": "ENCHANTMENT_LUCK_OF_THE_SEA_1",
    "id": "LUCK_OF_THE_SEA;1"
  },
  {
    "stock": "ENCHANTMENT_SMARTY_PANTS_5",
    "id": "SMARTY_PANTS;5"
  },
  {
    "stock": "ENCHANTMENT_LUCK_OF_THE_SEA_2",
    "id": "LUCK_OF_THE_SEA;2"
  },
  {
    "stock": "ENCHANTMENT_LUCK_OF_THE_SEA_3",
    "id": "LUCK_OF_THE_SEA;3"
  },
  {
    "stock": "ENCHANTMENT_SMARTY_PANTS_4",
    "id": "SMARTY_PANTS;4"
  },
  {
    "stock": "ENCHANTMENT_SMARTY_PANTS_1",
    "id": "SMARTY_PANTS;1"
  },
  {
    "stock": "ENCHANTMENT_LURE_2",
    "id": "LURE;2"
  },
  {
    "stock": "ENCHANTMENT_LURE_1",
    "id": "LURE;1"
  },
  {
    "stock": "ENCHANTMENT_LURE_6",
    "id": "LURE;6"
  },
  {
    "stock": "ENCHANTMENT_LURE_5",
    "id": "LURE;5"
  },
  {
    "stock": "ENCHANTMENT_LURE_4",
    "id": "LURE;4"
  },
  {
    "stock": "ENCHANTMENT_LURE_3",
    "id": "LURE;3"
  },
  {
    "stock": "ENCHANTMENT_FEROCIOUS_MANA_8",
    "id": "FEROCIOUS_MANA;8"
  },
  {
    "stock": "ENCHANTMENT_FEROCIOUS_MANA_9",
    "id": "FEROCIOUS_MANA;9"
  },
  {
    "stock": "ENCHANTMENT_ULTIMATE_FIRST_IMPRESSION_5",
    "id": "ULTIMATE_FIRST_IMPRESSION;5"
  },
  {
    "stock": "ENCHANTMENT_FEROCIOUS_MANA_4",
    "id": "FEROCIOUS_MANA;4"
  },
  {
    "stock": "ENCHANTMENT_MAGNET_2",
    "id": "MAGNET;2"
  },
  {
    "stock": "ENCHANTMENT_ULTIMATE_FIRST_IMPRESSION_2",
    "id": "ULTIMATE_FIRST_IMPRESSION;2"
  },
  {
    "stock": "ENCHANTMENT_FEROCIOUS_MANA_5",
    "id": "FEROCIOUS_MANA;5"
  },
  {
    "stock": "ENCHANTMENT_MAGNET_1",
    "id": "MAGNET;1"
  },
  {
    "stock": "ENCHANTMENT_ULTIMATE_FIRST_IMPRESSION_1",
    "id": "ULTIMATE_FIRST_IMPRESSION;1"
  },
  {
    "stock": "ENCHANTMENT_FEROCIOUS_MANA_6",
    "id": "FEROCIOUS_MANA;6"
  },
  {
    "stock": "ENCHANTMENT_MAGNET_4",
    "id": "MAGNET;4"
  },
  {
    "stock": "ENCHANTMENT_ULTIMATE_FIRST_IMPRESSION_4",
    "id": "ULTIMATE_FIRST_IMPRESSION;4"
  },
  {
    "stock": "ENCHANTMENT_FEROCIOUS_MANA_7",
    "id": "FEROCIOUS_MANA;7"
  },
  {
    "stock": "ENCHANTMENT_MAGNET_3",
    "id": "MAGNET;3"
  },
  {
    "stock": "ENCHANTMENT_ULTIMATE_FIRST_IMPRESSION_3",
    "id": "ULTIMATE_FIRST_IMPRESSION;3"
  },
  {
    "stock": "ENCHANTMENT_MAGNET_6",
    "id": "MAGNET;6"
  },
  {
    "stock": "ENCHANTMENT_FEROCIOUS_MANA_1",
    "id": "FEROCIOUS_MANA;1"
  },
  {
    "stock": "ENCHANTMENT_MAGNET_5",
    "id": "MAGNET;5"
  },
  {
    "stock": "ENCHANTMENT_FEROCIOUS_MANA_2",
    "id": "FEROCIOUS_MANA;2"
  },
  {
    "stock": "ENCHANTMENT_FEROCIOUS_MANA_3",
    "id": "FEROCIOUS_MANA;3"
  },
  {
    "stock": "ENCHANTMENT_PESTERMINATOR_1",
    "id": "PESTERMINATOR;1"
  },
  {
    "stock": "ENCHANTMENT_PROJECTILE_PROTECTION_7",
    "id": "PROJECTILE_PROTECTION;7"
  },
  {
    "stock": "ENCHANTMENT_PESTERMINATOR_2",
    "id": "PESTERMINATOR;2"
  },
  {
    "stock": "ENCHANTMENT_PESTERMINATOR_3",
    "id": "PESTERMINATOR;3"
  },
  {
    "stock": "ENCHANTMENT_PROJECTILE_PROTECTION_6",
    "id": "PROJECTILE_PROTECTION;6"
  },
  {
    "stock": "ENCHANTMENT_PESTERMINATOR_4",
    "id": "PESTERMINATOR;4"
  },
  {
    "stock": "ENCHANTMENT_PROJECTILE_PROTECTION_5",
    "id": "PROJECTILE_PROTECTION;5"
  },
  {
    "stock": "ENCHANTMENT_PESTERMINATOR_5",
    "id": "PESTERMINATOR;5"
  },
  {
    "stock": "ENCHANTMENT_PROJECTILE_PROTECTION_4",
    "id": "PROJECTILE_PROTECTION;4"
  },
  {
    "stock": "ENCHANTMENT_PROJECTILE_PROTECTION_3",
    "id": "PROJECTILE_PROTECTION;3"
  },
  {
    "stock": "ENCHANTMENT_PROJECTILE_PROTECTION_2",
    "id": "PROJECTILE_PROTECTION;2"
  },
  {
    "stock": "ENCHANTMENT_PROJECTILE_PROTECTION_1",
    "id": "PROJECTILE_PROTECTION;1"
  },
  {
    "stock": "ENCHANTMENT_SMALL_BRAIN_5",
    "id": "SMALL_BRAIN;5"
  },
  {
    "stock": "ENCHANTMENT_SMALL_BRAIN_3",
    "id": "SMALL_BRAIN;3"
  },
  {
    "stock": "ENCHANTMENT_SMALL_BRAIN_4",
    "id": "SMALL_BRAIN;4"
  },
  {
    "stock": "ENCHANTMENT_DRAGON_HUNTER_4",
    "id": "DRAGON_HUNTER;4"
  },
  {
    "stock": "ENCHANTMENT_DRAGON_HUNTER_3",
    "id": "DRAGON_HUNTER;3"
  },
  {
    "stock": "ENCHANTMENT_DRAGON_HUNTER_5",
    "id": "DRAGON_HUNTER;5"
  },
  {
    "stock": "ENCHANTMENT_DRAGON_HUNTER_2",
    "id": "DRAGON_HUNTER;2"
  },
  {
    "stock": "ENCHANTMENT_DRAGON_HUNTER_1",
    "id": "DRAGON_HUNTER;1"
  },
  {
    "stock": "ENCHANTMENT_IMPALING_3",
    "id": "IMPALING;3"
  },
  {
    "stock": "ENCHANTMENT_IMPALING_2",
    "id": "IMPALING;2"
  },
  {
    "stock": "ENCHANTMENT_IMPALING_1",
    "id": "IMPALING;1"
  },
  {
    "stock": "ENCHANTMENT_TURBO_WHEAT_3",
    "id": "TURBO_WHEAT;3"
  },
  {
    "stock": "ENCHANTMENT_TURBO_WHEAT_4",
    "id": "TURBO_WHEAT;4"
  },
  {
    "stock": "ENCHANTMENT_TURBO_WHEAT_1",
    "id": "TURBO_WHEAT;1"
  },
  {
    "stock": "ENCHANTMENT_TURBO_WHEAT_2",
    "id": "TURBO_WHEAT;2"
  },
  {
    "stock": "ENCHANTMENT_TURBO_WHEAT_5",
    "id": "TURBO_WHEAT;5"
  },
  {
    "stock": "ENCHANTMENT_SUGAR_RUSH_3",
    "id": "SUGAR_RUSH;3"
  },
  {
    "stock": "ENCHANTMENT_SUGAR_RUSH_2",
    "id": "SUGAR_RUSH;2"
  },
  {
    "stock": "ENCHANTMENT_SUGAR_RUSH_1",
    "id": "SUGAR_RUSH;1"
  },
  {
    "stock": "ENCHANTMENT_GROWTH_1",
    "id": "GROWTH;1"
  },
  {
    "stock": "ENCHANTMENT_GROWTH_2",
    "id": "GROWTH;2"
  },
  {
    "stock": "ENCHANTMENT_GROWTH_3",
    "id": "GROWTH;3"
  },
  {
    "stock": "ENCHANTMENT_GROWTH_4",
    "id": "GROWTH;4"
  },
  {
    "stock": "ENCHANTMENT_GROWTH_5",
    "id": "GROWTH;5"
  },
  {
    "stock": "ENCHANTMENT_GROWTH_6",
    "id": "GROWTH;6"
  },
  {
    "stock": "ENCHANTMENT_GROWTH_7",
    "id": "GROWTH;7"
  },
  {
    "stock": "ENCHANTMENT_ULTIMATE_LAST_STAND_5",
    "id": "ULTIMATE_LAST_STAND;5"
  },
  {
    "stock": "ENCHANTMENT_ULTIMATE_LAST_STAND_4",
    "id": "ULTIMATE_LAST_STAND;4"
  },
  {
    "stock": "ENCHANTMENT_ULTIMATE_LAST_STAND_3",
    "id": "ULTIMATE_LAST_STAND;3"
  },
  {
    "stock": "ENCHANTMENT_ULTIMATE_LAST_STAND_2",
    "id": "ULTIMATE_LAST_STAND;2"
  },
  {
    "stock": "ENCHANTMENT_ULTIMATE_LAST_STAND_1",
    "id": "ULTIMATE_LAST_STAND;1"
  },
  {
    "stock": "ENCHANTMENT_QUICK_BITE_4",
    "id": "QUICK_BITE;4"
  },
  {
    "stock": "ENCHANTMENT_QUICK_BITE_3",
    "id": "QUICK_BITE;3"
  },
  {
    "stock": "ENCHANTMENT_QUICK_BITE_2",
    "id": "QUICK_BITE;2"
  },
  {
    "stock": "ENCHANTMENT_QUICK_BITE_1",
    "id": "QUICK_BITE;1"
  },
  {
    "stock": "ENCHANTMENT_QUICK_BITE_5",
    "id": "QUICK_BITE;5"
  },
  {
    "stock": "ENCHANTMENT_EFFICIENCY_5",
    "id": "EFFICIENCY;5"
  },
  {
    "stock": "ENCHANTMENT_EFFICIENCY_4",
    "id": "EFFICIENCY;4"
  },
  {
    "stock": "ENCHANTMENT_EFFICIENCY_3",
    "id": "EFFICIENCY;3"
  },
  {
    "stock": "ENCHANTMENT_EFFICIENCY_2",
    "id": "EFFICIENCY;2"
  },
  {
    "stock": "ENCHANTMENT_EFFICIENCY_1",
    "id": "EFFICIENCY;1"
  },
  {
    "stock": "ENCHANTMENT_EFFICIENCY_9",
    "id": "EFFICIENCY;9"
  },
  {
    "stock": "ENCHANTMENT_EFFICIENCY_8",
    "id": "EFFICIENCY;8"
  },
  {
    "stock": "ENCHANTMENT_EFFICIENCY_7",
    "id": "EFFICIENCY;7"
  },
  {
    "stock": "ENCHANTMENT_EFFICIENCY_6",
    "id": "EFFICIENCY;6"
  },
  {
    "stock": "ENCHANTMENT_SMOLDERING_5",
    "id": "SMOLDERING;5"
  },
  {
    "stock": "ENCHANTMENT_SMOLDERING_3",
    "id": "SMOLDERING;3"
  },
  {
    "stock": "ENCHANTMENT_SMOLDERING_4",
    "id": "SMOLDERING;4"
  },
  {
    "stock": "ENCHANTMENT_SMOLDERING_1",
    "id": "SMOLDERING;1"
  },
  {
    "stock": "ENCHANTMENT_SMOLDERING_2",
    "id": "SMOLDERING;2"
  },
  {
    "stock": "ENCHANTMENT_CRITICAL_6",
    "id": "CRITICAL;6"
  },
  {
    "stock": "ENCHANTMENT_CRITICAL_7",
    "id": "CRITICAL;7"
  },
  {
    "stock": "ENCHANTMENT_TOXOPHILITE_1",
    "id": "TOXOPHILITE;1"
  },
  {
    "stock": "ENCHANTMENT_CRITICAL_4",
    "id": "CRITICAL;4"
  },
  {
    "stock": "ENCHANTMENT_CRITICAL_5",
    "id": "CRITICAL;5"
  },
  {
    "stock": "ENCHANTMENT_CRITICAL_2",
    "id": "CRITICAL;2"
  },
  {
    "stock": "ENCHANTMENT_CRITICAL_3",
    "id": "CRITICAL;3"
  },
  {
    "stock": "ENCHANTMENT_CRITICAL_1",
    "id": "CRITICAL;1"
  },
  {
    "stock": "ENCHANTMENT_FROST_WALKER_2",
    "id": "FROST_WALKER;2"
  },
  {
    "stock": "ENCHANTMENT_THUNDERBOLT_6",
    "id": "THUNDERBOLT;6"
  },
  {
    "stock": "ENCHANTMENT_THUNDERBOLT_7",
    "id": "THUNDERBOLT;7"
  },
  {
    "stock": "ENCHANTMENT_FROST_WALKER_1",
    "id": "FROST_WALKER;1"
  },
  {
    "stock": "ENCHANTMENT_ICE_COLD_4",
    "id": "ICE_COLD;4"
  },
  {
    "stock": "ENCHANTMENT_ICE_COLD_3",
    "id": "ICE_COLD;3"
  },
  {
    "stock": "ENCHANTMENT_THUNDERBOLT_1",
    "id": "THUNDERBOLT;1"
  },
  {
    "stock": "ENCHANTMENT_ICE_COLD_5",
    "id": "ICE_COLD;5"
  },
  {
    "stock": "ENCHANTMENT_THUNDERBOLT_4",
    "id": "THUNDERBOLT;4"
  },
  {
    "stock": "ENCHANTMENT_THUNDERBOLT_5",
    "id": "THUNDERBOLT;5"
  },
  {
    "stock": "ENCHANTMENT_ICE_COLD_2",
    "id": "ICE_COLD;2"
  },
  {
    "stock": "ENCHANTMENT_THUNDERBOLT_2",
    "id": "THUNDERBOLT;2"
  },
  {
    "stock": "ENCHANTMENT_ICE_COLD_1",
    "id": "ICE_COLD;1"
  },
  {
    "stock": "ENCHANTMENT_THUNDERBOLT_3",
    "id": "THUNDERBOLT;3"
  },
  {
    "stock": "ENCHANTMENT_ULTIMATE_REITERATE_1",
    "id": "ULTIMATE_REITERATE;1"
  },
  {
    "stock": "ENCHANTMENT_ULTIMATE_REITERATE_4",
    "id": "ULTIMATE_REITERATE;4"
  },
  {
    "stock": "ENCHANTMENT_COMPACT_10",
    "id": "COMPACT;10"
  },
  {
    "stock": "ENCHANTMENT_ULTIMATE_REITERATE_5",
    "id": "ULTIMATE_REITERATE;5"
  },
  {
    "stock": "ENCHANTMENT_ULTIMATE_REITERATE_2",
    "id": "ULTIMATE_REITERATE;2"
  },
  {
    "stock": "ENCHANTMENT_ULTIMATE_REITERATE_3",
    "id": "ULTIMATE_REITERATE;3"
  },
  {
    "stock": "ENCHANTMENT_VENOMOUS_3",
    "id": "VENOMOUS;3"
  },
  {
    "stock": "ENCHANTMENT_VENOMOUS_4",
    "id": "VENOMOUS;4"
  },
  {
    "stock": "ENCHANTMENT_VENOMOUS_5",
    "id": "VENOMOUS;5"
  },
  {
    "stock": "ENCHANTMENT_VENOMOUS_6",
    "id": "VENOMOUS;6"
  },
  {
    "stock": "ENCHANTMENT_VENOMOUS_1",
    "id": "VENOMOUS;1"
  },
  {
    "stock": "ENCHANTMENT_VENOMOUS_2",
    "id": "VENOMOUS;2"
  },
  {
    "stock": "ENCHANTMENT_STRONG_MANA_10",
    "id": "STRONG_MANA;10"
  },
  {
    "stock": "ENCHANTMENT_ABSORB_1",
    "id": "ABSORB;1"
  },
  {
    "stock": "ENCHANTMENT_CURSE_OF_VANISHING_0",
    "id": "CURSE_OF_VANISHING;0"
  },
  {
    "stock": "ENCHANTMENT_COMPACT_2",
    "id": "COMPACT;2"
  },
  {
    "stock": "ENCHANTMENT_COMPACT_3",
    "id": "COMPACT;3"
  },
  {
    "stock": "ENCHANTMENT_COMPACT_1",
    "id": "COMPACT;1"
  },
  {
    "stock": "ENCHANTMENT_COMPACT_6",
    "id": "COMPACT;6"
  },
  {
    "stock": "ENCHANTMENT_COMPACT_7",
    "id": "COMPACT;7"
  },
  {
    "stock": "ENCHANTMENT_COMPACT_4",
    "id": "COMPACT;4"
  },
  {
    "stock": "ENCHANTMENT_COMPACT_5",
    "id": "COMPACT;5"
  },
  {
    "stock": "ENCHANTMENT_COMPACT_8",
    "id": "COMPACT;8"
  },
  {
    "stock": "ENCHANTMENT_COMPACT_9",
    "id": "COMPACT;9"
  },
  {
    "stock": "ENCHANTMENT_FEROCIOUS_MANA_10",
    "id": "FEROCIOUS_MANA;10"
  },
  {
    "stock": "ENCHANTMENT_LIFE_STEAL_1",
    "id": "LIFE_STEAL;1"
  },
  {
    "stock": "ENCHANTMENT_LIFE_STEAL_2",
    "id": "LIFE_STEAL;2"
  },
  {
    "stock": "ENCHANTMENT_LIFE_STEAL_5",
    "id": "LIFE_STEAL;5"
  },
  {
    "stock": "ENCHANTMENT_LIFE_STEAL_3",
    "id": "LIFE_STEAL;3"
  },
  {
    "stock": "ENCHANTMENT_LIFE_STEAL_4",
    "id": "LIFE_STEAL;4"
  },
  {
    "stock": "ENCHANTMENT_TURBO_MUSHROOMS_5",
    "id": "TURBO_MUSHROOMS;5"
  },
  {
    "stock": "ENCHANTMENT_TURBO_MUSHROOMS_2",
    "id": "TURBO_MUSHROOMS;2"
  },
  {
    "stock": "ENCHANTMENT_TURBO_MUSHROOMS_1",
    "id": "TURBO_MUSHROOMS;1"
  },
  {
    "stock": "ENCHANTMENT_TURBO_MUSHROOMS_4",
    "id": "TURBO_MUSHROOMS;4"
  },
  {
    "stock": "ENCHANTMENT_TURBO_MUSHROOMS_3",
    "id": "TURBO_MUSHROOMS;3"
  },
  {
    "stock": "ENCHANTMENT_MANA_VAMPIRE_2",
    "id": "MANA_VAMPIRE;2"
  },
  {
    "stock": "ENCHANTMENT_MANA_VAMPIRE_1",
    "id": "MANA_VAMPIRE;1"
  },
  {
    "stock": "ENCHANTMENT_MANA_VAMPIRE_4",
    "id": "MANA_VAMPIRE;4"
  },
  {
    "stock": "ENCHANTMENT_MANA_VAMPIRE_3",
    "id": "MANA_VAMPIRE;3"
  },
  {
    "stock": "ENCHANTMENT_MANA_VAMPIRE_6",
    "id": "MANA_VAMPIRE;6"
  },
  {
    "stock": "ENCHANTMENT_MANA_VAMPIRE_5",
    "id": "MANA_VAMPIRE;5"
  },
  {
    "stock": "ENCHANTMENT_MANA_VAMPIRE_8",
    "id": "MANA_VAMPIRE;8"
  },
  {
    "stock": "ENCHANTMENT_MANA_VAMPIRE_7",
    "id": "MANA_VAMPIRE;7"
  },
  {
    "stock": "ENCHANTMENT_MANA_VAMPIRE_9",
    "id": "MANA_VAMPIRE;9"
  },
  {
    "stock": "ENCHANTMENT_PIERCING_1",
    "id": "PIERCING;1"
  },
  {
    "stock": "ENCHANTMENT_ULTIMATE_THE_ONE_5",
    "id": "ULTIMATE_THE_ONE;5"
  },
  {
    "stock": "ENCHANTMENT_ULTIMATE_THE_ONE_4",
    "id": "ULTIMATE_THE_ONE;4"
  },
  {
    "stock": "ENCHANTMENT_POWER_1",
    "id": "POWER;1"
  },
  {
    "stock": "ENCHANTMENT_POWER_7",
    "id": "POWER;7"
  },
  {
    "stock": "ENCHANTMENT_POWER_6",
    "id": "POWER;6"
  },
  {
    "stock": "ENCHANTMENT_POWER_3",
    "id": "POWER;3"
  },
  {
    "stock": "ENCHANTMENT_POWER_2",
    "id": "POWER;2"
  },
  {
    "stock": "ENCHANTMENT_POWER_5",
    "id": "POWER;5"
  },
  {
    "stock": "ENCHANTMENT_POWER_4",
    "id": "POWER;4"
  },
  {
    "stock": "ENCHANTMENT_ULTIMATE_BOBBIN_TIME_3",
    "id": "ULTIMATE_BOBBIN_TIME;3"
  },
  {
    "stock": "ENCHANTMENT_ULTIMATE_BOBBIN_TIME_4",
    "id": "ULTIMATE_BOBBIN_TIME;4"
  },
  {
    "stock": "ENCHANTMENT_ULTIMATE_BOBBIN_TIME_5",
    "id": "ULTIMATE_BOBBIN_TIME;5"
  },
  {
    "stock": "ENCHANTMENT_VAMPIRISM_5",
    "id": "VAMPIRISM;5"
  },
  {
    "stock": "ENCHANTMENT_VAMPIRISM_6",
    "id": "VAMPIRISM;6"
  },
  {
    "stock": "ENCHANTMENT_VAMPIRISM_3",
    "id": "VAMPIRISM;3"
  },
  {
    "stock": "ENCHANTMENT_VAMPIRISM_4",
    "id": "VAMPIRISM;4"
  },
  {
    "stock": "ENCHANTMENT_CULTIVATING_9",
    "id": "CULTIVATING;9"
  },
  {
    "stock": "ENCHANTMENT_CULTIVATING_7",
    "id": "CULTIVATING;7"
  },
  {
    "stock": "ENCHANTMENT_CULTIVATING_8",
    "id": "CULTIVATING;8"
  },
  {
    "stock": "ENCHANTMENT_CULTIVATING_5",
    "id": "CULTIVATING;5"
  },
  {
    "stock": "ENCHANTMENT_CULTIVATING_6",
    "id": "CULTIVATING;6"
  },
  {
    "stock": "ENCHANTMENT_CULTIVATING_3",
    "id": "CULTIVATING;3"
  },
  {
    "stock": "ENCHANTMENT_CULTIVATING_4",
    "id": "CULTIVATING;4"
  },
  {
    "stock": "ENCHANTMENT_CULTIVATING_1",
    "id": "CULTIVATING;1"
  },
  {
    "stock": "ENCHANTMENT_VAMPIRISM_1",
    "id": "VAMPIRISM;1"
  },
  {
    "stock": "ENCHANTMENT_CULTIVATING_2",
    "id": "CULTIVATING;2"
  },
  {
    "stock": "ENCHANTMENT_VAMPIRISM_2",
    "id": "VAMPIRISM;2"
  },
  {
    "stock": "ENCHANTMENT_ULTIMATE_SOUL_EATER_1",
    "id": "ULTIMATE_SOUL_EATER;1"
  },
  {
    "stock": "ENCHANTMENT_ULTIMATE_SOUL_EATER_3",
    "id": "ULTIMATE_SOUL_EATER;3"
  },
  {
    "stock": "ENCHANTMENT_ULTIMATE_SOUL_EATER_2",
    "id": "ULTIMATE_SOUL_EATER;2"
  },
  {
    "stock": "ENCHANTMENT_ULTIMATE_SOUL_EATER_5",
    "id": "ULTIMATE_SOUL_EATER;5"
  },
  {
    "stock": "ENCHANTMENT_ULTIMATE_SOUL_EATER_4",
    "id": "ULTIMATE_SOUL_EATER;4"
  },
  {
    "stock": "ENCHANTMENT_KNOCKBACK_2",
    "id": "KNOCKBACK;2"
  },
  {
    "stock": "ENCHANTMENT_GREEN_THUMB_5",
    "id": "GREEN_THUMB;5"
  },
  {
    "stock": "ENCHANTMENT_KNOCKBACK_1",
    "id": "KNOCKBACK;1"
  },
  {
    "stock": "ENCHANTMENT_GREEN_THUMB_1",
    "id": "GREEN_THUMB;1"
  },
  {
    "stock": "ENCHANTMENT_ULTIMATE_FLASH_2",
    "id": "ULTIMATE_FLASH;2"
  },
  {
    "stock": "ENCHANTMENT_ULTIMATE_FLASH_1",
    "id": "ULTIMATE_FLASH;1"
  },
  {
    "stock": "ENCHANTMENT_GREEN_THUMB_2",
    "id": "GREEN_THUMB;2"
  },
  {
    "stock": "ENCHANTMENT_ULTIMATE_FLASH_4",
    "id": "ULTIMATE_FLASH;4"
  },
  {
    "stock": "ENCHANTMENT_GREEN_THUMB_3",
    "id": "GREEN_THUMB;3"
  },
  {
    "stock": "ENCHANTMENT_GREEN_THUMB_4",
    "id": "GREEN_THUMB;4"
  },
  {
    "stock": "ENCHANTMENT_ULTIMATE_FLASH_3",
    "id": "ULTIMATE_FLASH;3"
  },
  {
    "stock": "ENCHANTMENT_FIRST_STRIKE_1",
    "id": "FIRST_STRIKE;1"
  },
  {
    "stock": "ENCHANTMENT_FIRST_STRIKE_5",
    "id": "FIRST_STRIKE;5"
  },
  {
    "stock": "ENCHANTMENT_ULTIMATE_FLASH_5",
    "id": "ULTIMATE_FLASH;5"
  },
  {
    "stock": "ENCHANTMENT_FIRST_STRIKE_4",
    "id": "FIRST_STRIKE;4"
  },
  {
    "stock": "ENCHANTMENT_FIRST_STRIKE_3",
    "id": "FIRST_STRIKE;3"
  },
  {
    "stock": "ENCHANTMENT_FIRST_STRIKE_2",
    "id": "FIRST_STRIKE;2"
  },
  {
    "stock": "ENCHANTMENT_ULTIMATE_FATAL_TEMPO_5",
    "id": "ULTIMATE_FATAL_TEMPO;5"
  },
  {
    "stock": "ENCHANTMENT_ULTIMATE_FATAL_TEMPO_3",
    "id": "ULTIMATE_FATAL_TEMPO;3"
  },
  {
    "stock": "ENCHANTMENT_BLESSING_2",
    "id": "BLESSING;2"
  },
  {
    "stock": "ENCHANTMENT_DEPTH_STRIDER_2",
    "id": "DEPTH_STRIDER;2"
  },
  {
    "stock": "ENCHANTMENT_ULTIMATE_FATAL_TEMPO_4",
    "id": "ULTIMATE_FATAL_TEMPO;4"
  },
  {
    "stock": "ENCHANTMENT_BLESSING_3",
    "id": "BLESSING;3"
  },
  {
    "stock": "ENCHANTMENT_DEPTH_STRIDER_3",
    "id": "DEPTH_STRIDER;3"
  },
  {
    "stock": "ENCHANTMENT_ULTIMATE_FATAL_TEMPO_1",
    "id": "ULTIMATE_FATAL_TEMPO;1"
  },
  {
    "stock": "ENCHANTMENT_ULTIMATE_FATAL_TEMPO_2",
    "id": "ULTIMATE_FATAL_TEMPO;2"
  },
  {
    "stock": "ENCHANTMENT_BLESSING_1",
    "id": "BLESSING;1"
  },
  {
    "stock": "ENCHANTMENT_BLESSING_6",
    "id": "BLESSING;6"
  },
  {
    "stock": "ENCHANTMENT_BLESSING_4",
    "id": "BLESSING;4"
  },
  {
    "stock": "ENCHANTMENT_BLESSING_5",
    "id": "BLESSING;5"
  },
  {
    "stock": "ENCHANTMENT_DEPTH_STRIDER_1",
    "id": "DEPTH_STRIDER;1"
  },
  {
    "stock": "ENCHANTMENT_TRIPLE_STRIKE_1",
    "id": "TRIPLE_STRIKE;1"
  },
  {
    "stock": "ENCHANTMENT_TRIPLE_STRIKE_3",
    "id": "TRIPLE_STRIKE;3"
  },
  {
    "stock": "ENCHANTMENT_TRIPLE_STRIKE_2",
    "id": "TRIPLE_STRIKE;2"
  },
  {
    "stock": "ENCHANTMENT_WITHER_HUNTER_0",
    "id": "WITHER_HUNTER;0"
  },
  {
    "stock": "ENCHANTMENT_SPIKED_HOOK_5",
    "id": "SPIKED_HOOK;5"
  },
  {
    "stock": "ENCHANTMENT_SPIKED_HOOK_6",
    "id": "SPIKED_HOOK;6"
  },
  {
    "stock": "ENCHANTMENT_SPIKED_HOOK_3",
    "id": "SPIKED_HOOK;3"
  },
  {
    "stock": "ENCHANTMENT_SPIKED_HOOK_4",
    "id": "SPIKED_HOOK;4"
  },
  {
    "stock": "ENCHANTMENT_LETHALITY_1",
    "id": "LETHALITY;1"
  },
  {
    "stock": "ENCHANTMENT_LETHALITY_2",
    "id": "LETHALITY;2"
  },
  {
    "stock": "ENCHANTMENT_LETHALITY_3",
    "id": "LETHALITY;3"
  },
  {
    "stock": "ENCHANTMENT_LETHALITY_4",
    "id": "LETHALITY;4"
  },
  {
    "stock": "ENCHANTMENT_LETHALITY_5",
    "id": "LETHALITY;5"
  },
  {
    "stock": "ENCHANTMENT_LETHALITY_6",
    "id": "LETHALITY;6"
  },
  {
    "stock": "ENCHANTMENT_CLEAVE_2",
    "id": "CLEAVE;2"
  },
  {
    "stock": "ENCHANTMENT_CLEAVE_1",
    "id": "CLEAVE;1"
  },
  {
    "stock": "ENCHANTMENT_CLEAVE_4",
    "id": "CLEAVE;4"
  },
  {
    "stock": "ENCHANTMENT_CLEAVE_3",
    "id": "CLEAVE;3"
  },
  {
    "stock": "ENCHANTMENT_CLEAVE_6",
    "id": "CLEAVE;6"
  },
  {
    "stock": "ENCHANTMENT_CLEAVE_5",
    "id": "CLEAVE;5"
  },
  {
    "stock": "ENCHANTMENT_SPIKED_HOOK_1",
    "id": "SPIKED_HOOK;1"
  },
  {
    "stock": "ENCHANTMENT_SPIKED_HOOK_2",
    "id": "SPIKED_HOOK;2"
  },
  {
    "stock": "ENCHANTMENT_TURBO_CARROT_2",
    "id": "TURBO_CARROT;2"
  },
  {
    "stock": "ENCHANTMENT_TURBO_CARROT_1",
    "id": "TURBO_CARROT;1"
  },
  {
    "stock": "ENCHANTMENT_GIANT_KILLER_4",
    "id": "GIANT_KILLER;4"
  },
  {
    "stock": "ENCHANTMENT_GIANT_KILLER_5",
    "id": "GIANT_KILLER;5"
  },
  {
    "stock": "ENCHANTMENT_GIANT_KILLER_2",
    "id": "GIANT_KILLER;2"
  },
  {
    "stock": "ENCHANTMENT_GIANT_KILLER_3",
    "id": "GIANT_KILLER;3"
  },
  {
    "stock": "ENCHANTMENT_GIANT_KILLER_6",
    "id": "GIANT_KILLER;6"
  },
  {
    "stock": "ENCHANTMENT_GIANT_KILLER_7",
    "id": "GIANT_KILLER;7"
  },
  {
    "stock": "ENCHANTMENT_TRIPLE_STRIKE_5",
    "id": "TRIPLE_STRIKE;5"
  },
  {
    "stock": "ENCHANTMENT_TRIPLE_STRIKE_4",
    "id": "TRIPLE_STRIKE;4"
  },
  {
    "stock": "ENCHANTMENT_AQUA_AFFINITY_1",
    "id": "AQUA_AFFINITY;1"
  },
  {
    "stock": "ENCHANTMENT_TURBO_CARROT_4",
    "id": "TURBO_CARROT;4"
  },
  {
    "stock": "ENCHANTMENT_TURBO_CARROT_3",
    "id": "TURBO_CARROT;3"
  },
  {
    "stock": "ENCHANTMENT_TURBO_CARROT_5",
    "id": "TURBO_CARROT;5"
  },
  {
    "stock": "ENCHANTMENT_TURBO_CANE_4",
    "id": "TURBO_CANE;4"
  },
  {
    "stock": "ENCHANTMENT_TURBO_CANE_3",
    "id": "TURBO_CANE;3"
  },
  {
    "stock": "ENCHANTMENT_TURBO_CANE_2",
    "id": "TURBO_CANE;2"
  },
  {
    "stock": "ENCHANTMENT_TURBO_CANE_1",
    "id": "TURBO_CANE;1"
  },
  {
    "stock": "ENCHANTMENT_TURBO_CANE_5",
    "id": "TURBO_CANE;5"
  },
  {
    "stock": "ENCHANTMENT_FORTUNE_1",
    "id": "FORTUNE;1"
  },
  {
    "stock": "ENCHANTMENT_FORTUNE_2",
    "id": "FORTUNE;2"
  },
  {
    "stock": "ENCHANTMENT_FORTUNE_3",
    "id": "FORTUNE;3"
  },
  {
    "stock": "ENCHANTMENT_FORTUNE_4",
    "id": "FORTUNE;4"
  },
  {
    "stock": "ENCHANTMENT_ARCANE_6",
    "id": "ARCANE;6"
  },
  {
    "stock": "ENCHANTMENT_ARCANE_5",
    "id": "ARCANE;5"
  },
  {
    "stock": "ENCHANTMENT_ARCANE_3",
    "id": "ARCANE;3"
  },
  {
    "stock": "ENCHANTMENT_ARCANE_4",
    "id": "ARCANE;4"
  },
  {
    "stock": "ENCHANTMENT_ARCANE_1",
    "id": "ARCANE;1"
  },
  {
    "stock": "ENCHANTMENT_ARCANE_2",
    "id": "ARCANE;2"
  },
  {
    "stock": "ENCHANTMENT_GIANT_KILLER_1",
    "id": "GIANT_KILLER;1"
  },
  {
    "stock": "ENCHANTMENT_FRAIL_2",
    "id": "FRAIL;2"
  },
  {
    "stock": "ENCHANTMENT_FRAIL_1",
    "id": "FRAIL;1"
  },
  {
    "stock": "ENCHANTMENT_FRAIL_4",
    "id": "FRAIL;4"
  },
  {
    "stock": "ENCHANTMENT_FRAIL_3",
    "id": "FRAIL;3"
  },
  {
    "stock": "ENCHANTMENT_FRAIL_6",
    "id": "FRAIL;6"
  },
  {
    "stock": "ENCHANTMENT_FRAIL_5",
    "id": "FRAIL;5"
  },
  {
    "stock": "ENCHANTMENT_EXECUTE_6",
    "id": "EXECUTE;6"
  },
  {
    "stock": "ENCHANTMENT_INFINITE_QUIVER_10",
    "id": "INFINITE_QUIVER;10"
  },
  {
    "stock": "ENCHANTMENT_EXECUTE_3",
    "id": "EXECUTE;3"
  },
  {
    "stock": "ENCHANTMENT_EXECUTE_2",
    "id": "EXECUTE;2"
  },
  {
    "stock": "ENCHANTMENT_EXECUTE_5",
    "id": "EXECUTE;5"
  },
  {
    "stock": "ENCHANTMENT_EXECUTE_4",
    "id": "EXECUTE;4"
  },
  {
    "stock": "ENCHANTMENT_LOOTING_4",
    "id": "LOOTING;4"
  },
  {
    "stock": "ENCHANTMENT_SMITE_7",
    "id": "SMITE;7"
  },
  {
    "stock": "ENCHANTMENT_LOOTING_3",
    "id": "LOOTING;3"
  },
  {
    "stock": "ENCHANTMENT_LOOTING_2",
    "id": "LOOTING;2"
  },
  {
    "stock": "ENCHANTMENT_EXECUTE_1",
    "id": "EXECUTE;1"
  },
  {
    "stock": "ENCHANTMENT_LOOTING_1",
    "id": "LOOTING;1"
  },
  {
    "stock": "ENCHANTMENT_CUBISM_2",
    "id": "CUBISM;2"
  },
  {
    "stock": "ENCHANTMENT_CUBISM_3",
    "id": "CUBISM;3"
  },
  {
    "stock": "ENCHANTMENT_CUBISM_1",
    "id": "CUBISM;1"
  },
  {
    "stock": "ENCHANTMENT_LOOTING_5",
    "id": "LOOTING;5"
  },
  {
    "stock": "ENCHANTMENT_CUBISM_6",
    "id": "CUBISM;6"
  },
  {
    "stock": "ENCHANTMENT_SMITE_1",
    "id": "SMITE;1"
  },
  {
    "stock": "ENCHANTMENT_CUBISM_4",
    "id": "CUBISM;4"
  },
  {
    "stock": "ENCHANTMENT_SMITE_2",
    "id": "SMITE;2"
  },
  {
    "stock": "ENCHANTMENT_CUBISM_5",
    "id": "CUBISM;5"
  },
  {
    "stock": "ENCHANTMENT_SMITE_3",
    "id": "SMITE;3"
  },
  {
    "stock": "ENCHANTMENT_SMITE_4",
    "id": "SMITE;4"
  },
  {
    "stock": "ENCHANTMENT_SMITE_5",
    "id": "SMITE;5"
  },
  {
    "stock": "ENCHANTMENT_SMITE_6",
    "id": "SMITE;6"
  },
  {
    "stock": "ENCHANTMENT_HECATOMB_2",
    "id": "HECATOMB;2"
  },
  {
    "stock": "ENCHANTMENT_HECATOMB_3",
    "id": "HECATOMB;3"
  },
  {
    "stock": "ENCHANTMENT_HECATOMB_1",
    "id": "HECATOMB;1"
  },
  {
    "stock": "ENCHANTMENT_HECATOMB_6",
    "id": "HECATOMB;6"
  },
  {
    "stock": "ENCHANTMENT_HECATOMB_7",
    "id": "HECATOMB;7"
  },
  {
    "stock": "ENCHANTMENT_HECATOMB_4",
    "id": "HECATOMB;4"
  },
  {
    "stock": "ENCHANTMENT_HECATOMB_5",
    "id": "HECATOMB;5"
  },
  {
    "stock": "ENCHANTMENT_HECATOMB_8",
    "id": "HECATOMB;8"
  },
  {
    "stock": "ENCHANTMENT_HECATOMB_9",
    "id": "HECATOMB;9"
  },
  {
    "stock": "ENCHANTMENT_INFINITE_QUIVER_8",
    "id": "INFINITE_QUIVER;8"
  },
  {
    "stock": "ENCHANTMENT_INFINITE_QUIVER_9",
    "id": "INFINITE_QUIVER;9"
  },
  {
    "stock": "ENCHANTMENT_INFINITE_QUIVER_6",
    "id": "INFINITE_QUIVER;6"
  },
  {
    "stock": "ENCHANTMENT_INFINITE_QUIVER_7",
    "id": "INFINITE_QUIVER;7"
  },
  {
    "stock": "ENCHANTMENT_ULTIMATE_WISDOM_4",
    "id": "ULTIMATE_WISDOM;4"
  },
  {
    "stock": "ENCHANTMENT_BANE_OF_ARTHROPODS_2",
    "id": "BANE_OF_ARTHROPODS;2"
  },
  {
    "stock": "ENCHANTMENT_INFINITE_QUIVER_4",
    "id": "INFINITE_QUIVER;4"
  },
  {
    "stock": "ENCHANTMENT_ULTIMATE_WISDOM_5",
    "id": "ULTIMATE_WISDOM;5"
  },
  {
    "stock": "ENCHANTMENT_BANE_OF_ARTHROPODS_3",
    "id": "BANE_OF_ARTHROPODS;3"
  },
  {
    "stock": "ENCHANTMENT_INFINITE_QUIVER_5",
    "id": "INFINITE_QUIVER;5"
  },
  {
    "stock": "ENCHANTMENT_INFINITE_QUIVER_2",
    "id": "INFINITE_QUIVER;2"
  },
  {
    "stock": "ENCHANTMENT_BANE_OF_ARTHROPODS_1",
    "id": "BANE_OF_ARTHROPODS;1"
  },
  {
    "stock": "ENCHANTMENT_INFINITE_QUIVER_3",
    "id": "INFINITE_QUIVER;3"
  },
  {
    "stock": "ENCHANTMENT_BANE_OF_ARTHROPODS_6",
    "id": "BANE_OF_ARTHROPODS;6"
  },
  {
    "stock": "ENCHANTMENT_BANE_OF_ARTHROPODS_7",
    "id": "BANE_OF_ARTHROPODS;7"
  },
  {
    "stock": "ENCHANTMENT_ULTIMATE_WISDOM_1",
    "id": "ULTIMATE_WISDOM;1"
  },
  {
    "stock": "ENCHANTMENT_INFINITE_QUIVER_1",
    "id": "INFINITE_QUIVER;1"
  },
  {
    "stock": "ENCHANTMENT_ULTIMATE_WISDOM_2",
    "id": "ULTIMATE_WISDOM;2"
  },
  {
    "stock": "ENCHANTMENT_BANE_OF_ARTHROPODS_4",
    "id": "BANE_OF_ARTHROPODS;4"
  },
  {
    "stock": "ENCHANTMENT_ULTIMATE_WISDOM_3",
    "id": "ULTIMATE_WISDOM;3"
  },
  {
    "stock": "ENCHANTMENT_BANE_OF_ARTHROPODS_5",
    "id": "BANE_OF_ARTHROPODS;5"
  },
  {
    "stock": "ENCHANTMENT_ULTIMATE_NO_PAIN_NO_GAIN_2",
    "id": "ULTIMATE_NO_PAIN_NO_GAIN;2"
  },
  {
    "stock": "ENCHANTMENT_ULTIMATE_NO_PAIN_NO_GAIN_1",
    "id": "ULTIMATE_NO_PAIN_NO_GAIN;1"
  },
  {
    "stock": "ENCHANTMENT_PROTECTION_7",
    "id": "PROTECTION;7"
  },
  {
    "stock": "ENCHANTMENT_PROTECTION_6",
    "id": "PROTECTION;6"
  },
  {
    "stock": "ENCHANTMENT_PROTECTION_1",
    "id": "PROTECTION;1"
  },
  {
    "stock": "ENCHANTMENT_PROTECTION_5",
    "id": "PROTECTION;5"
  },
  {
    "stock": "ENCHANTMENT_PROTECTION_4",
    "id": "PROTECTION;4"
  },
  {
    "stock": "ENCHANTMENT_PROTECTION_3",
    "id": "PROTECTION;3"
  },
  {
    "stock": "ENCHANTMENT_PROTECTION_2",
    "id": "PROTECTION;2"
  },
  {
    "stock": "ENCHANTMENT_TURBO_COCO_1",
    "id": "TURBO_COCO;1"
  },
  {
    "stock": "ENCHANTMENT_TURBO_COCO_5",
    "id": "TURBO_COCO;5"
  },
  {
    "stock": "ENCHANTMENT_TURBO_COCO_4",
    "id": "TURBO_COCO;4"
  },
  {
    "stock": "ENCHANTMENT_TURBO_COCO_3",
    "id": "TURBO_COCO;3"
  },
  {
    "stock": "ENCHANTMENT_TURBO_COCO_2",
    "id": "TURBO_COCO;2"
  },
  {
    "stock": "ENCHANTMENT_LAPIDARY_4",
    "id": "LAPIDARY;4"
  },
  {
    "stock": "ENCHANTMENT_LAPIDARY_3",
    "id": "LAPIDARY;3"
  },
  {
    "stock": "ENCHANTMENT_LAPIDARY_2",
    "id": "LAPIDARY;2"
  },
  {
    "stock": "ENCHANTMENT_LAPIDARY_1",
    "id": "LAPIDARY;1"
  },
  {
    "stock": "ENCHANTMENT_TURBO_CACTUS_5",
    "id": "TURBO_CACTUS;5"
  },
  {
    "stock": "ENCHANTMENT_TURBO_CACTUS_4",
    "id": "TURBO_CACTUS;4"
  },
  {
    "stock": "ENCHANTMENT_TURBO_CACTUS_3",
    "id": "TURBO_CACTUS;3"
  },
  {
    "stock": "ENCHANTMENT_TURBO_CACTUS_2",
    "id": "TURBO_CACTUS;2"
  },
  {
    "stock": "ENCHANTMENT_LAPIDARY_5",
    "id": "LAPIDARY;5"
  },
  {
    "stock": "ENCHANTMENT_TURBO_CACTUS_1",
    "id": "TURBO_CACTUS;1"
  },
  {
    "stock": "ENCHANTMENT_SHARPNESS_1",
    "id": "SHARPNESS;1"
  },
  {
    "stock": "ENCHANTMENT_SHARPNESS_5",
    "id": "SHARPNESS;5"
  },
  {
    "stock": "ENCHANTMENT_SHARPNESS_4",
    "id": "SHARPNESS;4"
  },
  {
    "stock": "ENCHANTMENT_SHARPNESS_3",
    "id": "SHARPNESS;3"
  },
  {
    "stock": "ENCHANTMENT_SHARPNESS_2",
    "id": "SHARPNESS;2"
  },
  {
    "stock": "ENCHANTMENT_TURBO_MELON_5",
    "id": "TURBO_MELON;5"
  },
  {
    "stock": "ENCHANTMENT_SHARPNESS_7",
    "id": "SHARPNESS;7"
  },
  {
    "stock": "ENCHANTMENT_SHARPNESS_6",
    "id": "SHARPNESS;6"
  },
  {
    "stock": "ENCHANTMENT_TURBO_MELON_3",
    "id": "TURBO_MELON;3"
  },
  {
    "stock": "ENCHANTMENT_STRONG_MANA_7",
    "id": "STRONG_MANA;7"
  },
  {
    "stock": "ENCHANTMENT_TURBO_MELON_4",
    "id": "TURBO_MELON;4"
  },
  {
    "stock": "ENCHANTMENT_STRONG_MANA_6",
    "id": "STRONG_MANA;6"
  },
  {
    "stock": "ENCHANTMENT_TURBO_MELON_1",
    "id": "TURBO_MELON;1"
  },
  {
    "stock": "ENCHANTMENT_STRONG_MANA_5",
    "id": "STRONG_MANA;5"
  },
  {
    "stock": "ENCHANTMENT_TURBO_MELON_2",
    "id": "TURBO_MELON;2"
  },
  {
    "stock": "ENCHANTMENT_STRONG_MANA_4",
    "id": "STRONG_MANA;4"
  },
  {
    "stock": "ENCHANTMENT_STRONG_MANA_3",
    "id": "STRONG_MANA;3"
  },
  {
    "stock": "ENCHANTMENT_STRONG_MANA_2",
    "id": "STRONG_MANA;2"
  },
  {
    "stock": "ENCHANTMENT_STRONG_MANA_1",
    "id": "STRONG_MANA;1"
  },
  {
    "stock": "ENCHANTMENT_HARDENED_MANA_1",
    "id": "HARDENED_MANA;1"
  },
  {
    "stock": "ENCHANTMENT_HARDENED_MANA_3",
    "id": "HARDENED_MANA;3"
  },
  {
    "stock": "ENCHANTMENT_HARDENED_MANA_2",
    "id": "HARDENED_MANA;2"
  },
  {
    "stock": "ENCHANTMENT_ULTIMATE_COMBO_1",
    "id": "ULTIMATE_COMBO;1"
  },
  {
    "stock": "ENCHANTMENT_ULTIMATE_COMBO_2",
    "id": "ULTIMATE_COMBO;2"
  },
  {
    "stock": "ENCHANTMENT_ULTIMATE_COMBO_5",
    "id": "ULTIMATE_COMBO;5"
  },
  {
    "stock": "ENCHANTMENT_ULTIMATE_COMBO_3",
    "id": "ULTIMATE_COMBO;3"
  },
  {
    "stock": "ENCHANTMENT_ULTIMATE_COMBO_4",
    "id": "ULTIMATE_COMBO;4"
  },
  {
    "stock": "ENCHANTMENT_STRONG_MANA_9",
    "id": "STRONG_MANA;9"
  },
  {
    "stock": "ENCHANTMENT_STRONG_MANA_8",
    "id": "STRONG_MANA;8"
  },
  {
    "stock": "ENCHANTMENT_HARDENED_MANA_5",
    "id": "HARDENED_MANA;5"
  },
  {
    "stock": "ENCHANTMENT_HARDENED_MANA_4",
    "id": "HARDENED_MANA;4"
  },
  {
    "stock": "ENCHANTMENT_HARDENED_MANA_7",
    "id": "HARDENED_MANA;7"
  },
  {
    "stock": "ENCHANTMENT_HARDENED_MANA_6",
    "id": "HARDENED_MANA;6"
  },
  {
    "stock": "ENCHANTMENT_ULTIMATE_NO_PAIN_NO_GAIN_4",
    "id": "ULTIMATE_NO_PAIN_NO_GAIN;4"
  },
  {
    "stock": "ENCHANTMENT_HARDENED_MANA_9",
    "id": "HARDENED_MANA;9"
  },
  {
    "stock": "ENCHANTMENT_HARDENED_MANA_8",
    "id": "HARDENED_MANA;8"
  },
  {
    "stock": "ENCHANTMENT_ULTIMATE_NO_PAIN_NO_GAIN_3",
    "id": "ULTIMATE_NO_PAIN_NO_GAIN;3"
  },
  {
    "stock": "ENCHANTMENT_ULTIMATE_NO_PAIN_NO_GAIN_5",
    "id": "ULTIMATE_NO_PAIN_NO_GAIN;5"
  },
  {
    "stock": "ENCHANTMENT_PALEONTOLOGIST_5",
    "id": "PALEONTOLOGIST;5"
  },
  {
    "stock": "ENCHANTMENT_MANA_VAMPIRE_10",
    "id": "MANA_VAMPIRE;10"
  },
  {
    "stock": "ENCHANTMENT_PALEONTOLOGIST_3",
    "id": "PALEONTOLOGIST;3"
  },
  {
    "stock": "ENCHANTMENT_PALEONTOLOGIST_4",
    "id": "PALEONTOLOGIST;4"
  },
  {
    "stock": "ENCHANTMENT_PALEONTOLOGIST_1",
    "id": "PALEONTOLOGIST;1"
  },
  {
    "stock": "ENCHANTMENT_PALEONTOLOGIST_2",
    "id": "PALEONTOLOGIST;2"
  },
  {
    "stock": "ENCHANTMENT_CASTER_1",
    "id": "CASTER;1"
  },
  {
    "stock": "ENCHANTMENT_CASTER_2",
    "id": "CASTER;2"
  },
  {
    "stock": "ENCHANTMENT_CASTER_3",
    "id": "CASTER;3"
  },
  {
    "stock": "ENCHANTMENT_CASTER_4",
    "id": "CASTER;4"
  },
  {
    "stock": "ENCHANTMENT_CASTER_5",
    "id": "CASTER;5"
  },
  {
    "stock": "ENCHANTMENT_CASTER_6",
    "id": "CASTER;6"
  },
  {
    "stock": "ENCHANTMENT_OVERLOAD_5",
    "id": "OVERLOAD;5"
  },
  {
    "stock": "ENCHANTMENT_OVERLOAD_4",
    "id": "OVERLOAD;4"
  },
  {
    "stock": "ENCHANTMENT_OVERLOAD_3",
    "id": "OVERLOAD;3"
  },
  {
    "stock": "ENCHANTMENT_OVERLOAD_2",
    "id": "OVERLOAD;2"
  },
  {
    "stock": "ENCHANTMENT_OVERLOAD_1",
    "id": "OVERLOAD;1"
  },
  {
    "stock": "ENCHANTMENT_FIRE_PROTECTION_6",
    "id": "FIRE_PROTECTION;6"
  },
  {
    "stock": "ENCHANTMENT_FIRE_PROTECTION_5",
    "id": "FIRE_PROTECTION;5"
  },
  {
    "stock": "ENCHANTMENT_FIRE_PROTECTION_7",
    "id": "FIRE_PROTECTION;7"
  },
  {
    "stock": "ENCHANTMENT_FIRE_PROTECTION_2",
    "id": "FIRE_PROTECTION;2"
  },
  {
    "stock": "ENCHANTMENT_FIRE_PROTECTION_1",
    "id": "FIRE_PROTECTION;1"
  },
  {
    "stock": "ENCHANTMENT_FIRE_PROTECTION_4",
    "id": "FIRE_PROTECTION;4"
  },
  {
    "stock": "ENCHANTMENT_FIRE_PROTECTION_3",
    "id": "FIRE_PROTECTION;3"
  },
  {
    "stock": "ENCHANTMENT_STEALTH_1",
    "id": "STEALTH;1"
  },
  {
    "stock": "ENCHANTMENT_DEDICATION_2",
    "id": "DEDICATION;2"
  },
  {
    "stock": "ENCHANTMENT_DEDICATION_1",
    "id": "DEDICATION;1"
  },
  {
    "stock": "ENCHANTMENT_DEDICATION_4",
    "id": "DEDICATION;4"
  },
  {
    "stock": "ENCHANTMENT_DEDICATION_3",
    "id": "DEDICATION;3"
  },
  {
    "stock": "ENCHANTMENT_ULTIMATE_WISE_2",
    "id": "ULTIMATE_WISE;2"
  },
  {
    "stock": "ENCHANTMENT_ULTIMATE_WISE_1",
    "id": "ULTIMATE_WISE;1"
  },
  {
    "stock": "ENCHANTMENT_ULTIMATE_WISE_4",
    "id": "ULTIMATE_WISE;4"
  },
  {
    "stock": "ENCHANTMENT_ULTIMATE_WISE_3",
    "id": "ULTIMATE_WISE;3"
  },
  {
    "stock": "ENCHANTMENT_ULTIMATE_WISE_5",
    "id": "ULTIMATE_WISE;5"
  },
  {
    "stock": "ENCHANTMENT_CHAMPION_10",
    "id": "CHAMPION;10"
  },
  {
    "stock": "ENCHANTMENT_CHARM_2",
    "id": "CHARM;2"
  },
  {
    "stock": "ENCHANTMENT_CHARM_3",
    "id": "CHARM;3"
  },
  {
    "stock": "ENCHANTMENT_CHARM_1",
    "id": "CHARM;1"
  },
  {
    "stock": "ENCHANTMENT_CHARM_4",
    "id": "CHARM;4"
  },
  {
    "stock": "ENCHANTMENT_CHARM_5",
    "id": "CHARM;5"
  },
  {
    "stock": "ENCHANTMENT_QUANTUM_4",
    "id": "QUANTUM;4"
  },
  {
    "stock": "ENCHANTMENT_QUANTUM_5",
    "id": "QUANTUM;5"
  },
  {
    "stock": "ENCHANTMENT_REPLENISH_1",
    "id": "REPLENISH;1"
  },
  {
    "stock": "ENCHANTMENT_QUANTUM_3",
    "id": "QUANTUM;3"
  },
  {
    "stock": "ENCHANTMENT_ULTIMATE_SWARM_5",
    "id": "ULTIMATE_SWARM;5"
  },
  {
    "stock": "ENCHANTMENT_SILK_TOUCH_1",
    "id": "SILK_TOUCH;1"
  },
  {
    "stock": "ENCHANTMENT_ULTIMATE_SWARM_3",
    "id": "ULTIMATE_SWARM;3"
  },
  {
    "stock": "ENCHANTMENT_ULTIMATE_SWARM_4",
    "id": "ULTIMATE_SWARM;4"
  },
  {
    "stock": "ENCHANTMENT_ULTIMATE_SWARM_1",
    "id": "ULTIMATE_SWARM;1"
  },
  {
    "stock": "ENCHANTMENT_ULTIMATE_SWARM_2",
    "id": "ULTIMATE_SWARM;2"
  },
  {
    "stock": "ENCHANTMENT_ULTIMATE_MISSILE_1",
    "id": "ULTIMATE_MISSILE;1"
  },
  {
    "stock": "ENCHANTMENT_ULTIMATE_MISSILE_2",
    "id": "ULTIMATE_MISSILE;2"
  },
  {
    "stock": "ENCHANTMENT_ULTIMATE_CHIMERA_1",
    "id": "ULTIMATE_CHIMERA;1"
  },
  {
    "stock": "ENCHANTMENT_ULTIMATE_MISSILE_5",
    "id": "ULTIMATE_MISSILE;5"
  },
  {
    "stock": "ENCHANTMENT_ULTIMATE_MISSILE_3",
    "id": "ULTIMATE_MISSILE;3"
  },
  {
    "stock": "ENCHANTMENT_ULTIMATE_MISSILE_4",
    "id": "ULTIMATE_MISSILE;4"
  },
  {
    "stock": "ENCHANTMENT_ULTIMATE_CHIMERA_5",
    "id": "ULTIMATE_CHIMERA;5"
  },
  {
    "stock": "ENCHANTMENT_ULTIMATE_CHIMERA_4",
    "id": "ULTIMATE_CHIMERA;4"
  },
  {
    "stock": "ENCHANTMENT_ULTIMATE_CHIMERA_3",
    "id": "ULTIMATE_CHIMERA;3"
  },
  {
    "stock": "ENCHANTMENT_ULTIMATE_CHIMERA_2",
    "id": "ULTIMATE_CHIMERA;2"
  },
  {
    "stock": "ENCHANTMENT_FEATHER_FALLING_10",
    "id": "FEATHER_FALLING;10"
  },
  {
    "stock": "ENCHANTMENT_FEATHER_FALLING_20",
    "id": "FEATHER_FALLING;20"
  },
  {
    "stock": "ENCHANTMENT_AIMING_1",
    "id": "AIMING;1"
  },
  {
    "stock": "ENCHANTMENT_AIMING_2",
    "id": "AIMING;2"
  },
  {
    "stock": "ENCHANTMENT_AIMING_3",
    "id": "AIMING;3"
  },
  {
    "stock": "ENCHANTMENT_AIMING_4",
    "id": "AIMING;4"
  },
  {
    "stock": "ENCHANTMENT_AIMING_5",
    "id": "AIMING;5"
  },
  {
    "stock": "ENCHANTMENT_ULTIMATE_HABANERO_TACTICS_4",
    "id": "ULTIMATE_HABANERO_TACTICS;4"
  },
  {
    "stock": "ENCHANTMENT_BLAST_PROTECTION_7",
    "id": "BLAST_PROTECTION;7"
  },
  {
    "stock": "ENCHANTMENT_ULTIMATE_HABANERO_TACTICS_5",
    "id": "ULTIMATE_HABANERO_TACTICS;5"
  },
  {
    "stock": "ENCHANTMENT_FEATHER_FALLING_3",
    "id": "FEATHER_FALLING;3"
  },
  {
    "stock": "ENCHANTMENT_FEATHER_FALLING_2",
    "id": "FEATHER_FALLING;2"
  },
  {
    "stock": "ENCHANTMENT_FEATHER_FALLING_1",
    "id": "FEATHER_FALLING;1"
  },
  {
    "stock": "ENCHANTMENT_FEATHER_FALLING_7",
    "id": "FEATHER_FALLING;7"
  },
  {
    "stock": "ENCHANTMENT_FEATHER_FALLING_6",
    "id": "FEATHER_FALLING;6"
  },
  {
    "stock": "ENCHANTMENT_FEATHER_FALLING_5",
    "id": "FEATHER_FALLING;5"
  },
  {
    "stock": "ENCHANTMENT_FEATHER_FALLING_4",
    "id": "FEATHER_FALLING;4"
  },
  {
    "stock": "ENCHANTMENT_FEATHER_FALLING_9",
    "id": "FEATHER_FALLING;9"
  },
  {
    "stock": "ENCHANTMENT_FEATHER_FALLING_8",
    "id": "FEATHER_FALLING;8"
  },
  {
    "stock": "ENCHANTMENT_BLAST_PROTECTION_4",
    "id": "BLAST_PROTECTION;4"
  },
  {
    "stock": "ENCHANTMENT_PRISTINE_1",
    "id": "PRISTINE;1"
  },
  {
    "stock": "ENCHANTMENT_BLAST_PROTECTION_3",
    "id": "BLAST_PROTECTION;3"
  },
  {
    "stock": "ENCHANTMENT_PRISTINE_2",
    "id": "PRISTINE;2"
  },
  {
    "stock": "ENCHANTMENT_BLAST_PROTECTION_6",
    "id": "BLAST_PROTECTION;6"
  },
  {
    "stock": "ENCHANTMENT_BLAST_PROTECTION_5",
    "id": "BLAST_PROTECTION;5"
  },
  {
    "stock": "ENCHANTMENT_PRISTINE_5",
    "id": "PRISTINE;5"
  },
  {
    "stock": "ENCHANTMENT_BLAST_PROTECTION_2",
    "id": "BLAST_PROTECTION;2"
  },
  {
    "stock": "ENCHANTMENT_PRISTINE_3",
    "id": "PRISTINE;3"
  },
  {
    "stock": "ENCHANTMENT_BLAST_PROTECTION_1",
    "id": "BLAST_PROTECTION;1"
  },
  {
    "stock": "ENCHANTMENT_PRISTINE_4",
    "id": "PRISTINE;4"
  },
  {
    "stock": "ENCHANTMENT_SMELTING_TOUCH_1",
    "id": "SMELTING_TOUCH;1"
  },
  {
    "stock": "ENCHANTMENT_PISCARY_1",
    "id": "PISCARY;1"
  },
  {
    "stock": "ENCHANTMENT_PISCARY_3",
    "id": "PISCARY;3"
  },
  {
    "stock": "ENCHANTMENT_PISCARY_2",
    "id": "PISCARY;2"
  },
  {
    "stock": "ENCHANTMENT_PISCARY_5",
    "id": "PISCARY;5"
  },
  {
    "stock": "ENCHANTMENT_PISCARY_4",
    "id": "PISCARY;4"
  },
  {
    "stock": "ENCHANTMENT_PISCARY_6",
    "id": "PISCARY;6"
  },
  {
    "stock": "ENCHANTMENT_TABASCO_1",
    "id": "TABASCO;1"
  },
  {
    "stock": "ENCHANTMENT_TABASCO_3",
    "id": "TABASCO;3"
  },
  {
    "stock": "ENCHANTMENT_PUNCH_1",
    "id": "PUNCH;1"
  },
  {
    "stock": "ENCHANTMENT_TABASCO_2",
    "id": "TABASCO;2"
  },
  {
    "stock": "ENCHANTMENT_PUNCH_2",
    "id": "PUNCH;2"
  },
  {
    "stock": "ENCHANTMENT_TITAN_KILLER_7",
    "id": "TITAN_KILLER;7"
  },
  {
    "stock": "ENCHANTMENT_TITAN_KILLER_6",
    "id": "TITAN_KILLER;6"
  },
  {
    "stock": "ENCHANTMENT_TITAN_KILLER_5",
    "id": "TITAN_KILLER;5"
  },
  {
    "stock": "ENCHANTMENT_TITAN_KILLER_4",
    "id": "TITAN_KILLER;4"
  },
  {
    "stock": "ENCHANTMENT_TITAN_KILLER_3",
    "id": "TITAN_KILLER;3"
  },
  {
    "stock": "ENCHANTMENT_TITAN_KILLER_2",
    "id": "TITAN_KILLER;2"
  },
  {
    "stock": "ENCHANTMENT_TITAN_KILLER_1",
    "id": "TITAN_KILLER;1"
  },
  {
    "stock": "ENCHANTMENT_ANGLER_1",
    "id": "ANGLER;1"
  },
  {
    "stock": "ENCHANTMENT_ANGLER_2",
    "id": "ANGLER;2"
  },
  {
    "stock": "ENCHANTMENT_ANGLER_3",
    "id": "ANGLER;3"
  },
  {
    "stock": "ENCHANTMENT_ANGLER_4",
    "id": "ANGLER;4"
  },
  {
    "stock": "ENCHANTMENT_ANGLER_5",
    "id": "ANGLER;5"
  },
  {
    "stock": "ENCHANTMENT_ANGLER_6",
    "id": "ANGLER;6"
  },
  {
    "stock": "ENCHANTMENT_THORNS_3",
    "id": "THORNS;3"
  },
  {
    "stock": "ENCHANTMENT_THORNS_1",
    "id": "THORNS;1"
  },
  {
    "stock": "ENCHANTMENT_THORNS_2",
    "id": "THORNS;2"
  },
  {
    "stock": "ENCHANTMENT_EXPERTISE_7",
    "id": "EXPERTISE;7"
  },
  {
    "stock": "ENCHANTMENT_EXPERTISE_6",
    "id": "EXPERTISE;6"
  },
  {
    "stock": "ENCHANTMENT_EXPERTISE_9",
    "id": "EXPERTISE;9"
  },
  {
    "stock": "ENCHANTMENT_EXPERTISE_8",
    "id": "EXPERTISE;8"
  },
  {
    "stock": "ENCHANTMENT_CHANCE_2",
    "id": "CHANCE;2"
  },
  {
    "stock": "ENCHANTMENT_CHANCE_1",
    "id": "CHANCE;1"
  },
  {
    "stock": "ENCHANTMENT_CHANCE_5",
    "id": "CHANCE;5"
  },
  {
    "stock": "ENCHANTMENT_CHANCE_4",
    "id": "CHANCE;4"
  },
  {
    "stock": "ENCHANTMENT_CHANCE_3",
    "id": "CHANCE;3"
  },
  {
    "stock": "ENCHANTMENT_TURBO_PUMPKIN_1",
    "id": "TURBO_PUMPKIN;1"
  },
  {
    "stock": "ENCHANTMENT_TURBO_PUMPKIN_2",
    "id": "TURBO_PUMPKIN;2"
  },
  {
    "stock": "ENCHANTMENT_TURBO_PUMPKIN_3",
    "id": "TURBO_PUMPKIN;3"
  },
  {
    "stock": "ENCHANTMENT_TURBO_PUMPKIN_4",
    "id": "TURBO_PUMPKIN;4"
  },
  {
    "stock": "ENCHANTMENT_TURBO_PUMPKIN_5",
    "id": "TURBO_PUMPKIN;5"
  },
  {
    "stock": "ENCHANTMENT_EXPERTISE_3",
    "id": "EXPERTISE;3"
  },
  {
    "stock": "ENCHANTMENT_EXPERTISE_2",
    "id": "EXPERTISE;2"
  },
  {
    "stock": "ENCHANTMENT_EXPERTISE_5",
    "id": "EXPERTISE;5"
  },
  {
    "stock": "ENCHANTMENT_EXPERTISE_4",
    "id": "EXPERTISE;4"
  },
  {
    "stock": "ENCHANTMENT_EXPERTISE_1",
    "id": "EXPERTISE;1"
  },
  {
    "stock": "ENCHANTMENT_CHAMPION_1",
    "id": "CHAMPION;1"
  },
  {
    "stock": "ENCHANTMENT_CHAMPION_3",
    "id": "CHAMPION;3"
  },
  {
    "stock": "ENCHANTMENT_CHAMPION_2",
    "id": "CHAMPION;2"
  },
  {
    "stock": "ENCHANTMENT_CHAMPION_5",
    "id": "CHAMPION;5"
  },
  {
    "stock": "ENCHANTMENT_CHAMPION_4",
    "id": "CHAMPION;4"
  },
  {
    "stock": "ENCHANTMENT_CHAMPION_7",
    "id": "CHAMPION;7"
  },
  {
    "stock": "ENCHANTMENT_CHAMPION_6",
    "id": "CHAMPION;6"
  },
  {
    "stock": "ENCHANTMENT_CHAMPION_9",
    "id": "CHAMPION;9"
  },
  {
    "stock": "ENCHANTMENT_CHAMPION_8",
    "id": "CHAMPION;8"
  },
  {
    "stock": "ENCHANTMENT_SNIPE_3",
    "id": "SNIPE;3"
  },
  {
    "stock": "ENCHANTMENT_SNIPE_2",
    "id": "SNIPE;2"
  },
  {
    "stock": "ENCHANTMENT_SNIPE_1",
    "id": "SNIPE;1"
  },
  {
    "stock": "ENCHANTMENT_RESPIRATION_3",
    "id": "RESPIRATION;3"
  },
  {
    "stock": "ENCHANTMENT_ULTIMATE_ONE_FOR_ALL_0",
    "id": "ULTIMATE_ONE_FOR_ALL;0"
  },
  {
    "stock": "ENCHANTMENT_RESPIRATION_4",
    "id": "RESPIRATION;4"
  },
  {
    "stock": "ENCHANTMENT_ULTIMATE_ONE_FOR_ALL_1",
    "id": "ULTIMATE_ONE_FOR_ALL;1"
  },
  {
    "stock": "ENCHANTMENT_SNIPE_4",
    "id": "SNIPE;4"
  },
  {
    "stock": "ENCHANTMENT_RESPIRATION_1",
    "id": "RESPIRATION;1"
  },
  {
    "stock": "ENCHANTMENT_RESPIRATION_2",
    "id": "RESPIRATION;2"
  },
  {
    "stock": "ENCHANTMENT_REFLECTION_5",
    "id": "REFLECTION;5"
  },
  {
    "stock": "ENCHANTMENT_REFLECTION_4",
    "id": "REFLECTION;4"
  },
  {
    "stock": "ENCHANTMENT_FOREST_PLEDGE_5",
    "id": "FOREST_PLEDGE;5"
  },
  {
    "stock": "ENCHANTMENT_FOREST_PLEDGE_4",
    "id": "FOREST_PLEDGE;4"
  },
  {
    "stock": "ENCHANTMENT_ULTIMATE_BANK_5",
    "id": "ULTIMATE_BANK;5"
  },
  {
    "stock": "ENCHANTMENT_ULTIMATE_BANK_2",
    "id": "ULTIMATE_BANK;2"
  },
  {
    "stock": "ENCHANTMENT_ULTIMATE_LEGION_1",
    "id": "ULTIMATE_LEGION;1"
  },
  {
    "stock": "ENCHANTMENT_ULTIMATE_BANK_1",
    "id": "ULTIMATE_BANK;1"
  },
  {
    "stock": "ENCHANTMENT_ULTIMATE_LEGION_2",
    "id": "ULTIMATE_LEGION;2"
  },
  {
    "stock": "ENCHANTMENT_ULTIMATE_BANK_4",
    "id": "ULTIMATE_BANK;4"
  },
  {
    "stock": "ENCHANTMENT_ULTIMATE_BANK_3",
    "id": "ULTIMATE_BANK;3"
  },
  {
    "stock": "ENCHANTMENT_ULTIMATE_LEGION_5",
    "id": "ULTIMATE_LEGION;5"
  },
  {
    "stock": "ENCHANTMENT_REFLECTION_1",
    "id": "REFLECTION;1"
  },
  {
    "stock": "ENCHANTMENT_FOREST_PLEDGE_3",
    "id": "FOREST_PLEDGE;3"
  },
  {
    "stock": "ENCHANTMENT_ULTIMATE_LEGION_3",
    "id": "ULTIMATE_LEGION;3"
  },
  {
    "stock": "ENCHANTMENT_REFLECTION_3",
    "id": "REFLECTION;3"
  },
  {
    "stock": "ENCHANTMENT_REFLECTION_2",
    "id": "REFLECTION;2"
  },
  {
    "stock": "ENCHANTMENT_ULTIMATE_LEGION_4",
    "id": "ULTIMATE_LEGION;4"
  },
  {
    "stock": "ENCHANTMENT_PROSPERITY_1",
    "id": "PROSPERITY;1"
  },
  {
    "stock": "ENCHANTMENT_PROSPERITY_3",
    "id": "PROSPERITY;3"
  },
  {
    "stock": "ENCHANTMENT_PROSPERITY_2",
    "id": "PROSPERITY;2"
  },
  {
    "stock": "ENCHANTMENT_PROSPERITY_5",
    "id": "PROSPERITY;5"
  },
  {
    "stock": "ENCHANTMENT_HECATOMB_10",
    "id": "HECATOMB;10"
  },
  {
    "stock": "ENCHANTMENT_PROSPERITY_4",
    "id": "PROSPERITY;4"
  },
  {
    "stock": "ENCHANTMENT_COUNTER_STRIKE_3",
    "id": "COUNTER_STRIKE;3"
  },
  {
    "stock": "ENCHANTMENT_COUNTER_STRIKE_4",
    "id": "COUNTER_STRIKE;4"
  },
  {
    "stock": "ENCHANTMENT_COUNTER_STRIKE_5",
    "id": "COUNTER_STRIKE;5"
  },
  {
    "stock": "ENCHANTMENT_ULTIMATE_FLOWSTATE_1",
    "id": "ULTIMATE_FLOWSTATE;1"
  },
  {
    "stock": "ENCHANTMENT_REJUVENATE_1",
    "id": "REJUVENATE;1"
  },
  {
    "stock": "ENCHANTMENT_REJUVENATE_5",
    "id": "REJUVENATE;5"
  },
  {
    "stock": "ENCHANTMENT_VICIOUS_3",
    "id": "VICIOUS;3"
  },
  {
    "stock": "ENCHANTMENT_REJUVENATE_4",
    "id": "REJUVENATE;4"
  },
  {
    "stock": "ENCHANTMENT_VICIOUS_4",
    "id": "VICIOUS;4"
  },
  {
    "stock": "ENCHANTMENT_REJUVENATE_3",
    "id": "REJUVENATE;3"
  },
  {
    "stock": "ENCHANTMENT_VICIOUS_5",
    "id": "VICIOUS;5"
  },
  {
    "stock": "ENCHANTMENT_REJUVENATE_2",
    "id": "REJUVENATE;2"
  },
  {
    "stock": "ENCHANTMENT_ULTIMATE_FLOWSTATE_3",
    "id": "ULTIMATE_FLOWSTATE;3"
  },
  {
    "stock": "ENCHANTMENT_ULTIMATE_FLOWSTATE_2",
    "id": "ULTIMATE_FLOWSTATE;2"
  },
  {
    "stock": "ENCHANTMENT_ULTIMATE_REFRIGERATE_5",
    "id": "ULTIMATE_REFRIGERATE;5"
  },
  {
    "stock": "ENCHANTMENT_ULTIMATE_INFERNO_1",
    "id": "ULTIMATE_INFERNO;1"
  },
  {
    "stock": "ENCHANTMENT_ULTIMATE_INFERNO_3",
    "id": "ULTIMATE_INFERNO;3"
  },
  {
    "stock": "ENCHANTMENT_ULTIMATE_REFRIGERATE_1",
    "id": "ULTIMATE_REFRIGERATE;1"
  },
  {
    "stock": "ENCHANTMENT_ULTIMATE_REFRIGERATE_2",
    "id": "ULTIMATE_REFRIGERATE;2"
  },
  {
    "stock": "ENCHANTMENT_ULTIMATE_INFERNO_2",
    "id": "ULTIMATE_INFERNO;2"
  },
  {
    "stock": "ENCHANTMENT_ULTIMATE_REFRIGERATE_3",
    "id": "ULTIMATE_REFRIGERATE;3"
  },
  {
    "stock": "ENCHANTMENT_ULTIMATE_INFERNO_5",
    "id": "ULTIMATE_INFERNO;5"
  },
  {
    "stock": "ENCHANTMENT_ULTIMATE_INFERNO_4",
    "id": "ULTIMATE_INFERNO;4"
  },
  {
    "stock": "ENCHANTMENT_ULTIMATE_REFRIGERATE_4",
    "id": "ULTIMATE_REFRIGERATE;4"
  },
  {
    "stock": "ENCHANTMENT_FLAME_2",
    "id": "FLAME;2"
  },
  {
    "stock": "ENCHANTMENT_FLAME_1",
    "id": "FLAME;1"
  },
  {
    "stock": "ENCHANTMENT_DIVINE_GIFT_3",
    "id": "DIVINE_GIFT;3"
  },
  {
    "stock": "ENCHANTMENT_DIVINE_GIFT_2",
    "id": "DIVINE_GIFT;2"
  },
  {
    "stock": "ENCHANTMENT_DIVINE_GIFT_1",
    "id": "DIVINE_GIFT;1"
  },
  {
    "stock": "ENCHANTMENT_TIDAL_3",
    "id": "TIDAL;3"
  },
  {
    "stock": "ENCHANTMENT_TIDAL_2",
    "id": "TIDAL;2"
  },
  {
    "stock": "ENCHANTMENT_TIDAL_1",
    "id": "TIDAL;1"
  },
  {
    "stock": "ENCHANTMENT_EFFICIENCY_10",
    "id": "EFFICIENCY;10"
  },
  {
    "stock": "ENCHANTMENT_SYPHON_3",
    "id": "SYPHON;3"
  },
  {
    "stock": "ENCHANTMENT_SYPHON_2",
    "id": "SYPHON;2"
  },
  {
    "stock": "ENCHANTMENT_SYPHON_5",
    "id": "SYPHON;5"
  },
  {
    "stock": "ENCHANTMENT_SYPHON_4",
    "id": "SYPHON;4"
  },
  {
    "stock": "ENCHANTMENT_SYPHON_1",
    "id": "SYPHON;1"
  },
  {
    "stock": "ENCHANTMENT_SCAVENGER_3",
    "id": "SCAVENGER;3"
  },
  {
    "stock": "ENCHANTMENT_SCAVENGER_4",
    "id": "SCAVENGER;4"
  },
  {
    "stock": "ENCHANTMENT_SCAVENGER_1",
    "id": "SCAVENGER;1"
  },
  {
    "stock": "ENCHANTMENT_SCAVENGER_2",
    "id": "SCAVENGER;2"
  },
  {
    "stock": "ENCHANTMENT_SCAVENGER_5",
    "id": "SCAVENGER;5"
  },
  {
    "stock": "ENCHANTMENT_EXPERTISE_10",
    "id": "EXPERTISE;10"
  },
  {
    "stock": "ENCHANTMENT_SUNDER_1",
    "id": "SUNDER;1"
  },
  {
    "stock": "ENCHANTMENT_TRANSYLVANIAN_5",
    "id": "TRANSYLVANIAN;5"
  },
  {
    "stock": "ENCHANTMENT_TRANSYLVANIAN_4",
    "id": "TRANSYLVANIAN;4"
  },
  {
    "stock": "ENCHANTMENT_SUNDER_4",
    "id": "SUNDER;4"
  },
  {
    "stock": "ENCHANTMENT_SUNDER_5",
    "id": "SUNDER;5"
  },
  {
    "stock": "ENCHANTMENT_SUNDER_2",
    "id": "SUNDER;2"
  },
  {
    "stock": "ENCHANTMENT_SUNDER_3",
    "id": "SUNDER;3"
  },
  {
    "stock": "ENCHANTMENT_LUCK_6",
    "id": "LUCK;6"
  },
  {
    "stock": "ENCHANTMENT_LUCK_7",
    "id": "LUCK;7"
  },
  {
    "stock": "ENCHANTMENT_SUNDER_6",
    "id": "SUNDER;6"
  },
  {
    "stock": "ENCHANTMENT_LUCK_2",
    "id": "LUCK;2"
  },
  {
    "stock": "ENCHANTMENT_LUCK_3",
    "id": "LUCK;3"
  },
  {
    "stock": "ENCHANTMENT_LUCK_4",
    "id": "LUCK;4"
  },
  {
    "stock": "ENCHANTMENT_LUCK_5",
    "id": "LUCK;5"
  },
  {
    "stock": "ENCHANTMENT_LUCK_1",
    "id": "LUCK;1"
  },
  {
    "stock": "ENCHANTMENT_TURBO_POTATO_3",
    "id": "TURBO_POTATO;3"
  },
  {
    "stock": "ENCHANTMENT_TURBO_POTATO_4",
    "id": "TURBO_POTATO;4"
  },
  {
    "stock": "ENCHANTMENT_TURBO_POTATO_5",
    "id": "TURBO_POTATO;5"
  },
  {
    "stock": "ENCHANTMENT_TURBO_POTATO_1",
    "id": "TURBO_POTATO;1"
  },
  {
    "stock": "ENCHANTMENT_TURBO_POTATO_2",
    "id": "TURBO_POTATO;2"
  }
]
