{
  "ABYSSAL_BOOTS": {
    "AQUAMARINE_0": [
      "FINE_AQUAMARINE_GEM:40",
      "SKYBLOCK_COIN:250000"
    ],
    "CITRINE_0": [
      "FINE_CITRINE_GEM:40",
      "SKYBLOCK_COIN:250000"
    ]
  },
  "ABYSSAL_CHESTPLATE": {
    "AQUAMARINE_0": [
      "FINE_AQUAMARINE_GEM:40",
      "SKYBLOCK_COIN:250000"
    ],
    "CITRINE_0": [
      "FINE_CITRINE_GEM:40",
      "SKYBLOCK_COIN:250000"
    ]
  },
  "ABYSSAL_HELMET": {
    "AQUAMARINE_0": [
      "FINE_AQUAMARINE_GEM:40",
      "SKYBLOCK_COIN:250000"
    ],
    "CITRINE_0": [
      "FINE_CITRINE_GEM:40",
      "SKYBLOCK_COIN:250000"
    ]
  },
  "ABYSSAL_LEGGINGS": {
    "AQUAMARINE_0": [
      "FINE_AQUAMARINE_GEM:40",
      "SKYBLOCK_COIN:250000"
    ],
    "CITRINE_0": [
      "FINE_CITRINE_GEM:40",
      "SKYBLOCK_COIN:250000"
    ]
  },
  "ARMOR_OF_YOG_BOOTS": {
    "AMBER_0": [
      "SKYBLOCK_COIN:5000",
      "FINE_AMBER_GEM:1"
    ],
    "JADE_0": [
      "SKYBLOCK_COIN:20000",
      "FINE_JADE_GEM:4"
    ]
  },
  "ARMOR_OF_YOG_CHESTPLATE": {
    "AMBER_0": [
      "SKYBLOCK_COIN:5000",
      "FINE_AMBER_GEM:1"
    ],
    "JADE_0": [
      "SKYBLOCK_COIN:20000",
      "FINE_JADE_GEM:4"
    ]
  },
  "ARMOR_OF_YOG_HELMET": {
    "AMBER_0": [
      "SKYBLOCK_COIN:5000",
      "FINE_AMBER_GEM:1"
    ],
    "JADE_0": [
      "SKYBLOCK_COIN:20000",
      "FINE_JADE_GEM:4"
    ]
  },
  "ARMOR_OF_YOG_LEGGINGS": {
    "AMBER_0": [
      "SKYBLOCK_COIN:5000",
      "FINE_AMBER_GEM:1"
    ],
    "JADE_0": [
      "SKYBLOCK_COIN:20000",
      "FINE_JADE_GEM:4"
    ]
  },
  "ASPECT_OF_THE_DRAGON": {
    "JASPER_0": [
      "SKYBLOCK_COIN:50000",
      "FINE_JASPER_GEM:20"
    ]
  },
  "ASTRAEA": {
    "COMBAT_0": [
      "SKYBLOCK_COIN:250000",
      "FLAWLESS_JASPER_GEM:1",
      "FLAWLESS_SAPPHIRE_GEM:1",
      "FLAWLESS_RUBY_GEM:1",
      "FLAWLESS_AMETHYST_GEM:1"
    ],
    "DEFENSIVE_0": [
      "SKYBLOCK_COIN:250000",
      "FLAWLESS_AMETHYST_GEM:2",
      "FLAWLESS_RUBY_GEM:2"
    ]
  },
  "ATOMSPLIT_KATANA": {
    "JASPER_0": [
      "SKYBLOCK_COIN:50000",
      "FINE_JASPER_GEM:20"
    ],
    "SAPPHIRE_0": [
      "SKYBLOCK_COIN:100000",
      "FINE_SAPPHIRE_GEM:40"
    ],
    "SAPPHIRE_1": [
      "SKYBLOCK_COIN:250000",
      "FLAWLESS_SAPPHIRE_GEM:2"
    ]
  },
  "AURORA_BOOTS": {
    "COMBAT_0": [
      "SKYBLOCK_COIN:250000",
      "FLAWLESS_JASPER_GEM:1",
      "FLAWLESS_SAPPHIRE_GEM:1",
      "FLAWLESS_RUBY_GEM:1",
      "FLAWLESS_AMETHYST_GEM:1"
    ],
    "COMBAT_1": [
      "SKYBLOCK_COIN:250000",
      "FLAWLESS_JASPER_GEM:1",
      "FLAWLESS_SAPPHIRE_GEM:1",
      "FLAWLESS_RUBY_GEM:1",
      "FLAWLESS_AMETHYST_GEM:1"
    ]
  },
  "AURORA_CHESTPLATE": {
    "COMBAT_0": [
      "SKYBLOCK_COIN:250000",
      "FLAWLESS_JASPER_GEM:1",
      "FLAWLESS_SAPPHIRE_GEM:1",
      "FLAWLESS_RUBY_GEM:1",
      "FLAWLESS_AMETHYST_GEM:1"
    ],
    "COMBAT_1": [
      "SKYBLOCK_COIN:250000",
      "FLAWLESS_JASPER_GEM:1",
      "FLAWLESS_SAPPHIRE_GEM:1",
      "FLAWLESS_RUBY_GEM:1",
      "FLAWLESS_AMETHYST_GEM:1"
    ]
  },
  "AURORA_HELMET": {
    "COMBAT_0": [
      "SKYBLOCK_COIN:250000",
      "FLAWLESS_JASPER_GEM:1",
      "FLAWLESS_SAPPHIRE_GEM:1",
      "FLAWLESS_RUBY_GEM:1",
      "FLAWLESS_AMETHYST_GEM:1"
    ],
    "COMBAT_1": [
      "SKYBLOCK_COIN:250000",
      "FLAWLESS_JASPER_GEM:1",
      "FLAWLESS_SAPPHIRE_GEM:1",
      "FLAWLESS_RUBY_GEM:1",
      "FLAWLESS_AMETHYST_GEM:1"
    ]
  },
  "AURORA_LEGGINGS": {
    "COMBAT_0": [
      "SKYBLOCK_COIN:250000",
      "FLAWLESS_JASPER_GEM:1",
      "FLAWLESS_SAPPHIRE_GEM:1",
      "FLAWLESS_RUBY_GEM:1",
      "FLAWLESS_AMETHYST_GEM:1"
    ],
    "COMBAT_1": [
      "SKYBLOCK_COIN:250000",
      "FLAWLESS_JASPER_GEM:1",
      "FLAWLESS_SAPPHIRE_GEM:1",
      "FLAWLESS_RUBY_GEM:1",
      "FLAWLESS_AMETHYST_GEM:1"
    ]
  },
  "AXE_OF_THE_SHREDDED": {
    "COMBAT_0": [
      "SKYBLOCK_COIN:100000",
      "FINE_JASPER_GEM:40",
      "FINE_SAPPHIRE_GEM:40",
      "FINE_RUBY_GEM:40",
      "FINE_AMETHYST_GEM:40"
    ],
    "JASPER_0": [
      "SKYBLOCK_COIN:50000",
      "FINE_JASPER_GEM:20"
    ]
  },
  "BAT_WAND": {
    "SAPPHIRE_0": [
      "SKYBLOCK_COIN:50000",
      "FINE_SAPPHIRE_GEM:20"
    ]
  },
  "BLAZE_BOOTS": {
    "JASPER_0": [
      "SKYBLOCK_COIN:50000",
      "FINE_JASPER_GEM:20"
    ]
  },
  "BLAZE_CHESTPLATE": {
    "JASPER_0": [
      "SKYBLOCK_COIN:50000",
      "FINE_JASPER_GEM:20"
    ]
  },
  "BLAZE_HELMET": {
    "JASPER_0": [
      "SKYBLOCK_COIN:50000",
      "FINE_JASPER_GEM:20"
    ]
  },
  "BLAZE_LEGGINGS": {
    "JASPER_0": [
      "SKYBLOCK_COIN:50000",
      "FINE_JASPER_GEM:20"
    ]
  },
  "BOUQUET_OF_LIES": {
    "JASPER_0": [
      "SKYBLOCK_COIN:50000",
      "FINE_JASPER_GEM:20"
    ]
  },
  "BURNING_AURORA_BOOTS": {
    "COMBAT_0": [
      "SKYBLOCK_COIN:250000",
      "FLAWLESS_JASPER_GEM:1",
      "FLAWLESS_SAPPHIRE_GEM:1",
      "FLAWLESS_RUBY_GEM:1",
      "FLAWLESS_AMETHYST_GEM:1"
    ],
    "COMBAT_1": [
      "SKYBLOCK_COIN:250000",
      "FLAWLESS_JASPER_GEM:1",
      "FLAWLESS_SAPPHIRE_GEM:1",
      "FLAWLESS_RUBY_GEM:1",
      "FLAWLESS_AMETHYST_GEM:1"
    ]
  },
  "BURNING_AURORA_CHESTPLATE": {
    "COMBAT_0": [
      "SKYBLOCK_COIN:250000",
      "FLAWLESS_JASPER_GEM:1",
      "FLAWLESS_SAPPHIRE_GEM:1",
      "FLAWLESS_RUBY_GEM:1",
      "FLAWLESS_AMETHYST_GEM:1"
    ],
    "COMBAT_1": [
      "SKYBLOCK_COIN:250000",
      "FLAWLESS_JASPER_GEM:1",
      "FLAWLESS_SAPPHIRE_GEM:1",
      "FLAWLESS_RUBY_GEM:1",
      "FLAWLESS_AMETHYST_GEM:1"
    ]
  },
  "BURNING_AURORA_HELMET": {
    "COMBAT_0": [
      "SKYBLOCK_COIN:250000",
      "FLAWLESS_JASPER_GEM:1",
      "FLAWLESS_SAPPHIRE_GEM:1",
      "FLAWLESS_RUBY_GEM:1",
      "FLAWLESS_AMETHYST_GEM:1"
    ],
    "COMBAT_1": [
      "SKYBLOCK_COIN:250000",
      "FLAWLESS_JASPER_GEM:1",
      "FLAWLESS_SAPPHIRE_GEM:1",
      "FLAWLESS_RUBY_GEM:1",
      "FLAWLESS_AMETHYST_GEM:1"
    ]
  },
  "BURNING_AURORA_LEGGINGS": {
    "COMBAT_0": [
      "SKYBLOCK_COIN:250000",
      "FLAWLESS_JASPER_GEM:1",
      "FLAWLESS_SAPPHIRE_GEM:1",
      "FLAWLESS_RUBY_GEM:1",
      "FLAWLESS_AMETHYST_GEM:1"
    ],
    "COMBAT_1": [
      "SKYBLOCK_COIN:250000",
      "FLAWLESS_JASPER_GEM:1",
      "FLAWLESS_SAPPHIRE_GEM:1",
      "FLAWLESS_RUBY_GEM:1",
      "FLAWLESS_AMETHYST_GEM:1"
    ]
  },
  "BURNING_CRIMSON_BOOTS": {
    "COMBAT_0": [
      "SKYBLOCK_COIN:250000",
      "FLAWLESS_JASPER_GEM:1",
      "FLAWLESS_SAPPHIRE_GEM:1",
      "FLAWLESS_RUBY_GEM:1",
      "FLAWLESS_AMETHYST_GEM:1"
    ],
    "COMBAT_1": [
      "SKYBLOCK_COIN:250000",
      "FLAWLESS_JASPER_GEM:1",
      "FLAWLESS_SAPPHIRE_GEM:1",
      "FLAWLESS_RUBY_GEM:1",
      "FLAWLESS_AMETHYST_GEM:1"
    ]
  },
  "BURNING_CRIMSON_CHESTPLATE": {
    "COMBAT_0": [
      "SKYBLOCK_COIN:250000",
      "FLAWLESS_JASPER_GEM:1",
      "FLAWLESS_SAPPHIRE_GEM:1",
      "FLAWLESS_RUBY_GEM:1",
      "FLAWLESS_AMETHYST_GEM:1"
    ],
    "COMBAT_1": [
      "SKYBLOCK_COIN:250000",
      "FLAWLESS_JASPER_GEM:1",
      "FLAWLESS_SAPPHIRE_GEM:1",
      "FLAWLESS_RUBY_GEM:1",
      "FLAWLESS_AMETHYST_GEM:1"
    ]
  },
  "BURNING_CRIMSON_HELMET": {
    "COMBAT_0": [
      "SKYBLOCK_COIN:250000",
      "FLAWLESS_JASPER_GEM:1",
      "FLAWLESS_SAPPHIRE_GEM:1",
      "FLAWLESS_RUBY_GEM:1",
      "FLAWLESS_AMETHYST_GEM:1"
    ],
    "COMBAT_1": [
      "SKYBLOCK_COIN:250000",
      "FLAWLESS_JASPER_GEM:1",
      "FLAWLESS_SAPPHIRE_GEM:1",
      "FLAWLESS_RUBY_GEM:1",
      "FLAWLESS_AMETHYST_GEM:1"
    ]
  },
  "BURNING_CRIMSON_LEGGINGS": {
    "COMBAT_0": [
      "SKYBLOCK_COIN:250000",
      "FLAWLESS_JASPER_GEM:1",
      "FLAWLESS_SAPPHIRE_GEM:1",
      "FLAWLESS_RUBY_GEM:1",
      "FLAWLESS_AMETHYST_GEM:1"
    ],
    "COMBAT_1": [
      "SKYBLOCK_COIN:250000",
      "FLAWLESS_JASPER_GEM:1",
      "FLAWLESS_SAPPHIRE_GEM:1",
      "FLAWLESS_RUBY_GEM:1",
      "FLAWLESS_AMETHYST_GEM:1"
    ]
  },
  "BURNING_FERVOR_BOOTS": {
    "COMBAT_0": [
      "SKYBLOCK_COIN:250000",
      "FLAWLESS_JASPER_GEM:1",
      "FLAWLESS_SAPPHIRE_GEM:1",
      "FLAWLESS_RUBY_GEM:1",
      "FLAWLESS_AMETHYST_GEM:1"
    ],
    "COMBAT_1": [
      "SKYBLOCK_COIN:250000",
      "FLAWLESS_JASPER_GEM:1",
      "FLAWLESS_SAPPHIRE_GEM:1",
      "FLAWLESS_RUBY_GEM:1",
      "FLAWLESS_AMETHYST_GEM:1"
    ]
  },
  "BURNING_FERVOR_CHESTPLATE": {
    "COMBAT_0": [
      "SKYBLOCK_COIN:250000",
      "FLAWLESS_JASPER_GEM:1",
      "FLAWLESS_SAPPHIRE_GEM:1",
      "FLAWLESS_RUBY_GEM:1",
      "FLAWLESS_AMETHYST_GEM:1"
    ],
    "COMBAT_1": [
      "SKYBLOCK_COIN:250000",
      "FLAWLESS_JASPER_GEM:1",
      "FLAWLESS_SAPPHIRE_GEM:1",
      "FLAWLESS_RUBY_GEM:1",
      "FLAWLESS_AMETHYST_GEM:1"
    ]
  },
  "BURNING_FERVOR_HELMET": {
    "COMBAT_0": [
      "SKYBLOCK_COIN:250000",
      "FLAWLESS_JASPER_GEM:1",
      "FLAWLESS_SAPPHIRE_GEM:1",
      "FLAWLESS_RUBY_GEM:1",
      "FLAWLESS_AMETHYST_GEM:1"
    ],
    "COMBAT_1": [
      "SKYBLOCK_COIN:250000",
      "FLAWLESS_JASPER_GEM:1",
      "FLAWLESS_SAPPHIRE_GEM:1",
      "FLAWLESS_RUBY_GEM:1",
      "FLAWLESS_AMETHYST_GEM:1"
    ]
  },
  "BURNING_FERVOR_LEGGINGS": {
    "COMBAT_0": [
      "SKYBLOCK_COIN:250000",
      "FLAWLESS_JASPER_GEM:1",
      "FLAWLESS_SAPPHIRE_GEM:1",
      "FLAWLESS_RUBY_GEM:1",
      "FLAWLESS_AMETHYST_GEM:1"
    ],
    "COMBAT_1": [
      "SKYBLOCK_COIN:250000",
      "FLAWLESS_JASPER_GEM:1",
      "FLAWLESS_SAPPHIRE_GEM:1",
      "FLAWLESS_RUBY_GEM:1",
      "FLAWLESS_AMETHYST_GEM:1"
    ]
  },
  "BURNING_HOLLOW_BOOTS": {
    "COMBAT_0": [
      "SKYBLOCK_COIN:250000",
      "FLAWLESS_JASPER_GEM:1",
      "FLAWLESS_SAPPHIRE_GEM:1",
      "FLAWLESS_RUBY_GEM:1",
      "FLAWLESS_AMETHYST_GEM:1"
    ],
    "COMBAT_1": [
      "SKYBLOCK_COIN:250000",
      "FLAWLESS_JASPER_GEM:1",
      "FLAWLESS_SAPPHIRE_GEM:1",
      "FLAWLESS_RUBY_GEM:1",
      "FLAWLESS_AMETHYST_GEM:1"
    ]
  },
  "BURNING_HOLLOW_CHESTPLATE": {
    "COMBAT_0": [
      "SKYBLOCK_COIN:250000",
      "FLAWLESS_JASPER_GEM:1",
      "FLAWLESS_SAPPHIRE_GEM:1",
      "FLAWLESS_RUBY_GEM:1",
      "FLAWLESS_AMETHYST_GEM:1"
    ],
    "COMBAT_1": [
      "SKYBLOCK_COIN:250000",
      "FLAWLESS_JASPER_GEM:1",
      "FLAWLESS_SAPPHIRE_GEM:1",
      "FLAWLESS_RUBY_GEM:1",
      "FLAWLESS_AMETHYST_GEM:1"
    ]
  },
  "BURNING_HOLLOW_HELMET": {
    "COMBAT_0": [
      "SKYBLOCK_COIN:250000",
      "FLAWLESS_JASPER_GEM:1",
      "FLAWLESS_SAPPHIRE_GEM:1",
      "FLAWLESS_RUBY_GEM:1",
      "FLAWLESS_AMETHYST_GEM:1"
    ],
    "COMBAT_1": [
      "SKYBLOCK_COIN:250000",
      "FLAWLESS_JASPER_GEM:1",
      "FLAWLESS_SAPPHIRE_GEM:1",
      "FLAWLESS_RUBY_GEM:1",
      "FLAWLESS_AMETHYST_GEM:1"
    ]
  },
  "BURNING_HOLLOW_LEGGINGS": {
    "COMBAT_0": [
      "SKYBLOCK_COIN:250000",
      "FLAWLESS_JASPER_GEM:1",
      "FLAWLESS_SAPPHIRE_GEM:1",
      "FLAWLESS_RUBY_GEM:1",
      "FLAWLESS_AMETHYST_GEM:1"
    ],
    "COMBAT_1": [
      "SKYBLOCK_COIN:250000",
      "FLAWLESS_JASPER_GEM:1",
      "FLAWLESS_SAPPHIRE_GEM:1",
      "FLAWLESS_RUBY_GEM:1",
      "FLAWLESS_AMETHYST_GEM:1"
    ]
  },
  "BURNING_TERROR_BOOTS": {
    "COMBAT_0": [
      "SKYBLOCK_COIN:250000",
      "FLAWLESS_JASPER_GEM:1",
      "FLAWLESS_SAPPHIRE_GEM:1",
      "FLAWLESS_RUBY_GEM:1",
      "FLAWLESS_AMETHYST_GEM:1"
    ],
    "COMBAT_1": [
      "SKYBLOCK_COIN:250000",
      "FLAWLESS_JASPER_GEM:1",
      "FLAWLESS_SAPPHIRE_GEM:1",
      "FLAWLESS_RUBY_GEM:1",
      "FLAWLESS_AMETHYST_GEM:1"
    ]
  },
  "BURNING_TERROR_CHESTPLATE": {
    "COMBAT_0": [
      "SKYBLOCK_COIN:250000",
      "FLAWLESS_JASPER_GEM:1",
      "FLAWLESS_SAPPHIRE_GEM:1",
      "FLAWLESS_RUBY_GEM:1",
      "FLAWLESS_AMETHYST_GEM:1"
    ],
    "COMBAT_1": [
      "SKYBLOCK_COIN:250000",
      "FLAWLESS_JASPER_GEM:1",
      "FLAWLESS_SAPPHIRE_GEM:1",
      "FLAWLESS_RUBY_GEM:1",
      "FLAWLESS_AMETHYST_GEM:1"
    ]
  },
  "BURNING_TERROR_HELMET": {
    "COMBAT_0": [
      "SKYBLOCK_COIN:250000",
      "FLAWLESS_JASPER_GEM:1",
      "FLAWLESS_SAPPHIRE_GEM:1",
      "FLAWLESS_RUBY_GEM:1",
      "FLAWLESS_AMETHYST_GEM:1"
    ],
    "COMBAT_1": [
      "SKYBLOCK_COIN:250000",
      "FLAWLESS_JASPER_GEM:1",
      "FLAWLESS_SAPPHIRE_GEM:1",
      "FLAWLESS_RUBY_GEM:1",
      "FLAWLESS_AMETHYST_GEM:1"
    ]
  },
  "BURNING_TERROR_LEGGINGS": {
    "COMBAT_0": [
      "SKYBLOCK_COIN:250000",
      "FLAWLESS_JASPER_GEM:1",
      "FLAWLESS_SAPPHIRE_GEM:1",
      "FLAWLESS_RUBY_GEM:1",
      "FLAWLESS_AMETHYST_GEM:1"
    ],
    "COMBAT_1": [
      "SKYBLOCK_COIN:250000",
      "FLAWLESS_JASPER_GEM:1",
      "FLAWLESS_SAPPHIRE_GEM:1",
      "FLAWLESS_RUBY_GEM:1",
      "FLAWLESS_AMETHYST_GEM:1"
    ]
  },
  "BURSTFIRE_DAGGER": {
    "COMBAT_0": [
      "SKYBLOCK_COIN:250000"
    ],
    "OPAL_0": [
      "SKYBLOCK_COIN:500000"
    ]
  },
  "BURSTMAW_DAGGER": {
    "COMBAT_0": [
      "SKYBLOCK_COIN:250000"
    ],
    "OPAL_0": [
      "SKYBLOCK_COIN:500000"
    ]
  },
  "CACTUS_KNIFE": {
    "PERIDOT_0": [
      "FINE_PERIDOT_GEM:20",
      "SKYBLOCK_COIN:50000"
    ],
    "PERIDOT_1": [
      "FINE_PERIDOT_GEM:40",
      "SKYBLOCK_COIN:100000"
    ]
  },
  "CHAMP_ROD": {
    "AQUAMARINE_0": [
      "FINE_AQUAMARINE_GEM:1",
      "SKYBLOCK_COIN:50000"
    ]
  },
  "COCO_CHOPPER": {
    "PERIDOT_0": [
      "FINE_PERIDOT_GEM:20",
      "SKYBLOCK_COIN:50000"
    ],
    "PERIDOT_1": [
      "FINE_PERIDOT_GEM:40",
      "SKYBLOCK_COIN:100000"
    ]
  },
  "CRIMSON_BOOTS": {
    "COMBAT_0": [
      "SKYBLOCK_COIN:250000",
      "FLAWLESS_JASPER_GEM:1",
      "FLAWLESS_SAPPHIRE_GEM:1",
      "FLAWLESS_RUBY_GEM:1",
      "FLAWLESS_AMETHYST_GEM:1"
    ],
    "COMBAT_1": [
      "SKYBLOCK_COIN:250000",
      "FLAWLESS_JASPER_GEM:1",
      "FLAWLESS_SAPPHIRE_GEM:1",
      "FLAWLESS_RUBY_GEM:1",
      "FLAWLESS_AMETHYST_GEM:1"
    ]
  },
  "CRIMSON_CHESTPLATE": {
    "COMBAT_0": [
      "SKYBLOCK_COIN:250000",
      "FLAWLESS_JASPER_GEM:1",
      "FLAWLESS_SAPPHIRE_GEM:1",
      "FLAWLESS_RUBY_GEM:1",
      "FLAWLESS_AMETHYST_GEM:1"
    ],
    "COMBAT_1": [
      "SKYBLOCK_COIN:250000",
      "FLAWLESS_JASPER_GEM:1",
      "FLAWLESS_SAPPHIRE_GEM:1",
      "FLAWLESS_RUBY_GEM:1",
      "FLAWLESS_AMETHYST_GEM:1"
    ]
  },
  "CRIMSON_HELMET": {
    "COMBAT_0": [
      "SKYBLOCK_COIN:250000",
      "FLAWLESS_JASPER_GEM:1",
      "FLAWLESS_SAPPHIRE_GEM:1",
      "FLAWLESS_RUBY_GEM:1",
      "FLAWLESS_AMETHYST_GEM:1"
    ],
    "COMBAT_1": [
      "SKYBLOCK_COIN:250000",
      "FLAWLESS_JASPER_GEM:1",
      "FLAWLESS_SAPPHIRE_GEM:1",
      "FLAWLESS_RUBY_GEM:1",
      "FLAWLESS_AMETHYST_GEM:1"
    ]
  },
  "CRIMSON_LEGGINGS": {
    "COMBAT_0": [
      "SKYBLOCK_COIN:250000",
      "FLAWLESS_JASPER_GEM:1",
      "FLAWLESS_SAPPHIRE_GEM:1",
      "FLAWLESS_RUBY_GEM:1",
      "FLAWLESS_AMETHYST_GEM:1"
    ],
    "COMBAT_1": [
      "SKYBLOCK_COIN:250000",
      "FLAWLESS_JASPER_GEM:1",
      "FLAWLESS_SAPPHIRE_GEM:1",
      "FLAWLESS_RUBY_GEM:1",
      "FLAWLESS_AMETHYST_GEM:1"
    ]
  },
  "CROPIE_BOOTS": {
    "PERIDOT_0": [
      "FINE_PERIDOT_GEM:20",
      "SKYBLOCK_COIN:50000"
    ]
  },
  "CROPIE_CHESTPLATE": {
    "PERIDOT_0": [
      "FINE_PERIDOT_GEM:20",
      "SKYBLOCK_COIN:50000"
    ]
  },
  "CROPIE_HELMET": {
    "PERIDOT_0": [
      "FINE_PERIDOT_GEM:20",
      "SKYBLOCK_COIN:50000"
    ]
  },
  "CROPIE_LEGGINGS": {
    "PERIDOT_0": [
      "FINE_PERIDOT_GEM:20",
      "SKYBLOCK_COIN:50000"
    ]
  },
  "DAEDALUS_AXE": {
    "COMBAT_0": [
      "SKYBLOCK_COIN:50000",
      "FINE_JASPER_GEM:20",
      "FINE_SAPPHIRE_GEM:20",
      "FINE_RUBY_GEM:20",
      "FINE_AMETHYST_GEM:20"
    ],
    "COMBAT_1": [
      "SKYBLOCK_COIN:100000",
      "FINE_JASPER_GEM:40",
      "FINE_SAPPHIRE_GEM:40",
      "FINE_RUBY_GEM:40",
      "FINE_AMETHYST_GEM:40"
    ]
  },
  "DARK_CLAYMORE": {
    "COMBAT_0": [
      "SKYBLOCK_COIN:100000",
      "FINE_JASPER_GEM:40",
      "FINE_SAPPHIRE_GEM:40",
      "FINE_RUBY_GEM:40",
      "FINE_AMETHYST_GEM:40"
    ],
    "COMBAT_1": [
      "SKYBLOCK_COIN:100000",
      "FINE_JASPER_GEM:40",
      "FINE_SAPPHIRE_GEM:40",
      "FINE_RUBY_GEM:40",
      "FINE_AMETHYST_GEM:40"
    ]
  },
  "DIAMOND_HUNTER_BOOTS": {
    "AQUAMARINE_0": [
      "FINE_AQUAMARINE_GEM:1",
      "SKYBLOCK_COIN:50000"
    ],
    "AQUAMARINE_1": [
      "FINE_AQUAMARINE_GEM:4",
      "SKYBLOCK_COIN:100000"
    ]
  },
  "DIAMOND_HUNTER_CHESTPLATE": {
    "AQUAMARINE_0": [
      "FINE_AQUAMARINE_GEM:1",
      "SKYBLOCK_COIN:50000"
    ],
    "AQUAMARINE_1": [
      "FINE_AQUAMARINE_GEM:4",
      "SKYBLOCK_COIN:100000"
    ]
  },
  "DIAMOND_HUNTER_HELMET": {
    "AQUAMARINE_0": [
      "FINE_AQUAMARINE_GEM:1",
      "SKYBLOCK_COIN:50000"
    ],
    "AQUAMARINE_1": [
      "FINE_AQUAMARINE_GEM:4",
      "SKYBLOCK_COIN:100000"
    ]
  },
  "DIAMOND_HUNTER_LEGGINGS": {
    "AQUAMARINE_0": [
      "FINE_AQUAMARINE_GEM:1",
      "SKYBLOCK_COIN:50000"
    ],
    "AQUAMARINE_1": [
      "FINE_AQUAMARINE_GEM:4",
      "SKYBLOCK_COIN:100000"
    ]
  },
  "DIVAN_BOOTS": {
    "AMBER_0": [
      "GEMSTONE_CHAMBER:1"
    ],
    "AMBER_1": [
      "GEMSTONE_CHAMBER:1"
    ],
    "JADE_0": [
      "GEMSTONE_CHAMBER:1"
    ],
    "JADE_1": [
      "GEMSTONE_CHAMBER:1"
    ],
    "TOPAZ_0": [
      "GEMSTONE_CHAMBER:1"
    ]
  },
  "DIVAN_CHESTPLATE": {
    "AMBER_0": [
      "GEMSTONE_CHAMBER:1"
    ],
    "AMBER_1": [
      "GEMSTONE_CHAMBER:1"
    ],
    "JADE_0": [
      "GEMSTONE_CHAMBER:1"
    ],
    "JADE_1": [
      "GEMSTONE_CHAMBER:1"
    ],
    "TOPAZ_0": [
      "GEMSTONE_CHAMBER:1"
    ]
  },
  "DIVAN_DRILL": {
    "JADE_0": [
      "SKYBLOCK_COIN:50000",
      "FINE_JADE_GEM:20"
    ],
    "JADE_1": [
      "SKYBLOCK_COIN:100000",
      "FINE_JADE_GEM:40"
    ],
    "MINING_0": [
      "SKYBLOCK_COIN:250000",
      "FLAWLESS_JADE_GEM:1",
      "FLAWLESS_AMBER_GEM:1",
      "FLAWLESS_TOPAZ_GEM:1"
    ]
  },
  "DIVAN_HELMET": {
    "AMBER_0": [
      "GEMSTONE_CHAMBER:1"
    ],
    "AMBER_1": [
      "GEMSTONE_CHAMBER:1"
    ],
    "JADE_0": [
      "GEMSTONE_CHAMBER:1"
    ],
    "JADE_1": [
      "GEMSTONE_CHAMBER:1"
    ],
    "TOPAZ_0": [
      "GEMSTONE_CHAMBER:1"
    ]
  },
  "DIVAN_LEGGINGS": {
    "AMBER_0": [
      "GEMSTONE_CHAMBER:1"
    ],
    "AMBER_1": [
      "GEMSTONE_CHAMBER:1"
    ],
    "JADE_0": [
      "GEMSTONE_CHAMBER:1"
    ],
    "JADE_1": [
      "GEMSTONE_CHAMBER:1"
    ],
    "TOPAZ_0": [
      "GEMSTONE_CHAMBER:1"
    ]
  },
  "DIVAN_PENDANT": {
    "AMBER_0": [
      "GEMSTONE_CHAMBER:1"
    ],
    "JADE_0": [
      "GEMSTONE_CHAMBER:1"
    ]
  },
  "DIVER_BOOTS": {
    "AQUAMARINE_0": [
      "FINE_AQUAMARINE_GEM:1",
      "SKYBLOCK_COIN:50000"
    ]
  },
  "DIVER_CHESTPLATE": {
    "AQUAMARINE_0": [
      "FINE_AQUAMARINE_GEM:1",
      "SKYBLOCK_COIN:50000"
    ]
  },
  "DIVER_HELMET": {
    "AQUAMARINE_0": [
      "FINE_AQUAMARINE_GEM:1",
      "SKYBLOCK_COIN:50000"
    ]
  },
  "DIVER_LEGGINGS": {
    "AQUAMARINE_0": [
      "FINE_AQUAMARINE_GEM:1",
      "SKYBLOCK_COIN:50000"
    ]
  },
  "ENCHANTED_JACK_O_LANTERN": {
    "PERIDOT_1": [
      "FINE_PERIDOT_GEM:20",
      "SKYBLOCK_COIN:50000"
    ]
  },
  "FARMER_BOOTS": {
    "PERIDOT_0": [
      "FINE_PERIDOT_GEM:20",
      "SKYBLOCK_COIN:50000"
    ]
  },
  "FARM_ARMOR_BOOTS": {
    "PERIDOT_1": [
      "FINE_PERIDOT_GEM:20",
      "SKYBLOCK_COIN:50000"
    ]
  },
  "FARM_ARMOR_CHESTPLATE": {
    "PERIDOT_1": [
      "FINE_PERIDOT_GEM:20",
      "SKYBLOCK_COIN:50000"
    ]
  },
  "FARM_ARMOR_HELMET": {
    "PERIDOT_1": [
      "FINE_PERIDOT_GEM:20",
      "SKYBLOCK_COIN:50000"
    ]
  },
  "FARM_ARMOR_LEGGINGS": {
    "PERIDOT_1": [
      "FINE_PERIDOT_GEM:20",
      "SKYBLOCK_COIN:50000"
    ]
  },
  "FERMENTO_BOOTS": {
    "PERIDOT_0": [
      "FINE_PERIDOT_GEM:20",
      "SKYBLOCK_COIN:50000"
    ],
    "PERIDOT_1": [
      "FINE_PERIDOT_GEM:40",
      "SKYBLOCK_COIN:100000"
    ]
  },
  "FERMENTO_CHESTPLATE": {
    "PERIDOT_0": [
      "FINE_PERIDOT_GEM:20",
      "SKYBLOCK_COIN:50000"
    ],
    "PERIDOT_1": [
      "FINE_PERIDOT_GEM:40",
      "SKYBLOCK_COIN:100000"
    ]
  },
  "FERMENTO_HELMET": {
    "PERIDOT_0": [
      "FINE_PERIDOT_GEM:20",
      "SKYBLOCK_COIN:50000"
    ],
    "PERIDOT_1": [
      "FINE_PERIDOT_GEM:40",
      "SKYBLOCK_COIN:100000"
    ]
  },
  "FERMENTO_LEGGINGS": {
    "PERIDOT_0": [
      "FINE_PERIDOT_GEM:20",
      "SKYBLOCK_COIN:50000"
    ],
    "PERIDOT_1": [
      "FINE_PERIDOT_GEM:40",
      "SKYBLOCK_COIN:100000"
    ]
  },
  "FERVOR_BOOTS": {
    "COMBAT_0": [
      "SKYBLOCK_COIN:250000",
      "FLAWLESS_JASPER_GEM:1",
      "FLAWLESS_SAPPHIRE_GEM:1",
      "FLAWLESS_RUBY_GEM:1",
      "FLAWLESS_AMETHYST_GEM:1"
    ],
    "COMBAT_1": [
      "SKYBLOCK_COIN:250000",
      "FLAWLESS_JASPER_GEM:1",
      "FLAWLESS_SAPPHIRE_GEM:1",
      "FLAWLESS_RUBY_GEM:1",
      "FLAWLESS_AMETHYST_GEM:1"
    ]
  },
  "FERVOR_CHESTPLATE": {
    "COMBAT_0": [
      "SKYBLOCK_COIN:250000",
      "FLAWLESS_JASPER_GEM:1",
      "FLAWLESS_SAPPHIRE_GEM:1",
      "FLAWLESS_RUBY_GEM:1",
      "FLAWLESS_AMETHYST_GEM:1"
    ],
    "COMBAT_1": [
      "SKYBLOCK_COIN:250000",
      "FLAWLESS_JASPER_GEM:1",
      "FLAWLESS_SAPPHIRE_GEM:1",
      "FLAWLESS_RUBY_GEM:1",
      "FLAWLESS_AMETHYST_GEM:1"
    ]
  },
  "FERVOR_HELMET": {
    "COMBAT_0": [
      "SKYBLOCK_COIN:250000",
      "FLAWLESS_JASPER_GEM:1",
      "FLAWLESS_SAPPHIRE_GEM:1",
      "FLAWLESS_RUBY_GEM:1",
      "FLAWLESS_AMETHYST_GEM:1"
    ],
    "COMBAT_1": [
      "SKYBLOCK_COIN:250000",
      "FLAWLESS_JASPER_GEM:1",
      "FLAWLESS_SAPPHIRE_GEM:1",
      "FLAWLESS_RUBY_GEM:1",
      "FLAWLESS_AMETHYST_GEM:1"
    ]
  },
  "FERVOR_LEGGINGS": {
    "COMBAT_0": [
      "SKYBLOCK_COIN:250000",
      "FLAWLESS_JASPER_GEM:1",
      "FLAWLESS_SAPPHIRE_GEM:1",
      "FLAWLESS_RUBY_GEM:1",
      "FLAWLESS_AMETHYST_GEM:1"
    ],
    "COMBAT_1": [
      "SKYBLOCK_COIN:250000",
      "FLAWLESS_JASPER_GEM:1",
      "FLAWLESS_SAPPHIRE_GEM:1",
      "FLAWLESS_RUBY_GEM:1",
      "FLAWLESS_AMETHYST_GEM:1"
    ]
  },
  "FIERY_AURORA_BOOTS": {
    "COMBAT_0": [
      "SKYBLOCK_COIN:250000",
      "FLAWLESS_JASPER_GEM:1",
      "FLAWLESS_SAPPHIRE_GEM:1",
      "FLAWLESS_RUBY_GEM:1",
      "FLAWLESS_AMETHYST_GEM:1"
    ],
    "COMBAT_1": [
      "SKYBLOCK_COIN:250000",
      "FLAWLESS_JASPER_GEM:1",
      "FLAWLESS_SAPPHIRE_GEM:1",
      "FLAWLESS_RUBY_GEM:1",
      "FLAWLESS_AMETHYST_GEM:1"
    ]
  },
  "FIERY_AURORA_CHESTPLATE": {
    "COMBAT_0": [
      "SKYBLOCK_COIN:250000",
      "FLAWLESS_JASPER_GEM:1",
      "FLAWLESS_SAPPHIRE_GEM:1",
      "FLAWLESS_RUBY_GEM:1",
      "FLAWLESS_AMETHYST_GEM:1"
    ],
    "COMBAT_1": [
      "SKYBLOCK_COIN:250000",
      "FLAWLESS_JASPER_GEM:1",
      "FLAWLESS_SAPPHIRE_GEM:1",
      "FLAWLESS_RUBY_GEM:1",
      "FLAWLESS_AMETHYST_GEM:1"
    ]
  },
  "FIERY_AURORA_HELMET": {
    "COMBAT_0": [
      "SKYBLOCK_COIN:250000",
      "FLAWLESS_JASPER_GEM:1",
      "FLAWLESS_SAPPHIRE_GEM:1",
      "FLAWLESS_RUBY_GEM:1",
      "FLAWLESS_AMETHYST_GEM:1"
    ],
    "COMBAT_1": [
      "SKYBLOCK_COIN:250000",
      "FLAWLESS_JASPER_GEM:1",
      "FLAWLESS_SAPPHIRE_GEM:1",
      "FLAWLESS_RUBY_GEM:1",
      "FLAWLESS_AMETHYST_GEM:1"
    ]
  },
  "FIERY_AURORA_LEGGINGS": {
    "COMBAT_0": [
      "SKYBLOCK_COIN:250000",
      "FLAWLESS_JASPER_GEM:1",
      "FLAWLESS_SAPPHIRE_GEM:1",
      "FLAWLESS_RUBY_GEM:1",
      "FLAWLESS_AMETHYST_GEM:1"
    ],
    "COMBAT_1": [
      "SKYBLOCK_COIN:250000",
      "FLAWLESS_JASPER_GEM:1",
      "FLAWLESS_SAPPHIRE_GEM:1",
      "FLAWLESS_RUBY_GEM:1",
      "FLAWLESS_AMETHYST_GEM:1"
    ]
  },
  "FIERY_CRIMSON_BOOTS": {
    "COMBAT_0": [
      "SKYBLOCK_COIN:250000",
      "FLAWLESS_JASPER_GEM:1",
      "FLAWLESS_SAPPHIRE_GEM:1",
      "FLAWLESS_RUBY_GEM:1",
      "FLAWLESS_AMETHYST_GEM:1"
    ],
    "COMBAT_1": [
      "SKYBLOCK_COIN:250000",
      "FLAWLESS_JASPER_GEM:1",
      "FLAWLESS_SAPPHIRE_GEM:1",
      "FLAWLESS_RUBY_GEM:1",
      "FLAWLESS_AMETHYST_GEM:1"
    ]
  },
  "FIERY_CRIMSON_CHESTPLATE": {
    "COMBAT_0": [
      "SKYBLOCK_COIN:250000",
      "FLAWLESS_JASPER_GEM:1",
      "FLAWLESS_SAPPHIRE_GEM:1",
      "FLAWLESS_RUBY_GEM:1",
      "FLAWLESS_AMETHYST_GEM:1"
    ],
    "COMBAT_1": [
      "SKYBLOCK_COIN:250000",
      "FLAWLESS_JASPER_GEM:1",
      "FLAWLESS_SAPPHIRE_GEM:1",
      "FLAWLESS_RUBY_GEM:1",
      "FLAWLESS_AMETHYST_GEM:1"
    ]
  },
  "FIERY_CRIMSON_HELMET": {
    "COMBAT_0": [
      "SKYBLOCK_COIN:250000",
      "FLAWLESS_JASPER_GEM:1",
      "FLAWLESS_SAPPHIRE_GEM:1",
      "FLAWLESS_RUBY_GEM:1",
      "FLAWLESS_AMETHYST_GEM:1"
    ],
    "COMBAT_1": [
      "SKYBLOCK_COIN:250000",
      "FLAWLESS_JASPER_GEM:1",
      "FLAWLESS_SAPPHIRE_GEM:1",
      "FLAWLESS_RUBY_GEM:1",
      "FLAWLESS_AMETHYST_GEM:1"
    ]
  },
  "FIERY_CRIMSON_LEGGINGS": {
    "COMBAT_0": [
      "SKYBLOCK_COIN:250000",
      "FLAWLESS_JASPER_GEM:1",
      "FLAWLESS_SAPPHIRE_GEM:1",
      "FLAWLESS_RUBY_GEM:1",
      "FLAWLESS_AMETHYST_GEM:1"
    ],
    "COMBAT_1": [
      "SKYBLOCK_COIN:250000",
      "FLAWLESS_JASPER_GEM:1",
      "FLAWLESS_SAPPHIRE_GEM:1",
      "FLAWLESS_RUBY_GEM:1",
      "FLAWLESS_AMETHYST_GEM:1"
    ]
  },
  "FIERY_FERVOR_BOOTS": {
    "COMBAT_0": [
      "SKYBLOCK_COIN:250000",
      "FLAWLESS_JASPER_GEM:1",
      "FLAWLESS_SAPPHIRE_GEM:1",
      "FLAWLESS_RUBY_GEM:1",
      "FLAWLESS_AMETHYST_GEM:1"
    ],
    "COMBAT_1": [
      "SKYBLOCK_COIN:250000",
      "FLAWLESS_JASPER_GEM:1",
      "FLAWLESS_SAPPHIRE_GEM:1",
      "FLAWLESS_RUBY_GEM:1",
      "FLAWLESS_AMETHYST_GEM:1"
    ]
  },
  "FIERY_FERVOR_CHESTPLATE": {
    "COMBAT_0": [
      "SKYBLOCK_COIN:250000",
      "FLAWLESS_JASPER_GEM:1",
      "FLAWLESS_SAPPHIRE_GEM:1",
      "FLAWLESS_RUBY_GEM:1",
      "FLAWLESS_AMETHYST_GEM:1"
    ],
    "COMBAT_1": [
      "SKYBLOCK_COIN:250000",
      "FLAWLESS_JASPER_GEM:1",
      "FLAWLESS_SAPPHIRE_GEM:1",
      "FLAWLESS_RUBY_GEM:1",
      "FLAWLESS_AMETHYST_GEM:1"
    ]
  },
  "FIERY_FERVOR_HELMET": {
    "COMBAT_0": [
      "SKYBLOCK_COIN:250000",
      "FLAWLESS_JASPER_GEM:1",
      "FLAWLESS_SAPPHIRE_GEM:1",
      "FLAWLESS_RUBY_GEM:1",
      "FLAWLESS_AMETHYST_GEM:1"
    ],
    "COMBAT_1": [
      "SKYBLOCK_COIN:250000",
      "FLAWLESS_JASPER_GEM:1",
      "FLAWLESS_SAPPHIRE_GEM:1",
      "FLAWLESS_RUBY_GEM:1",
      "FLAWLESS_AMETHYST_GEM:1"
    ]
  },
  "FIERY_FERVOR_LEGGINGS": {
    "COMBAT_0": [
      "SKYBLOCK_COIN:250000",
      "FLAWLESS_JASPER_GEM:1",
      "FLAWLESS_SAPPHIRE_GEM:1",
      "FLAWLESS_RUBY_GEM:1",
      "FLAWLESS_AMETHYST_GEM:1"
    ],
    "COMBAT_1": [
      "SKYBLOCK_COIN:250000",
      "FLAWLESS_JASPER_GEM:1",
      "FLAWLESS_SAPPHIRE_GEM:1",
      "FLAWLESS_RUBY_GEM:1",
      "FLAWLESS_AMETHYST_GEM:1"
    ]
  },
  "FIERY_HOLLOW_BOOTS": {
    "COMBAT_0": [
      "SKYBLOCK_COIN:250000",
      "FLAWLESS_JASPER_GEM:1",
      "FLAWLESS_SAPPHIRE_GEM:1",
      "FLAWLESS_RUBY_GEM:1",
      "FLAWLESS_AMETHYST_GEM:1"
    ],
    "COMBAT_1": [
      "SKYBLOCK_COIN:250000",
      "FLAWLESS_JASPER_GEM:1",
      "FLAWLESS_SAPPHIRE_GEM:1",
      "FLAWLESS_RUBY_GEM:1",
      "FLAWLESS_AMETHYST_GEM:1"
    ]
  },
  "FIERY_HOLLOW_CHESTPLATE": {
    "COMBAT_0": [
      "SKYBLOCK_COIN:250000",
      "FLAWLESS_JASPER_GEM:1",
      "FLAWLESS_SAPPHIRE_GEM:1",
      "FLAWLESS_RUBY_GEM:1",
      "FLAWLESS_AMETHYST_GEM:1"
    ],
    "COMBAT_1": [
      "SKYBLOCK_COIN:250000",
      "FLAWLESS_JASPER_GEM:1",
      "FLAWLESS_SAPPHIRE_GEM:1",
      "FLAWLESS_RUBY_GEM:1",
      "FLAWLESS_AMETHYST_GEM:1"
    ]
  },
  "FIERY_HOLLOW_HELMET": {
    "COMBAT_0": [
      "SKYBLOCK_COIN:250000",
      "FLAWLESS_JASPER_GEM:1",
      "FLAWLESS_SAPPHIRE_GEM:1",
      "FLAWLESS_RUBY_GEM:1",
      "FLAWLESS_AMETHYST_GEM:1"
    ],
    "COMBAT_1": [
      "SKYBLOCK_COIN:250000",
      "FLAWLESS_JASPER_GEM:1",
      "FLAWLESS_SAPPHIRE_GEM:1",
      "FLAWLESS_RUBY_GEM:1",
      "FLAWLESS_AMETHYST_GEM:1"
    ]
  },
  "FIERY_HOLLOW_LEGGINGS": {
    "COMBAT_0": [
      "SKYBLOCK_COIN:250000",
      "FLAWLESS_JASPER_GEM:1",
      "FLAWLESS_SAPPHIRE_GEM:1",
      "FLAWLESS_RUBY_GEM:1",
      "FLAWLESS_AMETHYST_GEM:1"
    ],
    "COMBAT_1": [
      "SKYBLOCK_COIN:250000",
      "FLAWLESS_JASPER_GEM:1",
      "FLAWLESS_SAPPHIRE_GEM:1",
      "FLAWLESS_RUBY_GEM:1",
      "FLAWLESS_AMETHYST_GEM:1"
    ]
  },
  "FIERY_TERROR_BOOTS": {
    "COMBAT_0": [
      "SKYBLOCK_COIN:250000",
      "FLAWLESS_JASPER_GEM:1",
      "FLAWLESS_SAPPHIRE_GEM:1",
      "FLAWLESS_RUBY_GEM:1",
      "FLAWLESS_AMETHYST_GEM:1"
    ],
    "COMBAT_1": [
      "SKYBLOCK_COIN:250000",
      "FLAWLESS_JASPER_GEM:1",
      "FLAWLESS_SAPPHIRE_GEM:1",
      "FLAWLESS_RUBY_GEM:1",
      "FLAWLESS_AMETHYST_GEM:1"
    ]
  },
  "FIERY_TERROR_CHESTPLATE": {
    "COMBAT_0": [
      "SKYBLOCK_COIN:250000",
      "FLAWLESS_JASPER_GEM:1",
      "FLAWLESS_SAPPHIRE_GEM:1",
      "FLAWLESS_RUBY_GEM:1",
      "FLAWLESS_AMETHYST_GEM:1"
    ],
    "COMBAT_1": [
      "SKYBLOCK_COIN:250000",
      "FLAWLESS_JASPER_GEM:1",
      "FLAWLESS_SAPPHIRE_GEM:1",
      "FLAWLESS_RUBY_GEM:1",
      "FLAWLESS_AMETHYST_GEM:1"
    ]
  },
  "FIERY_TERROR_HELMET": {
    "COMBAT_0": [
      "SKYBLOCK_COIN:250000",
      "FLAWLESS_JASPER_GEM:1",
      "FLAWLESS_SAPPHIRE_GEM:1",
      "FLAWLESS_RUBY_GEM:1",
      "FLAWLESS_AMETHYST_GEM:1"
    ],
    "COMBAT_1": [
      "SKYBLOCK_COIN:250000",
      "FLAWLESS_JASPER_GEM:1",
      "FLAWLESS_SAPPHIRE_GEM:1",
      "FLAWLESS_RUBY_GEM:1",
      "FLAWLESS_AMETHYST_GEM:1"
    ]
  },
  "FIERY_TERROR_LEGGINGS": {
    "COMBAT_0": [
      "SKYBLOCK_COIN:250000",
      "FLAWLESS_JASPER_GEM:1",
      "FLAWLESS_SAPPHIRE_GEM:1",
      "FLAWLESS_RUBY_GEM:1",
      "FLAWLESS_AMETHYST_GEM:1"
    ],
    "COMBAT_1": [
      "SKYBLOCK_COIN:250000",
      "FLAWLESS_JASPER_GEM:1",
      "FLAWLESS_SAPPHIRE_GEM:1",
      "FLAWLESS_RUBY_GEM:1",
      "FLAWLESS_AMETHYST_GEM:1"
    ]
  },
  "FIGSTONE_AXE": {
    "CITRINE_0": [
      "FINE_CITRINE_GEM:20",
      "SKYBLOCK_COIN:50000"
    ],
    "CITRINE_1": [
      "FINE_CITRINE_GEM:40",
      "SKYBLOCK_COIN:100000"
    ]
  },
  "FIG_AXE": {
    "CITRINE_0": [
      "FINE_CITRINE_GEM:20",
      "SKYBLOCK_COIN:50000"
    ]
  },
  "FIG_BOOTS": {
    "CITRINE_0": [
      "FINE_CITRINE_GEM:20",
      "SKYBLOCK_COIN:50000"
    ]
  },
  "FIG_CHESTPLATE": {
    "CITRINE_0": [
      "FINE_CITRINE_GEM:20",
      "SKYBLOCK_COIN:50000"
    ]
  },
  "FIG_HELMET": {
    "CITRINE_0": [
      "FINE_CITRINE_GEM:20",
      "SKYBLOCK_COIN:50000"
    ]
  },
  "FIG_LEGGINGS": {
    "CITRINE_0": [
      "FINE_CITRINE_GEM:20",
      "SKYBLOCK_COIN:50000"
    ]
  },
  "FIREDUST_DAGGER": {
    "COMBAT_0": [
      "SKYBLOCK_COIN:250000"
    ]
  },
  "FLAME_BREAKER_BOOTS": {
    "AMBER_0": [
      "SKYBLOCK_COIN:5000",
      "FINE_AMBER_GEM:1"
    ],
    "JADE_0": [
      "SKYBLOCK_COIN:20000",
      "FINE_JADE_GEM:4"
    ]
  },
  "FLAME_BREAKER_CHESTPLATE": {
    "AMBER_0": [
      "SKYBLOCK_COIN:5000",
      "FINE_AMBER_GEM:1"
    ],
    "JADE_0": [
      "SKYBLOCK_COIN:20000",
      "FINE_JADE_GEM:4"
    ]
  },
  "FLAME_BREAKER_HELMET": {
    "AMBER_0": [
      "SKYBLOCK_COIN:5000",
      "FINE_AMBER_GEM:1"
    ],
    "JADE_0": [
      "SKYBLOCK_COIN:20000",
      "FINE_JADE_GEM:4"
    ]
  },
  "FLAME_BREAKER_LEGGINGS": {
    "AMBER_0": [
      "SKYBLOCK_COIN:5000",
      "FINE_AMBER_GEM:1"
    ],
    "JADE_0": [
      "SKYBLOCK_COIN:20000",
      "FINE_JADE_GEM:4"
    ]
  },
  "FLAMING_CHESTPLATE": {
    "AQUAMARINE_0": [
      "FINE_AQUAMARINE_GEM:1",
      "SKYBLOCK_COIN:50000"
    ],
    "COMBAT_0": [
      "FINE_JASPER_GEM:1",
      "SKYBLOCK_COIN:50000"
    ]
  },
  "FLAMING_FLAY": {
    "COMBAT_0": [
      "SKYBLOCK_COIN:100000",
      "FINE_JASPER_GEM:4"
    ],
    "COMBAT_1": [
      "SKYBLOCK_COIN:250000",
      "FLAWLESS_JASPER_GEM:1"
    ]
  },
  "FLORID_ZOMBIE_SWORD": {
    "RUBY_0": [
      "SKYBLOCK_COIN:20000",
      "FINE_RUBY_GEM:10"
    ]
  },
  "FLOWER_OF_TRUTH": {
    "JASPER_0": [
      "SKYBLOCK_COIN:50000",
      "FINE_JASPER_GEM:20"
    ]
  },
  "FROZEN_BLAZE_BOOTS": {
    "COMBAT_0": [
      "SKYBLOCK_COIN:50000",
      "FINE_JASPER_GEM:5",
      "FINE_SAPPHIRE_GEM:5",
      "FINE_RUBY_GEM:5",
      "FINE_AMETHYST_GEM:5"
    ],
    "JASPER_0": [
      "SKYBLOCK_COIN:50000",
      "FINE_JASPER_GEM:20"
    ]
  },
  "FROZEN_BLAZE_CHESTPLATE": {
    "COMBAT_0": [
      "SKYBLOCK_COIN:50000",
      "FINE_JASPER_GEM:5",
      "FINE_SAPPHIRE_GEM:5",
      "FINE_RUBY_GEM:5",
      "FINE_AMETHYST_GEM:5"
    ],
    "JASPER_0": [
      "SKYBLOCK_COIN:50000",
      "FINE_JASPER_GEM:20"
    ]
  },
  "FROZEN_BLAZE_HELMET": {
    "COMBAT_0": [
      "SKYBLOCK_COIN:50000",
      "FINE_JASPER_GEM:5",
      "FINE_SAPPHIRE_GEM:5",
      "FINE_RUBY_GEM:5",
      "FINE_AMETHYST_GEM:5"
    ],
    "JASPER_0": [
      "SKYBLOCK_COIN:50000",
      "FINE_JASPER_GEM:20"
    ]
  },
  "FROZEN_BLAZE_LEGGINGS": {
    "COMBAT_0": [
      "SKYBLOCK_COIN:50000",
      "FINE_JASPER_GEM:5",
      "FINE_SAPPHIRE_GEM:5",
      "FINE_RUBY_GEM:5",
      "FINE_AMETHYST_GEM:5"
    ],
    "JASPER_0": [
      "SKYBLOCK_COIN:50000",
      "FINE_JASPER_GEM:20"
    ]
  },
  "FUNGI_CUTTER": {
    "PERIDOT_0": [
      "FINE_PERIDOT_GEM:20",
      "SKYBLOCK_COIN:50000"
    ],
    "PERIDOT_1": [
      "FINE_PERIDOT_GEM:40",
      "SKYBLOCK_COIN:100000"
    ]
  },
  "GEMSTONE_DRILL_1": {
    "JADE_0": [
      "SKYBLOCK_COIN:50000",
      "FINE_JADE_GEM:20"
    ]
  },
  "GEMSTONE_DRILL_2": {
    "JADE_0": [
      "SKYBLOCK_COIN:50000",
      "FINE_JADE_GEM:20"
    ]
  },
  "GEMSTONE_DRILL_3": {
    "JADE_0": [
      "SKYBLOCK_COIN:50000",
      "FINE_JADE_GEM:20"
    ]
  },
  "GEMSTONE_DRILL_4": {
    "JADE_0": [
      "SKYBLOCK_COIN:50000",
      "FINE_JADE_GEM:20"
    ]
  },
  "GIANTS_SWORD": {
    "JASPER_0": [
      "SKYBLOCK_COIN:50000",
      "FINE_JASPER_GEM:20"
    ],
    "JASPER_1": [
      "SKYBLOCK_COIN:100000",
      "FINE_JASPER_GEM:40"
    ]
  },
  "GLACITE_BOOTS": {
    "JADE_0": [
      "SKYBLOCK_COIN:5000",
      "FINE_JADE_GEM:1"
    ]
  },
  "GLACITE_CHESTPLATE": {
    "JADE_0": [
      "SKYBLOCK_COIN:5000",
      "FINE_JADE_GEM:1"
    ]
  },
  "GLACITE_HELMET": {
    "JADE_0": [
      "SKYBLOCK_COIN:5000",
      "FINE_JADE_GEM:1"
    ]
  },
  "GLACITE_LEGGINGS": {
    "JADE_0": [
      "SKYBLOCK_COIN:5000",
      "FINE_JADE_GEM:1"
    ]
  },
  "GOBLIN_BOOTS": {
    "AMBER_0": [
      "SKYBLOCK_COIN:5000"
    ]
  },
  "GOBLIN_CHESTPLATE": {
    "AMBER_0": [
      "SKYBLOCK_COIN:5000"
    ]
  },
  "GOBLIN_HELMET": {
    "AMBER_0": [
      "SKYBLOCK_COIN:5000"
    ]
  },
  "GOBLIN_LEGGINGS": {
    "AMBER_0": [
      "SKYBLOCK_COIN:5000"
    ]
  },
  "GOLD_HUNTER_BOOTS": {
    "AQUAMARINE_0": [
      "FINE_AQUAMARINE_GEM:1",
      "SKYBLOCK_COIN:50000"
    ],
    "AQUAMARINE_1": [
      "FINE_AQUAMARINE_GEM:4",
      "SKYBLOCK_COIN:100000"
    ]
  },
  "GOLD_HUNTER_CHESTPLATE": {
    "AQUAMARINE_0": [
      "FINE_AQUAMARINE_GEM:1",
      "SKYBLOCK_COIN:50000"
    ],
    "AQUAMARINE_1": [
      "FINE_AQUAMARINE_GEM:4",
      "SKYBLOCK_COIN:100000"
    ]
  },
  "GOLD_HUNTER_HELMET": {
    "AQUAMARINE_0": [
      "FINE_AQUAMARINE_GEM:1",
      "SKYBLOCK_COIN:50000"
    ],
    "AQUAMARINE_1": [
      "FINE_AQUAMARINE_GEM:4",
      "SKYBLOCK_COIN:100000"
    ]
  },
  "GOLD_HUNTER_LEGGINGS": {
    "AQUAMARINE_0": [
      "FINE_AQUAMARINE_GEM:1",
      "SKYBLOCK_COIN:50000"
    ],
    "AQUAMARINE_1": [
      "FINE_AQUAMARINE_GEM:4",
      "SKYBLOCK_COIN:100000"
    ]
  },
  "HEARTFIRE_DAGGER": {
    "COMBAT_0": [
      "SKYBLOCK_COIN:250000"
    ],
    "OPAL_0": [
      "SKYBLOCK_COIN:500000"
    ]
  },
  "HEARTMAW_DAGGER": {
    "COMBAT_0": [
      "SKYBLOCK_COIN:250000"
    ],
    "OPAL_0": [
      "SKYBLOCK_COIN:500000"
    ]
  },
  "HELLFIRE_ROD": {
    "AQUAMARINE_0": [
      "FINE_AQUAMARINE_GEM:1",
      "SKYBLOCK_COIN:50000"
    ],
    "AQUAMARINE_1": [
      "FINE_AQUAMARINE_GEM:4",
      "SKYBLOCK_COIN:100000"
    ]
  },
  "HOLLOW_BOOTS": {
    "COMBAT_0": [
      "SKYBLOCK_COIN:250000",
      "FLAWLESS_JASPER_GEM:1",
      "FLAWLESS_SAPPHIRE_GEM:1",
      "FLAWLESS_RUBY_GEM:1",
      "FLAWLESS_AMETHYST_GEM:1"
    ],
    "COMBAT_1": [
      "SKYBLOCK_COIN:250000",
      "FLAWLESS_JASPER_GEM:1",
      "FLAWLESS_SAPPHIRE_GEM:1",
      "FLAWLESS_RUBY_GEM:1",
      "FLAWLESS_AMETHYST_GEM:1"
    ]
  },
  "HOLLOW_CHESTPLATE": {
    "COMBAT_0": [
      "SKYBLOCK_COIN:250000",
      "FLAWLESS_JASPER_GEM:1",
      "FLAWLESS_SAPPHIRE_GEM:1",
      "FLAWLESS_RUBY_GEM:1",
      "FLAWLESS_AMETHYST_GEM:1"
    ],
    "COMBAT_1": [
      "SKYBLOCK_COIN:250000",
      "FLAWLESS_JASPER_GEM:1",
      "FLAWLESS_SAPPHIRE_GEM:1",
      "FLAWLESS_RUBY_GEM:1",
      "FLAWLESS_AMETHYST_GEM:1"
    ]
  },
  "HOLLOW_HELMET": {
    "COMBAT_0": [
      "SKYBLOCK_COIN:250000",
      "FLAWLESS_JASPER_GEM:1",
      "FLAWLESS_SAPPHIRE_GEM:1",
      "FLAWLESS_RUBY_GEM:1",
      "FLAWLESS_AMETHYST_GEM:1"
    ],
    "COMBAT_1": [
      "SKYBLOCK_COIN:250000",
      "FLAWLESS_JASPER_GEM:1",
      "FLAWLESS_SAPPHIRE_GEM:1",
      "FLAWLESS_RUBY_GEM:1",
      "FLAWLESS_AMETHYST_GEM:1"
    ]
  },
  "HOLLOW_LEGGINGS": {
    "COMBAT_0": [
      "SKYBLOCK_COIN:250000",
      "FLAWLESS_JASPER_GEM:1",
      "FLAWLESS_SAPPHIRE_GEM:1",
      "FLAWLESS_RUBY_GEM:1",
      "FLAWLESS_AMETHYST_GEM:1"
    ],
    "COMBAT_1": [
      "SKYBLOCK_COIN:250000",
      "FLAWLESS_JASPER_GEM:1",
      "FLAWLESS_SAPPHIRE_GEM:1",
      "FLAWLESS_RUBY_GEM:1",
      "FLAWLESS_AMETHYST_GEM:1"
    ]
  },
  "HOLY_DRAGON_BOOTS": {
    "RUBY_0": [
      "SKYBLOCK_COIN:50000",
      "FINE_RUBY_GEM:20"
    ]
  },
  "HOLY_DRAGON_CHESTPLATE": {
    "RUBY_0": [
      "SKYBLOCK_COIN:50000",
      "FINE_RUBY_GEM:20"
    ]
  },
  "HOLY_DRAGON_HELMET": {
    "RUBY_0": [
      "SKYBLOCK_COIN:50000",
      "FINE_RUBY_GEM:20"
    ]
  },
  "HOLY_DRAGON_LEGGINGS": {
    "RUBY_0": [
      "SKYBLOCK_COIN:50000",
      "FINE_RUBY_GEM:20"
    ]
  },
  "HOT_AURORA_BOOTS": {
    "COMBAT_0": [
      "SKYBLOCK_COIN:250000",
      "FLAWLESS_JASPER_GEM:1",
      "FLAWLESS_SAPPHIRE_GEM:1",
      "FLAWLESS_RUBY_GEM:1",
      "FLAWLESS_AMETHYST_GEM:1"
    ],
    "COMBAT_1": [
      "SKYBLOCK_COIN:250000",
      "FLAWLESS_JASPER_GEM:1",
      "FLAWLESS_SAPPHIRE_GEM:1",
      "FLAWLESS_RUBY_GEM:1",
      "FLAWLESS_AMETHYST_GEM:1"
    ]
  },
  "HOT_AURORA_CHESTPLATE": {
    "COMBAT_0": [
      "SKYBLOCK_COIN:250000",
      "FLAWLESS_JASPER_GEM:1",
      "FLAWLESS_SAPPHIRE_GEM:1",
      "FLAWLESS_RUBY_GEM:1",
      "FLAWLESS_AMETHYST_GEM:1"
    ],
    "COMBAT_1": [
      "SKYBLOCK_COIN:250000",
      "FLAWLESS_JASPER_GEM:1",
      "FLAWLESS_SAPPHIRE_GEM:1",
      "FLAWLESS_RUBY_GEM:1",
      "FLAWLESS_AMETHYST_GEM:1"
    ]
  },
  "HOT_AURORA_HELMET": {
    "COMBAT_0": [
      "SKYBLOCK_COIN:250000",
      "FLAWLESS_JASPER_GEM:1",
      "FLAWLESS_SAPPHIRE_GEM:1",
      "FLAWLESS_RUBY_GEM:1",
      "FLAWLESS_AMETHYST_GEM:1"
    ],
    "COMBAT_1": [
      "SKYBLOCK_COIN:250000",
      "FLAWLESS_JASPER_GEM:1",
      "FLAWLESS_SAPPHIRE_GEM:1",
      "FLAWLESS_RUBY_GEM:1",
      "FLAWLESS_AMETHYST_GEM:1"
    ]
  },
  "HOT_AURORA_LEGGINGS": {
    "COMBAT_0": [
      "SKYBLOCK_COIN:250000",
      "FLAWLESS_JASPER_GEM:1",
      "FLAWLESS_SAPPHIRE_GEM:1",
      "FLAWLESS_RUBY_GEM:1",
      "FLAWLESS_AMETHYST_GEM:1"
    ],
    "COMBAT_1": [
      "SKYBLOCK_COIN:250000",
      "FLAWLESS_JASPER_GEM:1",
      "FLAWLESS_SAPPHIRE_GEM:1",
      "FLAWLESS_RUBY_GEM:1",
      "FLAWLESS_AMETHYST_GEM:1"
    ]
  },
  "HOT_CRIMSON_BOOTS": {
    "COMBAT_0": [
      "SKYBLOCK_COIN:250000",
      "FLAWLESS_JASPER_GEM:1",
      "FLAWLESS_SAPPHIRE_GEM:1",
      "FLAWLESS_RUBY_GEM:1",
      "FLAWLESS_AMETHYST_GEM:1"
    ],
    "COMBAT_1": [
      "SKYBLOCK_COIN:250000",
      "FLAWLESS_JASPER_GEM:1",
      "FLAWLESS_SAPPHIRE_GEM:1",
      "FLAWLESS_RUBY_GEM:1",
      "FLAWLESS_AMETHYST_GEM:1"
    ]
  },
  "HOT_CRIMSON_CHESTPLATE": {
    "COMBAT_0": [
      "SKYBLOCK_COIN:250000",
      "FLAWLESS_JASPER_GEM:1",
      "FLAWLESS_SAPPHIRE_GEM:1",
      "FLAWLESS_RUBY_GEM:1",
      "FLAWLESS_AMETHYST_GEM:1"
    ],
    "COMBAT_1": [
      "SKYBLOCK_COIN:250000",
      "FLAWLESS_JASPER_GEM:1",
      "FLAWLESS_SAPPHIRE_GEM:1",
      "FLAWLESS_RUBY_GEM:1",
      "FLAWLESS_AMETHYST_GEM:1"
    ]
  },
  "HOT_CRIMSON_HELMET": {
    "COMBAT_0": [
      "SKYBLOCK_COIN:250000",
      "FLAWLESS_JASPER_GEM:1",
      "FLAWLESS_SAPPHIRE_GEM:1",
      "FLAWLESS_RUBY_GEM:1",
      "FLAWLESS_AMETHYST_GEM:1"
    ],
    "COMBAT_1": [
      "SKYBLOCK_COIN:250000",
      "FLAWLESS_JASPER_GEM:1",
      "FLAWLESS_SAPPHIRE_GEM:1",
      "FLAWLESS_RUBY_GEM:1",
      "FLAWLESS_AMETHYST_GEM:1"
    ]
  },
  "HOT_CRIMSON_LEGGINGS": {
    "COMBAT_0": [
      "SKYBLOCK_COIN:250000",
      "FLAWLESS_JASPER_GEM:1",
      "FLAWLESS_SAPPHIRE_GEM:1",
      "FLAWLESS_RUBY_GEM:1",
      "FLAWLESS_AMETHYST_GEM:1"
    ],
    "COMBAT_1": [
      "SKYBLOCK_COIN:250000",
      "FLAWLESS_JASPER_GEM:1",
      "FLAWLESS_SAPPHIRE_GEM:1",
      "FLAWLESS_RUBY_GEM:1",
      "FLAWLESS_AMETHYST_GEM:1"
    ]
  },
  "HOT_FERVOR_BOOTS": {
    "COMBAT_0": [
      "SKYBLOCK_COIN:250000",
      "FLAWLESS_JASPER_GEM:1",
      "FLAWLESS_SAPPHIRE_GEM:1",
      "FLAWLESS_RUBY_GEM:1",
      "FLAWLESS_AMETHYST_GEM:1"
    ],
    "COMBAT_1": [
      "SKYBLOCK_COIN:250000",
      "FLAWLESS_JASPER_GEM:1",
      "FLAWLESS_SAPPHIRE_GEM:1",
      "FLAWLESS_RUBY_GEM:1",
      "FLAWLESS_AMETHYST_GEM:1"
    ]
  },
  "HOT_FERVOR_CHESTPLATE": {
    "COMBAT_0": [
      "SKYBLOCK_COIN:250000",
      "FLAWLESS_JASPER_GEM:1",
      "FLAWLESS_SAPPHIRE_GEM:1",
      "FLAWLESS_RUBY_GEM:1",
      "FLAWLESS_AMETHYST_GEM:1"
    ],
    "COMBAT_1": [
      "SKYBLOCK_COIN:250000",
      "FLAWLESS_JASPER_GEM:1",
      "FLAWLESS_SAPPHIRE_GEM:1",
      "FLAWLESS_RUBY_GEM:1",
      "FLAWLESS_AMETHYST_GEM:1"
    ]
  },
  "HOT_FERVOR_HELMET": {
    "COMBAT_0": [
      "SKYBLOCK_COIN:250000",
      "FLAWLESS_JASPER_GEM:1",
      "FLAWLESS_SAPPHIRE_GEM:1",
      "FLAWLESS_RUBY_GEM:1",
      "FLAWLESS_AMETHYST_GEM:1"
    ],
    "COMBAT_1": [
      "SKYBLOCK_COIN:250000",
      "FLAWLESS_JASPER_GEM:1",
      "FLAWLESS_SAPPHIRE_GEM:1",
      "FLAWLESS_RUBY_GEM:1",
      "FLAWLESS_AMETHYST_GEM:1"
    ]
  },
  "HOT_FERVOR_LEGGINGS": {
    "COMBAT_0": [
      "SKYBLOCK_COIN:250000",
      "FLAWLESS_JASPER_GEM:1",
      "FLAWLESS_SAPPHIRE_GEM:1",
      "FLAWLESS_RUBY_GEM:1",
      "FLAWLESS_AMETHYST_GEM:1"
    ],
    "COMBAT_1": [
      "SKYBLOCK_COIN:250000",
      "FLAWLESS_JASPER_GEM:1",
      "FLAWLESS_SAPPHIRE_GEM:1",
      "FLAWLESS_RUBY_GEM:1",
      "FLAWLESS_AMETHYST_GEM:1"
    ]
  },
  "HOT_HOLLOW_BOOTS": {
    "COMBAT_0": [
      "SKYBLOCK_COIN:250000",
      "FLAWLESS_JASPER_GEM:1",
      "FLAWLESS_SAPPHIRE_GEM:1",
      "FLAWLESS_RUBY_GEM:1",
      "FLAWLESS_AMETHYST_GEM:1"
    ],
    "COMBAT_1": [
      "SKYBLOCK_COIN:250000",
      "FLAWLESS_JASPER_GEM:1",
      "FLAWLESS_SAPPHIRE_GEM:1",
      "FLAWLESS_RUBY_GEM:1",
      "FLAWLESS_AMETHYST_GEM:1"
    ]
  },
  "HOT_HOLLOW_CHESTPLATE": {
    "COMBAT_0": [
      "SKYBLOCK_COIN:250000",
      "FLAWLESS_JASPER_GEM:1",
      "FLAWLESS_SAPPHIRE_GEM:1",
      "FLAWLESS_RUBY_GEM:1",
      "FLAWLESS_AMETHYST_GEM:1"
    ],
    "COMBAT_1": [
      "SKYBLOCK_COIN:250000",
      "FLAWLESS_JASPER_GEM:1",
      "FLAWLESS_SAPPHIRE_GEM:1",
      "FLAWLESS_RUBY_GEM:1",
      "FLAWLESS_AMETHYST_GEM:1"
    ]
  },
  "HOT_HOLLOW_HELMET": {
    "COMBAT_0": [
      "SKYBLOCK_COIN:250000",
      "FLAWLESS_JASPER_GEM:1",
      "FLAWLESS_SAPPHIRE_GEM:1",
      "FLAWLESS_RUBY_GEM:1",
      "FLAWLESS_AMETHYST_GEM:1"
    ],
    "COMBAT_1": [
      "SKYBLOCK_COIN:250000",
      "FLAWLESS_JASPER_GEM:1",
      "FLAWLESS_SAPPHIRE_GEM:1",
      "FLAWLESS_RUBY_GEM:1",
      "FLAWLESS_AMETHYST_GEM:1"
    ]
  },
  "HOT_HOLLOW_LEGGINGS": {
    "COMBAT_0": [
      "SKYBLOCK_COIN:250000",
      "FLAWLESS_JASPER_GEM:1",
      "FLAWLESS_SAPPHIRE_GEM:1",
      "FLAWLESS_RUBY_GEM:1",
      "FLAWLESS_AMETHYST_GEM:1"
    ],
    "COMBAT_1": [
      "SKYBLOCK_COIN:250000",
      "FLAWLESS_JASPER_GEM:1",
      "FLAWLESS_SAPPHIRE_GEM:1",
      "FLAWLESS_RUBY_GEM:1",
      "FLAWLESS_AMETHYST_GEM:1"
    ]
  },
  "HOT_TERROR_BOOTS": {
    "COMBAT_0": [
      "SKYBLOCK_COIN:250000",
      "FLAWLESS_JASPER_GEM:1",
      "FLAWLESS_SAPPHIRE_GEM:1",
      "FLAWLESS_RUBY_GEM:1",
      "FLAWLESS_AMETHYST_GEM:1"
    ],
    "COMBAT_1": [
      "SKYBLOCK_COIN:250000",
      "FLAWLESS_JASPER_GEM:1",
      "FLAWLESS_SAPPHIRE_GEM:1",
      "FLAWLESS_RUBY_GEM:1",
      "FLAWLESS_AMETHYST_GEM:1"
    ]
  },
  "HOT_TERROR_CHESTPLATE": {
    "COMBAT_0": [
      "SKYBLOCK_COIN:250000",
      "FLAWLESS_JASPER_GEM:1",
      "FLAWLESS_SAPPHIRE_GEM:1",
      "FLAWLESS_RUBY_GEM:1",
      "FLAWLESS_AMETHYST_GEM:1"
    ],
    "COMBAT_1": [
      "SKYBLOCK_COIN:250000",
      "FLAWLESS_JASPER_GEM:1",
      "FLAWLESS_SAPPHIRE_GEM:1",
      "FLAWLESS_RUBY_GEM:1",
      "FLAWLESS_AMETHYST_GEM:1"
    ]
  },
  "HOT_TERROR_HELMET": {
    "COMBAT_0": [
      "SKYBLOCK_COIN:250000",
      "FLAWLESS_JASPER_GEM:1",
      "FLAWLESS_SAPPHIRE_GEM:1",
      "FLAWLESS_RUBY_GEM:1",
      "FLAWLESS_AMETHYST_GEM:1"
    ],
    "COMBAT_1": [
      "SKYBLOCK_COIN:250000",
      "FLAWLESS_JASPER_GEM:1",
      "FLAWLESS_SAPPHIRE_GEM:1",
      "FLAWLESS_RUBY_GEM:1",
      "FLAWLESS_AMETHYST_GEM:1"
    ]
  },
  "HOT_TERROR_LEGGINGS": {
    "COMBAT_0": [
      "SKYBLOCK_COIN:250000",
      "FLAWLESS_JASPER_GEM:1",
      "FLAWLESS_SAPPHIRE_GEM:1",
      "FLAWLESS_RUBY_GEM:1",
      "FLAWLESS_AMETHYST_GEM:1"
    ],
    "COMBAT_1": [
      "SKYBLOCK_COIN:250000",
      "FLAWLESS_JASPER_GEM:1",
      "FLAWLESS_SAPPHIRE_GEM:1",
      "FLAWLESS_RUBY_GEM:1",
      "FLAWLESS_AMETHYST_GEM:1"
    ]
  },
  "HYPERION": {
    "COMBAT_0": [
      "SKYBLOCK_COIN:250000",
      "FLAWLESS_JASPER_GEM:1",
      "FLAWLESS_SAPPHIRE_GEM:1",
      "FLAWLESS_RUBY_GEM:1",
      "FLAWLESS_AMETHYST_GEM:1"
    ],
    "SAPPHIRE_0": [
      "SKYBLOCK_COIN:250000",
      "FLAWLESS_SAPPHIRE_GEM:4"
    ]
  },
  "ICE_SPRAY_WAND": {
    "SAPPHIRE_0": [
      "SKYBLOCK_COIN:50000",
      "FINE_SAPPHIRE_GEM:20"
    ]
  },
  "INFERNAL_AURORA_BOOTS": {
    "COMBAT_0": [
      "SKYBLOCK_COIN:250000",
      "FLAWLESS_JASPER_GEM:1",
      "FLAWLESS_SAPPHIRE_GEM:1",
      "FLAWLESS_RUBY_GEM:1",
      "FLAWLESS_AMETHYST_GEM:1"
    ],
    "COMBAT_1": [
      "SKYBLOCK_COIN:250000",
      "FLAWLESS_JASPER_GEM:1",
      "FLAWLESS_SAPPHIRE_GEM:1",
      "FLAWLESS_RUBY_GEM:1",
      "FLAWLESS_AMETHYST_GEM:1"
    ]
  },
  "INFERNAL_AURORA_CHESTPLATE": {
    "COMBAT_0": [
      "SKYBLOCK_COIN:250000",
      "FLAWLESS_JASPER_GEM:1",
      "FLAWLESS_SAPPHIRE_GEM:1",
      "FLAWLESS_RUBY_GEM:1",
      "FLAWLESS_AMETHYST_GEM:1"
    ],
    "COMBAT_1": [
      "SKYBLOCK_COIN:250000",
      "FLAWLESS_JASPER_GEM:1",
      "FLAWLESS_SAPPHIRE_GEM:1",
      "FLAWLESS_RUBY_GEM:1",
      "FLAWLESS_AMETHYST_GEM:1"
    ]
  },
  "INFERNAL_AURORA_HELMET": {
    "COMBAT_0": [
      "SKYBLOCK_COIN:250000",
      "FLAWLESS_JASPER_GEM:1",
      "FLAWLESS_SAPPHIRE_GEM:1",
      "FLAWLESS_RUBY_GEM:1",
      "FLAWLESS_AMETHYST_GEM:1"
    ],
    "COMBAT_1": [
      "SKYBLOCK_COIN:250000",
      "FLAWLESS_JASPER_GEM:1",
      "FLAWLESS_SAPPHIRE_GEM:1",
      "FLAWLESS_RUBY_GEM:1",
      "FLAWLESS_AMETHYST_GEM:1"
    ]
  },
  "INFERNAL_AURORA_LEGGINGS": {
    "COMBAT_0": [
      "SKYBLOCK_COIN:250000",
      "FLAWLESS_JASPER_GEM:1",
      "FLAWLESS_SAPPHIRE_GEM:1",
      "FLAWLESS_RUBY_GEM:1",
      "FLAWLESS_AMETHYST_GEM:1"
    ],
    "COMBAT_1": [
      "SKYBLOCK_COIN:250000",
      "FLAWLESS_JASPER_GEM:1",
      "FLAWLESS_SAPPHIRE_GEM:1",
      "FLAWLESS_RUBY_GEM:1",
      "FLAWLESS_AMETHYST_GEM:1"
    ]
  },
  "INFERNAL_CRIMSON_BOOTS": {
    "COMBAT_0": [
      "SKYBLOCK_COIN:250000",
      "FLAWLESS_JASPER_GEM:1",
      "FLAWLESS_SAPPHIRE_GEM:1",
      "FLAWLESS_RUBY_GEM:1",
      "FLAWLESS_AMETHYST_GEM:1"
    ],
    "COMBAT_1": [
      "SKYBLOCK_COIN:250000",
      "FLAWLESS_JASPER_GEM:1",
      "FLAWLESS_SAPPHIRE_GEM:1",
      "FLAWLESS_RUBY_GEM:1",
      "FLAWLESS_AMETHYST_GEM:1"
    ]
  },
  "INFERNAL_CRIMSON_CHESTPLATE": {
    "COMBAT_0": [
      "SKYBLOCK_COIN:250000",
      "FLAWLESS_JASPER_GEM:1",
      "FLAWLESS_SAPPHIRE_GEM:1",
      "FLAWLESS_RUBY_GEM:1",
      "FLAWLESS_AMETHYST_GEM:1"
    ],
    "COMBAT_1": [
      "SKYBLOCK_COIN:250000",
      "FLAWLESS_JASPER_GEM:1",
      "FLAWLESS_SAPPHIRE_GEM:1",
      "FLAWLESS_RUBY_GEM:1",
      "FLAWLESS_AMETHYST_GEM:1"
    ]
  },
  "INFERNAL_CRIMSON_HELMET": {
    "COMBAT_0": [
      "SKYBLOCK_COIN:250000",
      "FLAWLESS_JASPER_GEM:1",
      "FLAWLESS_SAPPHIRE_GEM:1",
      "FLAWLESS_RUBY_GEM:1",
      "FLAWLESS_AMETHYST_GEM:1"
    ],
    "COMBAT_1": [
      "SKYBLOCK_COIN:250000",
      "FLAWLESS_JASPER_GEM:1",
      "FLAWLESS_SAPPHIRE_GEM:1",
      "FLAWLESS_RUBY_GEM:1",
      "FLAWLESS_AMETHYST_GEM:1"
    ]
  },
  "INFERNAL_CRIMSON_LEGGINGS": {
    "COMBAT_0": [
      "SKYBLOCK_COIN:250000",
      "FLAWLESS_JASPER_GEM:1",
      "FLAWLESS_SAPPHIRE_GEM:1",
      "FLAWLESS_RUBY_GEM:1",
      "FLAWLESS_AMETHYST_GEM:1"
    ],
    "COMBAT_1": [
      "SKYBLOCK_COIN:250000",
      "FLAWLESS_JASPER_GEM:1",
      "FLAWLESS_SAPPHIRE_GEM:1",
      "FLAWLESS_RUBY_GEM:1",
      "FLAWLESS_AMETHYST_GEM:1"
    ]
  },
  "INFERNAL_FERVOR_BOOTS": {
    "COMBAT_0": [
      "SKYBLOCK_COIN:250000",
      "FLAWLESS_JASPER_GEM:1",
      "FLAWLESS_SAPPHIRE_GEM:1",
      "FLAWLESS_RUBY_GEM:1",
      "FLAWLESS_AMETHYST_GEM:1"
    ],
    "COMBAT_1": [
      "SKYBLOCK_COIN:250000",
      "FLAWLESS_JASPER_GEM:1",
      "FLAWLESS_SAPPHIRE_GEM:1",
      "FLAWLESS_RUBY_GEM:1",
      "FLAWLESS_AMETHYST_GEM:1"
    ]
  },
  "INFERNAL_FERVOR_CHESTPLATE": {
    "COMBAT_0": [
      "SKYBLOCK_COIN:250000",
      "FLAWLESS_JASPER_GEM:1",
      "FLAWLESS_SAPPHIRE_GEM:1",
      "FLAWLESS_RUBY_GEM:1",
      "FLAWLESS_AMETHYST_GEM:1"
    ],
    "COMBAT_1": [
      "SKYBLOCK_COIN:250000",
      "FLAWLESS_JASPER_GEM:1",
      "FLAWLESS_SAPPHIRE_GEM:1",
      "FLAWLESS_RUBY_GEM:1",
      "FLAWLESS_AMETHYST_GEM:1"
    ]
  },
  "INFERNAL_FERVOR_HELMET": {
    "COMBAT_0": [
      "SKYBLOCK_COIN:250000",
      "FLAWLESS_JASPER_GEM:1",
      "FLAWLESS_SAPPHIRE_GEM:1",
      "FLAWLESS_RUBY_GEM:1",
      "FLAWLESS_AMETHYST_GEM:1"
    ],
    "COMBAT_1": [
      "SKYBLOCK_COIN:250000",
      "FLAWLESS_JASPER_GEM:1",
      "FLAWLESS_SAPPHIRE_GEM:1",
      "FLAWLESS_RUBY_GEM:1",
      "FLAWLESS_AMETHYST_GEM:1"
    ]
  },
  "INFERNAL_FERVOR_LEGGINGS": {
    "COMBAT_0": [
      "SKYBLOCK_COIN:250000",
      "FLAWLESS_JASPER_GEM:1",
      "FLAWLESS_SAPPHIRE_GEM:1",
      "FLAWLESS_RUBY_GEM:1",
      "FLAWLESS_AMETHYST_GEM:1"
    ],
    "COMBAT_1": [
      "SKYBLOCK_COIN:250000",
      "FLAWLESS_JASPER_GEM:1",
      "FLAWLESS_SAPPHIRE_GEM:1",
      "FLAWLESS_RUBY_GEM:1",
      "FLAWLESS_AMETHYST_GEM:1"
    ]
  },
  "INFERNAL_HOLLOW_BOOTS": {
    "COMBAT_0": [
      "SKYBLOCK_COIN:250000",
      "FLAWLESS_JASPER_GEM:1",
      "FLAWLESS_SAPPHIRE_GEM:1",
      "FLAWLESS_RUBY_GEM:1",
      "FLAWLESS_AMETHYST_GEM:1"
    ],
    "COMBAT_1": [
      "SKYBLOCK_COIN:250000",
      "FLAWLESS_JASPER_GEM:1",
      "FLAWLESS_SAPPHIRE_GEM:1",
      "FLAWLESS_RUBY_GEM:1",
      "FLAWLESS_AMETHYST_GEM:1"
    ]
  },
  "INFERNAL_HOLLOW_CHESTPLATE": {
    "COMBAT_0": [
      "SKYBLOCK_COIN:250000",
      "FLAWLESS_JASPER_GEM:1",
      "FLAWLESS_SAPPHIRE_GEM:1",
      "FLAWLESS_RUBY_GEM:1",
      "FLAWLESS_AMETHYST_GEM:1"
    ],
    "COMBAT_1": [
      "SKYBLOCK_COIN:250000",
      "FLAWLESS_JASPER_GEM:1",
      "FLAWLESS_SAPPHIRE_GEM:1",
      "FLAWLESS_RUBY_GEM:1",
      "FLAWLESS_AMETHYST_GEM:1"
    ]
  },
  "INFERNAL_HOLLOW_HELMET": {
    "COMBAT_0": [
      "SKYBLOCK_COIN:250000",
      "FLAWLESS_JASPER_GEM:1",
      "FLAWLESS_SAPPHIRE_GEM:1",
      "FLAWLESS_RUBY_GEM:1",
      "FLAWLESS_AMETHYST_GEM:1"
    ],
    "COMBAT_1": [
      "SKYBLOCK_COIN:250000",
      "FLAWLESS_JASPER_GEM:1",
      "FLAWLESS_SAPPHIRE_GEM:1",
      "FLAWLESS_RUBY_GEM:1",
      "FLAWLESS_AMETHYST_GEM:1"
    ]
  },
  "INFERNAL_HOLLOW_LEGGINGS": {
    "COMBAT_0": [
      "SKYBLOCK_COIN:250000",
      "FLAWLESS_JASPER_GEM:1",
      "FLAWLESS_SAPPHIRE_GEM:1",
      "FLAWLESS_RUBY_GEM:1",
      "FLAWLESS_AMETHYST_GEM:1"
    ],
    "COMBAT_1": [
      "SKYBLOCK_COIN:250000",
      "FLAWLESS_JASPER_GEM:1",
      "FLAWLESS_SAPPHIRE_GEM:1",
      "FLAWLESS_RUBY_GEM:1",
      "FLAWLESS_AMETHYST_GEM:1"
    ]
  },
  "INFERNAL_TERROR_BOOTS": {
    "COMBAT_0": [
      "SKYBLOCK_COIN:250000",
      "FLAWLESS_JASPER_GEM:1",
      "FLAWLESS_SAPPHIRE_GEM:1",
      "FLAWLESS_RUBY_GEM:1",
      "FLAWLESS_AMETHYST_GEM:1"
    ],
    "COMBAT_1": [
      "SKYBLOCK_COIN:250000",
      "FLAWLESS_JASPER_GEM:1",
      "FLAWLESS_SAPPHIRE_GEM:1",
      "FLAWLESS_RUBY_GEM:1",
      "FLAWLESS_AMETHYST_GEM:1"
    ]
  },
  "INFERNAL_TERROR_CHESTPLATE": {
    "COMBAT_0": [
      "SKYBLOCK_COIN:250000",
      "FLAWLESS_JASPER_GEM:1",
      "FLAWLESS_SAPPHIRE_GEM:1",
      "FLAWLESS_RUBY_GEM:1",
      "FLAWLESS_AMETHYST_GEM:1"
    ],
    "COMBAT_1": [
      "SKYBLOCK_COIN:250000",
      "FLAWLESS_JASPER_GEM:1",
      "FLAWLESS_SAPPHIRE_GEM:1",
      "FLAWLESS_RUBY_GEM:1",
      "FLAWLESS_AMETHYST_GEM:1"
    ]
  },
  "INFERNAL_TERROR_HELMET": {
    "COMBAT_0": [
      "SKYBLOCK_COIN:250000",
      "FLAWLESS_JASPER_GEM:1",
      "FLAWLESS_SAPPHIRE_GEM:1",
      "FLAWLESS_RUBY_GEM:1",
      "FLAWLESS_AMETHYST_GEM:1"
    ],
    "COMBAT_1": [
      "SKYBLOCK_COIN:250000",
      "FLAWLESS_JASPER_GEM:1",
      "FLAWLESS_SAPPHIRE_GEM:1",
      "FLAWLESS_RUBY_GEM:1",
      "FLAWLESS_AMETHYST_GEM:1"
    ]
  },
  "INFERNAL_TERROR_LEGGINGS": {
    "COMBAT_0": [
      "SKYBLOCK_COIN:250000",
      "FLAWLESS_JASPER_GEM:1",
      "FLAWLESS_SAPPHIRE_GEM:1",
      "FLAWLESS_RUBY_GEM:1",
      "FLAWLESS_AMETHYST_GEM:1"
    ],
    "COMBAT_1": [
      "SKYBLOCK_COIN:250000",
      "FLAWLESS_JASPER_GEM:1",
      "FLAWLESS_SAPPHIRE_GEM:1",
      "FLAWLESS_RUBY_GEM:1",
      "FLAWLESS_AMETHYST_GEM:1"
    ]
  },
  "INFERNO_ROD": {
    "AQUAMARINE_0": [
      "FINE_AQUAMARINE_GEM:1",
      "SKYBLOCK_COIN:50000"
    ]
  },
  "INFINI_VACUUM_HOOVERIUS": {
    "PERIDOT_1": [
      "FINE_PERIDOT_GEM:20",
      "SKYBLOCK_COIN:50000"
    ]
  },
  "JUNGLE_AXE": {
    "CITRINE_0": [
      "FINE_CITRINE_GEM:20",
      "SKYBLOCK_COIN:50000"
    ]
  },
  "LEGEND_ROD": {
    "AQUAMARINE_0": [
      "FINE_AQUAMARINE_GEM:1",
      "SKYBLOCK_COIN:50000"
    ]
  },
  "LIVID_DAGGER": {
    "JASPER_0": [
      "SKYBLOCK_COIN:50000",
      "FINE_JASPER_GEM:20"
    ]
  },
  "MAGMA_LORD_BOOTS": {
    "AQUAMARINE_0": [
      "FINE_AQUAMARINE_GEM:1",
      "SKYBLOCK_COIN:50000"
    ],
    "AQUAMARINE_1": [
      "FINE_AQUAMARINE_GEM:1",
      "SKYBLOCK_COIN:50000"
    ],
    "COMBAT_0": [
      "FINE_JASPER_GEM:1",
      "SKYBLOCK_COIN:50000"
    ],
    "COMBAT_1": [
      "FINE_JASPER_GEM:4",
      "SKYBLOCK_COIN:100000"
    ]
  },
  "MAGMA_LORD_CHESTPLATE": {
    "AQUAMARINE_0": [
      "FINE_AQUAMARINE_GEM:1",
      "SKYBLOCK_COIN:50000"
    ],
    "AQUAMARINE_1": [
      "FINE_AQUAMARINE_GEM:1",
      "SKYBLOCK_COIN:50000"
    ],
    "COMBAT_0": [
      "FINE_JASPER_GEM:1",
      "SKYBLOCK_COIN:50000"
    ],
    "COMBAT_1": [
      "FINE_JASPER_GEM:4",
      "SKYBLOCK_COIN:100000"
    ]
  },
  "MAGMA_LORD_HELMET": {
    "AQUAMARINE_0": [
      "FINE_AQUAMARINE_GEM:1",
      "SKYBLOCK_COIN:50000"
    ],
    "AQUAMARINE_1": [
      "FINE_AQUAMARINE_GEM:1",
      "SKYBLOCK_COIN:50000"
    ],
    "COMBAT_0": [
      "FINE_JASPER_GEM:1",
      "SKYBLOCK_COIN:50000"
    ],
    "COMBAT_1": [
      "FINE_JASPER_GEM:4",
      "SKYBLOCK_COIN:100000"
    ]
  },
  "MAGMA_LORD_LEGGINGS": {
    "AQUAMARINE_0": [
      "FINE_AQUAMARINE_GEM:1",
      "SKYBLOCK_COIN:50000"
    ],
    "AQUAMARINE_1": [
      "FINE_AQUAMARINE_GEM:1",
      "SKYBLOCK_COIN:50000"
    ],
    "COMBAT_0": [
      "FINE_JASPER_GEM:1",
      "SKYBLOCK_COIN:50000"
    ],
    "COMBAT_1": [
      "FINE_JASPER_GEM:4",
      "SKYBLOCK_COIN:100000"
    ]
  },
  "MAGMA_ROD": {
    "AQUAMARINE_0": [
      "FINE_AQUAMARINE_GEM:1",
      "SKYBLOCK_COIN:50000"
    ]
  },
  "MASTIFF_BOOTS": {
    "RUBY_2": [
      "SKYBLOCK_COIN:5000",
      "FINE_RUBY_GEM:1"
    ],
    "RUBY_3": [
      "SKYBLOCK_COIN:20000",
      "FINE_RUBY_GEM:4"
    ],
    "RUBY_4": [
      "SKYBLOCK_COIN:50000",
      "FINE_RUBY_GEM:16"
    ]
  },
  "MASTIFF_CHESTPLATE": {
    "RUBY_2": [
      "SKYBLOCK_COIN:5000",
      "FINE_RUBY_GEM:1"
    ],
    "RUBY_3": [
      "SKYBLOCK_COIN:20000",
      "FINE_RUBY_GEM:4"
    ],
    "RUBY_4": [
      "SKYBLOCK_COIN:50000",
      "FINE_RUBY_GEM:16"
    ]
  },
  "MASTIFF_HELMET": {
    "RUBY_2": [
      "SKYBLOCK_COIN:5000",
      "FINE_RUBY_GEM:1"
    ],
    "RUBY_3": [
      "SKYBLOCK_COIN:20000",
      "FINE_RUBY_GEM:4"
    ],
    "RUBY_4": [
      "SKYBLOCK_COIN:50000",
      "FINE_RUBY_GEM:16"
    ]
  },
  "MASTIFF_LEGGINGS": {
    "RUBY_2": [
      "SKYBLOCK_COIN:5000",
      "FINE_RUBY_GEM:1"
    ],
    "RUBY_3": [
      "SKYBLOCK_COIN:20000",
      "FINE_RUBY_GEM:4"
    ],
    "RUBY_4": [
      "SKYBLOCK_COIN:50000",
      "FINE_RUBY_GEM:16"
    ]
  },
  "MAWDUST_DAGGER": {
    "COMBAT_0": [
      "SKYBLOCK_COIN:250000"
    ]
  },
  "MELON_DICER": {
    "PERIDOT_0": [
      "FINE_PERIDOT_GEM:20",
      "SKYBLOCK_COIN:50000"
    ]
  },
  "MELON_DICER_2": {
    "PERIDOT_0": [
      "FINE_PERIDOT_GEM:20",
      "SKYBLOCK_COIN:50000"
    ],
    "PERIDOT_1": [
      "FINE_PERIDOT_GEM:40",
      "SKYBLOCK_COIN:100000"
    ]
  },
  "MELON_DICER_3": {
    "PERIDOT_0": [
      "FINE_PERIDOT_GEM:20",
      "SKYBLOCK_COIN:50000"
    ],
    "PERIDOT_1": [
      "FINE_PERIDOT_GEM:40",
      "SKYBLOCK_COIN:100000"
    ],
    "PERIDOT_2": [
      "FLAWLESS_PERIDOT_GEM:1",
      "SKYBLOCK_COIN:250000"
    ]
  },
  "MIDAS_SWORD": {
    "COMBAT_0": [
      "SKYBLOCK_COIN:100000",
      "FINE_JASPER_GEM:40",
      "FINE_SAPPHIRE_GEM:40",
      "FINE_RUBY_GEM:40",
      "FINE_AMETHYST_GEM:40"
    ],
    "JASPER_0": [
      "SKYBLOCK_COIN:50000",
      "FINE_JASPER_GEM:20"
    ]
  },
  "MOOGMA_LEGGINGS": {
    "AQUAMARINE_0": [
      "FINE_AQUAMARINE_GEM:1",
      "SKYBLOCK_COIN:50000"
    ],
    "COMBAT_0": [
      "FINE_JASPER_GEM:1",
      "SKYBLOCK_COIN:50000"
    ]
  },
  "NECROMANCER_LORD_BOOTS": {
    "COMBAT_0": [
      "SKYBLOCK_COIN:50000",
      "FINE_JASPER_GEM:5",
      "FINE_SAPPHIRE_GEM:5",
      "FINE_RUBY_GEM:5",
      "FINE_AMETHYST_GEM:5"
    ]
  },
  "NECROMANCER_LORD_CHESTPLATE": {
    "COMBAT_0": [
      "SKYBLOCK_COIN:50000",
      "FINE_JASPER_GEM:5",
      "FINE_SAPPHIRE_GEM:5",
      "FINE_RUBY_GEM:5",
      "FINE_AMETHYST_GEM:5"
    ]
  },
  "NECROMANCER_LORD_HELMET": {
    "COMBAT_0": [
      "SKYBLOCK_COIN:50000",
      "FINE_JASPER_GEM:5",
      "FINE_SAPPHIRE_GEM:5",
      "FINE_RUBY_GEM:5",
      "FINE_AMETHYST_GEM:5"
    ]
  },
  "NECROMANCER_LORD_LEGGINGS": {
    "COMBAT_0": [
      "SKYBLOCK_COIN:50000",
      "FINE_JASPER_GEM:5",
      "FINE_SAPPHIRE_GEM:5",
      "FINE_RUBY_GEM:5",
      "FINE_AMETHYST_GEM:5"
    ]
  },
  "NUTCRACKER_BOOTS": {
    "AQUAMARINE_0": [
      "FINE_AQUAMARINE_GEM:1",
      "SKYBLOCK_COIN:50000"
    ],
    "COMBAT_1": [
      "FINE_JASPER_GEM:4",
      "SKYBLOCK_COIN:100000"
    ]
  },
  "NUTCRACKER_CHESTPLATE": {
    "AQUAMARINE_0": [
      "FINE_AQUAMARINE_GEM:1",
      "SKYBLOCK_COIN:50000"
    ],
    "COMBAT_1": [
      "FINE_JASPER_GEM:4",
      "SKYBLOCK_COIN:100000"
    ]
  },
  "NUTCRACKER_HELMET": {
    "AQUAMARINE_0": [
      "FINE_AQUAMARINE_GEM:1",
      "SKYBLOCK_COIN:50000"
    ],
    "COMBAT_1": [
      "FINE_JASPER_GEM:4",
      "SKYBLOCK_COIN:100000"
    ]
  },
  "NUTCRACKER_LEGGINGS": {
    "AQUAMARINE_0": [
      "FINE_AQUAMARINE_GEM:1",
      "SKYBLOCK_COIN:50000"
    ],
    "COMBAT_1": [
      "FINE_JASPER_GEM:4",
      "SKYBLOCK_COIN:100000"
    ]
  },
  "OLD_DRAGON_BOOTS": {
    "DEFENSIVE_0": [
      "SKYBLOCK_COIN:50000",
      "FINE_RUBY_GEM:10",
      "FINE_AMETHYST_GEM:10"
    ]
  },
  "OLD_DRAGON_CHESTPLATE": {
    "DEFENSIVE_0": [
      "SKYBLOCK_COIN:50000",
      "FINE_RUBY_GEM:10",
      "FINE_AMETHYST_GEM:10"
    ]
  },
  "OLD_DRAGON_HELMET": {
    "DEFENSIVE_0": [
      "SKYBLOCK_COIN:50000",
      "FINE_RUBY_GEM:10",
      "FINE_AMETHYST_GEM:10"
    ]
  },
  "OLD_DRAGON_LEGGINGS": {
    "DEFENSIVE_0": [
      "SKYBLOCK_COIN:50000",
      "FINE_RUBY_GEM:10",
      "FINE_AMETHYST_GEM:10"
    ]
  },
  "ORNATE_ZOMBIE_SWORD": {
    "RUBY_0": [
      "SKYBLOCK_COIN:20000",
      "FINE_RUBY_GEM:10"
    ]
  },
  "POLISHED_TOPAZ_ROD": {
    "AQUAMARINE_0": [
      "FINE_AQUAMARINE_GEM:1",
      "SKYBLOCK_COIN:50000"
    ]
  },
  "POOCH_SWORD": {
    "JASPER_0": [
      "SKYBLOCK_COIN:50000",
      "FINE_JASPER_GEM:20"
    ]
  },
  "POWER_WITHER_BOOTS": {
    "COMBAT_0": [
      "SKYBLOCK_COIN:250000",
      "FLAWLESS_JASPER_GEM:1",
      "FLAWLESS_SAPPHIRE_GEM:1",
      "FLAWLESS_RUBY_GEM:1",
      "FLAWLESS_AMETHYST_GEM:1"
    ],
    "JASPER_0": [
      "SKYBLOCK_COIN:250000",
      "FLAWLESS_JASPER_GEM:2"
    ]
  },
  "POWER_WITHER_CHESTPLATE": {
    "COMBAT_0": [
      "SKYBLOCK_COIN:250000",
      "FLAWLESS_JASPER_GEM:1",
      "FLAWLESS_SAPPHIRE_GEM:1",
      "FLAWLESS_RUBY_GEM:1",
      "FLAWLESS_AMETHYST_GEM:1"
    ],
    "JASPER_0": [
      "SKYBLOCK_COIN:250000",
      "FLAWLESS_JASPER_GEM:2"
    ]
  },
  "POWER_WITHER_HELMET": {
    "COMBAT_0": [
      "SKYBLOCK_COIN:250000",
      "FLAWLESS_JASPER_GEM:1",
      "FLAWLESS_SAPPHIRE_GEM:1",
      "FLAWLESS_RUBY_GEM:1",
      "FLAWLESS_AMETHYST_GEM:1"
    ],
    "JASPER_0": [
      "SKYBLOCK_COIN:250000",
      "FLAWLESS_JASPER_GEM:2"
    ]
  },
  "POWER_WITHER_LEGGINGS": {
    "COMBAT_0": [
      "SKYBLOCK_COIN:250000",
      "FLAWLESS_JASPER_GEM:1",
      "FLAWLESS_SAPPHIRE_GEM:1",
      "FLAWLESS_RUBY_GEM:1",
      "FLAWLESS_AMETHYST_GEM:1"
    ],
    "JASPER_0": [
      "SKYBLOCK_COIN:250000",
      "FLAWLESS_JASPER_GEM:2"
    ]
  },
  "PRECURSOR_EYE": {
    "AMETHYST_0": [
      "SKYBLOCK_COIN:100000",
      "FINE_AMETHYST_GEM:40"
    ],
    "RUBY_0": [
      "SKYBLOCK_COIN:50000",
      "FINE_RUBY_GEM:20"
    ]
  },
  "PRIMORDIAL_BOOTS": {
    "COMBAT_0": [
      "FINE_RUBY_GEM:5",
      "FINE_JASPER_GEM:5",
      "FINE_AMETHYST_GEM:5",
      "FINE_SAPPHIRE_GEM:5",
      "SKYBLOCK_COIN:50000"
    ]
  },
  "PRIMORDIAL_CHESTPLATE": {
    "COMBAT_0": [
      "FINE_RUBY_GEM:5",
      "FINE_JASPER_GEM:5",
      "FINE_AMETHYST_GEM:5",
      "FINE_SAPPHIRE_GEM:5",
      "SKYBLOCK_COIN:50000"
    ]
  },
  "PRIMORDIAL_HELMET": {
    "COMBAT_0": [
      "FINE_RUBY_GEM:5",
      "FINE_JASPER_GEM:5",
      "FINE_AMETHYST_GEM:5",
      "FINE_SAPPHIRE_GEM:5",
      "SKYBLOCK_COIN:50000"
    ]
  },
  "PRIMORDIAL_LEGGINGS": {
    "COMBAT_0": [
      "FINE_RUBY_GEM:5",
      "FINE_JASPER_GEM:5",
      "FINE_AMETHYST_GEM:5",
      "FINE_SAPPHIRE_GEM:5",
      "SKYBLOCK_COIN:50000"
    ]
  },
  "PROTECTOR_DRAGON_BOOTS": {
    "AMETHYST_0": [
      "SKYBLOCK_COIN:50000",
      "FINE_AMETHYST_GEM:20"
    ]
  },
  "PROTECTOR_DRAGON_CHESTPLATE": {
    "AMETHYST_0": [
      "SKYBLOCK_COIN:50000",
      "FINE_AMETHYST_GEM:20"
    ]
  },
  "PROTECTOR_DRAGON_HELMET": {
    "AMETHYST_0": [
      "SKYBLOCK_COIN:50000",
      "FINE_AMETHYST_GEM:20"
    ]
  },
  "PROTECTOR_DRAGON_LEGGINGS": {
    "AMETHYST_0": [
      "SKYBLOCK_COIN:50000",
      "FINE_AMETHYST_GEM:20"
    ]
  },
  "PUMPKIN_DICER": {
    "PERIDOT_0": [
      "FINE_PERIDOT_GEM:20",
      "SKYBLOCK_COIN:50000"
    ]
  },
  "PUMPKIN_DICER_2": {
    "PERIDOT_0": [
      "FINE_PERIDOT_GEM:20",
      "SKYBLOCK_COIN:50000"
    ],
    "PERIDOT_1": [
      "FINE_PERIDOT_GEM:40",
      "SKYBLOCK_COIN:100000"
    ]
  },
  "PUMPKIN_DICER_3": {
    "PERIDOT_0": [
      "FINE_PERIDOT_GEM:20",
      "SKYBLOCK_COIN:50000"
    ],
    "PERIDOT_1": [
      "FINE_PERIDOT_GEM:40",
      "SKYBLOCK_COIN:100000"
    ],
    "PERIDOT_2": [
      "FLAWLESS_PERIDOT_GEM:1",
      "SKYBLOCK_COIN:250000"
    ]
  },
  "RANCHERS_BOOTS": {
    "PERIDOT_0": [
      "FINE_PERIDOT_GEM:20",
      "SKYBLOCK_COIN:50000"
    ],
    "PERIDOT_1": [
      "FINE_PERIDOT_GEM:40",
      "SKYBLOCK_COIN:100000"
    ]
  },
  "REAPER_BOOTS": {
    "COMBAT_0": [
      "SKYBLOCK_COIN:50000",
      "FINE_JASPER_GEM:5",
      "FINE_SAPPHIRE_GEM:5",
      "FINE_RUBY_GEM:5",
      "FINE_AMETHYST_GEM:5"
    ]
  },
  "REAPER_CHESTPLATE": {
    "COMBAT_0": [
      "SKYBLOCK_COIN:50000",
      "FINE_JASPER_GEM:5",
      "FINE_SAPPHIRE_GEM:5",
      "FINE_RUBY_GEM:5",
      "FINE_AMETHYST_GEM:5"
    ]
  },
  "REAPER_LEGGINGS": {
    "COMBAT_0": [
      "SKYBLOCK_COIN:50000",
      "FINE_JASPER_GEM:5",
      "FINE_SAPPHIRE_GEM:5",
      "FINE_RUBY_GEM:5",
      "FINE_AMETHYST_GEM:5"
    ]
  },
  "REAPER_MASK": {
    "SAPPHIRE_0": [
      "SKYBLOCK_COIN:50000",
      "FINE_SAPPHIRE_GEM:20"
    ]
  },
  "REAPER_SWORD": {
    "JASPER_0": [
      "SKYBLOCK_COIN:50000",
      "FINE_JASPER_GEM:20"
    ]
  },
  "ROD_OF_THE_SEA": {
    "AQUAMARINE_0": [
      "FINE_AQUAMARINE_GEM:1",
      "SKYBLOCK_COIN:50000"
    ],
    "AQUAMARINE_1": [
      "FINE_AQUAMARINE_GEM:4",
      "SKYBLOCK_COIN:100000"
    ]
  },
  "RUNIC_STAFF": {
    "SAPPHIRE_0": [
      "SKYBLOCK_COIN:250000"
    ],
    "SAPPHIRE_1": [
      "SKYBLOCK_COIN:250000"
    ]
  },
  "SALMON_BOOTS_NEW": {
    "AQUAMARINE_0": [
      "FINE_AQUAMARINE_GEM:1",
      "SKYBLOCK_COIN:50000"
    ]
  },
  "SALMON_CHESTPLATE_NEW": {
    "AQUAMARINE_0": [
      "FINE_AQUAMARINE_GEM:1",
      "SKYBLOCK_COIN:50000"
    ]
  },
  "SALMON_HELMET_NEW": {
    "AQUAMARINE_0": [
      "FINE_AQUAMARINE_GEM:1",
      "SKYBLOCK_COIN:50000"
    ]
  },
  "SALMON_LEGGINGS_NEW": {
    "AQUAMARINE_0": [
      "FINE_AQUAMARINE_GEM:1",
      "SKYBLOCK_COIN:50000"
    ]
  },
  "SCYLLA": {
    "COMBAT_0": [
      "SKYBLOCK_COIN:250000",
      "FLAWLESS_JASPER_GEM:1",
      "FLAWLESS_SAPPHIRE_GEM:1",
      "FLAWLESS_RUBY_GEM:1",
      "FLAWLESS_AMETHYST_GEM:1"
    ],
    "COMBAT_1": [
      "SKYBLOCK_COIN:250000",
      "FLAWLESS_JASPER_GEM:1",
      "FLAWLESS_SAPPHIRE_GEM:1",
      "FLAWLESS_RUBY_GEM:1",
      "FLAWLESS_AMETHYST_GEM:1"
    ]
  },
  "SHADOW_ASSASSIN_BOOTS": {
    "JASPER_0": [
      "SKYBLOCK_COIN:50000",
      "FINE_JASPER_GEM:20"
    ]
  },
  "SHADOW_ASSASSIN_CHESTPLATE": {
    "JASPER_0": [
      "SKYBLOCK_COIN:50000",
      "FINE_JASPER_GEM:20"
    ]
  },
  "SHADOW_ASSASSIN_HELMET": {
    "JASPER_0": [
      "SKYBLOCK_COIN:50000",
      "FINE_JASPER_GEM:20"
    ]
  },
  "SHADOW_ASSASSIN_LEGGINGS": {
    "JASPER_0": [
      "SKYBLOCK_COIN:50000",
      "FINE_JASPER_GEM:20"
    ]
  },
  "SHADOW_FURY": {
    "JASPER_0": [
      "SKYBLOCK_COIN:100000",
      "FINE_JASPER_GEM:40"
    ]
  },
  "SHARK_SCALE_BOOTS": {
    "AQUAMARINE_0": [
      "FINE_AQUAMARINE_GEM:1",
      "SKYBLOCK_COIN:50000"
    ],
    "COMBAT_0": [
      "FINE_JASPER_GEM:1",
      "SKYBLOCK_COIN:50000"
    ],
    "COMBAT_1": [
      "FINE_JASPER_GEM:4",
      "SKYBLOCK_COIN:100000"
    ]
  },
  "SHARK_SCALE_CHESTPLATE": {
    "AQUAMARINE_0": [
      "FINE_AQUAMARINE_GEM:1",
      "SKYBLOCK_COIN:50000"
    ],
    "COMBAT_0": [
      "FINE_JASPER_GEM:1",
      "SKYBLOCK_COIN:50000"
    ],
    "COMBAT_1": [
      "FINE_JASPER_GEM:4",
      "SKYBLOCK_COIN:100000"
    ]
  },
  "SHARK_SCALE_HELMET": {
    "AQUAMARINE_0": [
      "FINE_AQUAMARINE_GEM:1",
      "SKYBLOCK_COIN:50000"
    ],
    "COMBAT_0": [
      "FINE_JASPER_GEM:1",
      "SKYBLOCK_COIN:50000"
    ],
    "COMBAT_1": [
      "FINE_JASPER_GEM:4",
      "SKYBLOCK_COIN:100000"
    ]
  },
  "SHARK_SCALE_LEGGINGS": {
    "AQUAMARINE_0": [
      "FINE_AQUAMARINE_GEM:1",
      "SKYBLOCK_COIN:50000"
    ],
    "COMBAT_0": [
      "FINE_JASPER_GEM:1",
      "SKYBLOCK_COIN:50000"
    ],
    "COMBAT_1": [
      "FINE_JASPER_GEM:4",
      "SKYBLOCK_COIN:100000"
    ]
  },
  "SILVER_HUNTER_BOOTS": {
    "AQUAMARINE_0": [
      "FINE_AQUAMARINE_GEM:1",
      "SKYBLOCK_COIN:50000"
    ]
  },
  "SILVER_HUNTER_CHESTPLATE": {
    "AQUAMARINE_0": [
      "FINE_AQUAMARINE_GEM:1",
      "SKYBLOCK_COIN:50000"
    ]
  },
  "SILVER_HUNTER_HELMET": {
    "AQUAMARINE_0": [
      "FINE_AQUAMARINE_GEM:1",
      "SKYBLOCK_COIN:50000"
    ]
  },
  "SILVER_HUNTER_LEGGINGS": {
    "AQUAMARINE_0": [
      "FINE_AQUAMARINE_GEM:1",
      "SKYBLOCK_COIN:50000"
    ]
  },
  "SLUG_BOOTS": {
    "AQUAMARINE_0": [
      "FINE_AQUAMARINE_GEM:1",
      "SKYBLOCK_COIN:50000"
    ],
    "COMBAT_0": [
      "FINE_JASPER_GEM:1",
      "SKYBLOCK_COIN:50000"
    ]
  },
  "SORROW_BOOTS": {
    "JADE_0": [
      "SKYBLOCK_COIN:100000",
      "FINE_JADE_GEM:20"
    ],
    "UNIVERSAL_0": [
      "SKYBLOCK_COIN:250000",
      "FINE_JADE_GEM:20",
      "FINE_AMBER_GEM:20",
      "FINE_TOPAZ_GEM:20",
      "FINE_RUBY_GEM:20",
      "FINE_AMETHYST_GEM:20",
      "FINE_SAPPHIRE_GEM:20",
      "FINE_JASPER_GEM:20"
    ]
  },
  "SORROW_CHESTPLATE": {
    "JADE_0": [
      "SKYBLOCK_COIN:100000",
      "FINE_JADE_GEM:20"
    ],
    "UNIVERSAL_0": [
      "SKYBLOCK_COIN:250000",
      "FINE_JADE_GEM:20",
      "FINE_AMBER_GEM:20",
      "FINE_TOPAZ_GEM:20",
      "FINE_RUBY_GEM:20",
      "FINE_AMETHYST_GEM:20",
      "FINE_SAPPHIRE_GEM:20",
      "FINE_JASPER_GEM:20"
    ]
  },
  "SORROW_HELMET": {
    "JADE_0": [
      "SKYBLOCK_COIN:100000",
      "FINE_JADE_GEM:20"
    ],
    "UNIVERSAL_0": [
      "SKYBLOCK_COIN:250000",
      "FINE_JADE_GEM:20",
      "FINE_AMBER_GEM:20",
      "FINE_TOPAZ_GEM:20",
      "FINE_RUBY_GEM:20",
      "FINE_AMETHYST_GEM:20",
      "FINE_SAPPHIRE_GEM:20",
      "FINE_JASPER_GEM:20"
    ]
  },
  "SORROW_LEGGINGS": {
    "JADE_0": [
      "SKYBLOCK_COIN:100000",
      "FINE_JADE_GEM:20"
    ],
    "UNIVERSAL_0": [
      "SKYBLOCK_COIN:250000",
      "FINE_JADE_GEM:20",
      "FINE_AMBER_GEM:20",
      "FINE_TOPAZ_GEM:20",
      "FINE_RUBY_GEM:20",
      "FINE_AMETHYST_GEM:20",
      "FINE_SAPPHIRE_GEM:20",
      "FINE_JASPER_GEM:20"
    ]
  },
  "SOUL_WHIP": {
    "COMBAT_0": [
      "SKYBLOCK_COIN:100000",
      "FINE_JASPER_GEM:4"
    ]
  },
  "SPEED_WITHER_BOOTS": {
    "COMBAT_0": [
      "SKYBLOCK_COIN:250000",
      "FLAWLESS_JASPER_GEM:1",
      "FLAWLESS_SAPPHIRE_GEM:1",
      "FLAWLESS_RUBY_GEM:1",
      "FLAWLESS_AMETHYST_GEM:1"
    ],
    "COMBAT_1": [
      "SKYBLOCK_COIN:250000",
      "FLAWLESS_JASPER_GEM:1",
      "FLAWLESS_SAPPHIRE_GEM:1",
      "FLAWLESS_RUBY_GEM:1",
      "FLAWLESS_AMETHYST_GEM:1"
    ]
  },
  "SPEED_WITHER_CHESTPLATE": {
    "COMBAT_0": [
      "SKYBLOCK_COIN:250000",
      "FLAWLESS_JASPER_GEM:1",
      "FLAWLESS_SAPPHIRE_GEM:1",
      "FLAWLESS_RUBY_GEM:1",
      "FLAWLESS_AMETHYST_GEM:1"
    ],
    "COMBAT_1": [
      "SKYBLOCK_COIN:250000",
      "FLAWLESS_JASPER_GEM:1",
      "FLAWLESS_SAPPHIRE_GEM:1",
      "FLAWLESS_RUBY_GEM:1",
      "FLAWLESS_AMETHYST_GEM:1"
    ]
  },
  "SPEED_WITHER_HELMET": {
    "COMBAT_0": [
      "SKYBLOCK_COIN:250000",
      "FLAWLESS_JASPER_GEM:1",
      "FLAWLESS_SAPPHIRE_GEM:1",
      "FLAWLESS_RUBY_GEM:1",
      "FLAWLESS_AMETHYST_GEM:1"
    ],
    "COMBAT_1": [
      "SKYBLOCK_COIN:250000",
      "FLAWLESS_JASPER_GEM:1",
      "FLAWLESS_SAPPHIRE_GEM:1",
      "FLAWLESS_RUBY_GEM:1",
      "FLAWLESS_AMETHYST_GEM:1"
    ]
  },
  "SPEED_WITHER_LEGGINGS": {
    "COMBAT_0": [
      "SKYBLOCK_COIN:250000",
      "FLAWLESS_JASPER_GEM:1",
      "FLAWLESS_SAPPHIRE_GEM:1",
      "FLAWLESS_RUBY_GEM:1",
      "FLAWLESS_AMETHYST_GEM:1"
    ],
    "COMBAT_1": [
      "SKYBLOCK_COIN:250000",
      "FLAWLESS_JASPER_GEM:1",
      "FLAWLESS_SAPPHIRE_GEM:1",
      "FLAWLESS_RUBY_GEM:1",
      "FLAWLESS_AMETHYST_GEM:1"
    ]
  },
  "SPONGE_BOOTS": {
    "AQUAMARINE_0": [
      "FINE_AQUAMARINE_GEM:1",
      "SKYBLOCK_COIN:50000"
    ]
  },
  "SPONGE_CHESTPLATE": {
    "AQUAMARINE_0": [
      "FINE_AQUAMARINE_GEM:1",
      "SKYBLOCK_COIN:50000"
    ]
  },
  "SPONGE_HELMET": {
    "AQUAMARINE_0": [
      "FINE_AQUAMARINE_GEM:1",
      "SKYBLOCK_COIN:50000"
    ]
  },
  "SPONGE_LEGGINGS": {
    "AQUAMARINE_0": [
      "FINE_AQUAMARINE_GEM:1",
      "SKYBLOCK_COIN:50000"
    ]
  },
  "SQUASH_BOOTS": {
    "PERIDOT_0": [
      "FINE_PERIDOT_GEM:20",
      "SKYBLOCK_COIN:50000"
    ]
  },
  "SQUASH_CHESTPLATE": {
    "PERIDOT_0": [
      "FINE_PERIDOT_GEM:20",
      "SKYBLOCK_COIN:50000"
    ]
  },
  "SQUASH_HELMET": {
    "PERIDOT_0": [
      "FINE_PERIDOT_GEM:20",
      "SKYBLOCK_COIN:50000"
    ]
  },
  "SQUASH_LEGGINGS": {
    "PERIDOT_0": [
      "FINE_PERIDOT_GEM:20",
      "SKYBLOCK_COIN:50000"
    ]
  },
  "STARRED_BAT_WAND": {
    "SAPPHIRE_0": [
      "SKYBLOCK_COIN:50000",
      "FINE_SAPPHIRE_GEM:20"
    ]
  },
  "STARRED_BONZO_STAFF": {
    "SAPPHIRE_1": [
      "SKYBLOCK_COIN:50000",
      "FINE_SAPPHIRE_GEM:20"
    ]
  },
  "STARRED_DAEDALUS_AXE": {
    "COMBAT_0": [
      "SKYBLOCK_COIN:50000",
      "FINE_JASPER_GEM:20",
      "FINE_SAPPHIRE_GEM:20",
      "FINE_RUBY_GEM:20",
      "FINE_AMETHYST_GEM:20"
    ],
    "COMBAT_1": [
      "SKYBLOCK_COIN:100000",
      "FINE_JASPER_GEM:40",
      "FINE_SAPPHIRE_GEM:40",
      "FINE_RUBY_GEM:40",
      "FINE_AMETHYST_GEM:40"
    ]
  },
  "STARRED_ICE_SPRAY_WAND": {
    "SAPPHIRE_0": [
      "SKYBLOCK_COIN:50000",
      "FINE_SAPPHIRE_GEM:20"
    ]
  },
  "STARRED_MIDAS_SWORD": {
    "COMBAT_0": [
      "SKYBLOCK_COIN:100000",
      "FINE_JASPER_GEM:40",
      "FINE_SAPPHIRE_GEM:40",
      "FINE_RUBY_GEM:40",
      "FINE_AMETHYST_GEM:40"
    ],
    "JASPER_0": [
      "SKYBLOCK_COIN:50000",
      "FINE_JASPER_GEM:20"
    ]
  },
  "STARRED_SHADOW_ASSASSIN_BOOTS": {
    "COMBAT_0": [
      "SKYBLOCK_COIN:50000",
      "FINE_JASPER_GEM:20"
    ],
    "JASPER_0": [
      "SKYBLOCK_COIN:50000",
      "FINE_JASPER_GEM:20"
    ]
  },
  "STARRED_SHADOW_ASSASSIN_CHESTPLATE": {
    "COMBAT_0": [
      "SKYBLOCK_COIN:50000",
      "FINE_JASPER_GEM:20"
    ],
    "JASPER_0": [
      "SKYBLOCK_COIN:50000",
      "FINE_JASPER_GEM:20"
    ]
  },
  "STARRED_SHADOW_ASSASSIN_HELMET": {
    "COMBAT_0": [
      "SKYBLOCK_COIN:50000",
      "FINE_JASPER_GEM:20"
    ],
    "JASPER_0": [
      "SKYBLOCK_COIN:50000",
      "FINE_JASPER_GEM:20"
    ]
  },
  "STARRED_SHADOW_ASSASSIN_LEGGINGS": {
    "COMBAT_0": [
      "SKYBLOCK_COIN:50000",
      "FINE_JASPER_GEM:20"
    ],
    "JASPER_0": [
      "SKYBLOCK_COIN:50000",
      "FINE_JASPER_GEM:20"
    ]
  },
  "STARRED_SHADOW_FURY": {
    "COMBAT_0": [
      "SKYBLOCK_COIN:100000",
      "FINE_JASPER_GEM:40",
      "FINE_SAPPHIRE_GEM:40",
      "FINE_RUBY_GEM:40",
      "FINE_AMETHYST_GEM:40"
    ],
    "JASPER_0": [
      "SKYBLOCK_COIN:100000",
      "FINE_JASPER_GEM:40"
    ]
  },
  "STARRED_YETI_SWORD": {
    "JASPER_0": [
      "SKYBLOCK_COIN:100000",
      "FINE_JASPER_GEM:40"
    ],
    "SAPPHIRE_0": [
      "SKYBLOCK_COIN:50000",
      "FINE_SAPPHIRE_GEM:20"
    ]
  },
  "STING": {
    "COMBAT_1": [
      "SKYBLOCK_COIN:100000",
      "FINE_JASPER_GEM:40",
      "FINE_RUBY_GEM:40",
      "FINE_SAPPHIRE_GEM:40",
      "FINE_AMETHYST_GEM:40"
    ]
  },
  "STRONG_DRAGON_BOOTS": {
    "JASPER_0": [
      "SKYBLOCK_COIN:50000",
      "FINE_JASPER_GEM:20"
    ]
  },
  "STRONG_DRAGON_CHESTPLATE": {
    "JASPER_0": [
      "SKYBLOCK_COIN:50000",
      "FINE_JASPER_GEM:20"
    ]
  },
  "STRONG_DRAGON_HELMET": {
    "JASPER_0": [
      "SKYBLOCK_COIN:50000",
      "FINE_JASPER_GEM:20"
    ]
  },
  "STRONG_DRAGON_LEGGINGS": {
    "JASPER_0": [
      "SKYBLOCK_COIN:50000",
      "FINE_JASPER_GEM:20"
    ]
  },
  "SUPERIOR_DRAGON_BOOTS": {
    "COMBAT_0": [
      "SKYBLOCK_COIN:50000",
      "FINE_JASPER_GEM:5",
      "FINE_SAPPHIRE_GEM:5",
      "FINE_RUBY_GEM:5",
      "FINE_AMETHYST_GEM:5"
    ]
  },
  "SUPERIOR_DRAGON_CHESTPLATE": {
    "COMBAT_0": [
      "SKYBLOCK_COIN:50000",
      "FINE_JASPER_GEM:5",
      "FINE_SAPPHIRE_GEM:5",
      "FINE_RUBY_GEM:5",
      "FINE_AMETHYST_GEM:5"
    ]
  },
  "SUPERIOR_DRAGON_HELMET": {
    "COMBAT_0": [
      "SKYBLOCK_COIN:50000",
      "FINE_JASPER_GEM:5",
      "FINE_SAPPHIRE_GEM:5",
      "FINE_RUBY_GEM:5",
      "FINE_AMETHYST_GEM:5"
    ]
  },
  "SUPERIOR_DRAGON_LEGGINGS": {
    "COMBAT_0": [
      "SKYBLOCK_COIN:50000",
      "FINE_JASPER_GEM:5",
      "FINE_SAPPHIRE_GEM:5",
      "FINE_RUBY_GEM:5",
      "FINE_AMETHYST_GEM:5"
    ]
  },
  "TANK_WITHER_BOOTS": {
    "COMBAT_0": [
      "SKYBLOCK_COIN:250000",
      "FLAWLESS_JASPER_GEM:1",
      "FLAWLESS_SAPPHIRE_GEM:1",
      "FLAWLESS_RUBY_GEM:1",
      "FLAWLESS_AMETHYST_GEM:1"
    ],
    "DEFENSIVE_0": [
      "SKYBLOCK_COIN:250000",
      "FLAWLESS_RUBY_GEM:2",
      "FLAWLESS_AMETHYST_GEM:2"
    ]
  },
  "TANK_WITHER_CHESTPLATE": {
    "COMBAT_0": [
      "SKYBLOCK_COIN:250000",
      "FLAWLESS_JASPER_GEM:1",
      "FLAWLESS_SAPPHIRE_GEM:1",
      "FLAWLESS_RUBY_GEM:1",
      "FLAWLESS_AMETHYST_GEM:1"
    ],
    "DEFENSIVE_0": [
      "SKYBLOCK_COIN:250000",
      "FLAWLESS_RUBY_GEM:2",
      "FLAWLESS_AMETHYST_GEM:2"
    ]
  },
  "TANK_WITHER_HELMET": {
    "COMBAT_0": [
      "SKYBLOCK_COIN:250000",
      "FLAWLESS_JASPER_GEM:1",
      "FLAWLESS_SAPPHIRE_GEM:1",
      "FLAWLESS_RUBY_GEM:1",
      "FLAWLESS_AMETHYST_GEM:1"
    ],
    "DEFENSIVE_0": [
      "SKYBLOCK_COIN:250000",
      "FLAWLESS_RUBY_GEM:2",
      "FLAWLESS_AMETHYST_GEM:2"
    ]
  },
  "TANK_WITHER_LEGGINGS": {
    "COMBAT_0": [
      "SKYBLOCK_COIN:250000",
      "FLAWLESS_JASPER_GEM:1",
      "FLAWLESS_SAPPHIRE_GEM:1",
      "FLAWLESS_RUBY_GEM:1",
      "FLAWLESS_AMETHYST_GEM:1"
    ],
    "DEFENSIVE_0": [
      "SKYBLOCK_COIN:250000",
      "FLAWLESS_RUBY_GEM:2",
      "FLAWLESS_AMETHYST_GEM:2"
    ]
  },
  "TAURUS_HELMET": {
    "AQUAMARINE_0": [
      "FINE_AQUAMARINE_GEM:1",
      "SKYBLOCK_COIN:50000"
    ],
    "COMBAT_0": [
      "FINE_JASPER_GEM:1",
      "SKYBLOCK_COIN:50000"
    ]
  },
  "TERROR_BOOTS": {
    "COMBAT_0": [
      "SKYBLOCK_COIN:250000",
      "FLAWLESS_JASPER_GEM:1",
      "FLAWLESS_SAPPHIRE_GEM:1",
      "FLAWLESS_RUBY_GEM:1",
      "FLAWLESS_AMETHYST_GEM:1"
    ],
    "COMBAT_1": [
      "SKYBLOCK_COIN:250000",
      "FLAWLESS_JASPER_GEM:1",
      "FLAWLESS_SAPPHIRE_GEM:1",
      "FLAWLESS_RUBY_GEM:1",
      "FLAWLESS_AMETHYST_GEM:1"
    ]
  },
  "TERROR_CHESTPLATE": {
    "COMBAT_0": [
      "SKYBLOCK_COIN:250000",
      "FLAWLESS_JASPER_GEM:1",
      "FLAWLESS_SAPPHIRE_GEM:1",
      "FLAWLESS_RUBY_GEM:1",
      "FLAWLESS_AMETHYST_GEM:1"
    ],
    "COMBAT_1": [
      "SKYBLOCK_COIN:250000",
      "FLAWLESS_JASPER_GEM:1",
      "FLAWLESS_SAPPHIRE_GEM:1",
      "FLAWLESS_RUBY_GEM:1",
      "FLAWLESS_AMETHYST_GEM:1"
    ]
  },
  "TERROR_HELMET": {
    "COMBAT_0": [
      "SKYBLOCK_COIN:250000",
      "FLAWLESS_JASPER_GEM:1",
      "FLAWLESS_SAPPHIRE_GEM:1",
      "FLAWLESS_RUBY_GEM:1",
      "FLAWLESS_AMETHYST_GEM:1"
    ],
    "COMBAT_1": [
      "SKYBLOCK_COIN:250000",
      "FLAWLESS_JASPER_GEM:1",
      "FLAWLESS_SAPPHIRE_GEM:1",
      "FLAWLESS_RUBY_GEM:1",
      "FLAWLESS_AMETHYST_GEM:1"
    ]
  },
  "TERROR_LEGGINGS": {
    "COMBAT_0": [
      "SKYBLOCK_COIN:250000",
      "FLAWLESS_JASPER_GEM:1",
      "FLAWLESS_SAPPHIRE_GEM:1",
      "FLAWLESS_RUBY_GEM:1",
      "FLAWLESS_AMETHYST_GEM:1"
    ],
    "COMBAT_1": [
      "SKYBLOCK_COIN:250000",
      "FLAWLESS_JASPER_GEM:1",
      "FLAWLESS_SAPPHIRE_GEM:1",
      "FLAWLESS_RUBY_GEM:1",
      "FLAWLESS_AMETHYST_GEM:1"
    ]
  },
  "THEORETICAL_HOE_CANE_1": {
    "PERIDOT_0": [
      "FINE_PERIDOT_GEM:20",
      "SKYBLOCK_COIN:50000"
    ]
  },
  "THEORETICAL_HOE_CANE_2": {
    "PERIDOT_0": [
      "FINE_PERIDOT_GEM:20",
      "SKYBLOCK_COIN:50000"
    ],
    "PERIDOT_1": [
      "FINE_PERIDOT_GEM:40",
      "SKYBLOCK_COIN:100000"
    ]
  },
  "THEORETICAL_HOE_CANE_3": {
    "PERIDOT_0": [
      "FINE_PERIDOT_GEM:20",
      "SKYBLOCK_COIN:50000"
    ],
    "PERIDOT_1": [
      "FINE_PERIDOT_GEM:40",
      "SKYBLOCK_COIN:100000"
    ],
    "PERIDOT_2": [
      "FLAWLESS_PERIDOT_GEM:1",
      "SKYBLOCK_COIN:250000"
    ]
  },
  "THEORETICAL_HOE_CARROT_1": {
    "PERIDOT_0": [
      "FINE_PERIDOT_GEM:20",
      "SKYBLOCK_COIN:50000"
    ]
  },
  "THEORETICAL_HOE_CARROT_2": {
    "PERIDOT_0": [
      "FINE_PERIDOT_GEM:20",
      "SKYBLOCK_COIN:50000"
    ],
    "PERIDOT_1": [
      "FINE_PERIDOT_GEM:40",
      "SKYBLOCK_COIN:100000"
    ]
  },
  "THEORETICAL_HOE_CARROT_3": {
    "PERIDOT_0": [
      "FINE_PERIDOT_GEM:20",
      "SKYBLOCK_COIN:50000"
    ],
    "PERIDOT_1": [
      "FINE_PERIDOT_GEM:40",
      "SKYBLOCK_COIN:100000"
    ],
    "PERIDOT_2": [
      "FLAWLESS_PERIDOT_GEM:1",
      "SKYBLOCK_COIN:250000"
    ]
  },
  "THEORETICAL_HOE_POTATO_1": {
    "PERIDOT_0": [
      "FINE_PERIDOT_GEM:20",
      "SKYBLOCK_COIN:50000"
    ]
  },
  "THEORETICAL_HOE_POTATO_2": {
    "PERIDOT_0": [
      "FINE_PERIDOT_GEM:20",
      "SKYBLOCK_COIN:50000"
    ],
    "PERIDOT_1": [
      "FINE_PERIDOT_GEM:40",
      "SKYBLOCK_COIN:100000"
    ]
  },
  "THEORETICAL_HOE_POTATO_3": {
    "PERIDOT_0": [
      "FINE_PERIDOT_GEM:20",
      "SKYBLOCK_COIN:50000"
    ],
    "PERIDOT_1": [
      "FINE_PERIDOT_GEM:40",
      "SKYBLOCK_COIN:100000"
    ],
    "PERIDOT_2": [
      "FLAWLESS_PERIDOT_GEM:1",
      "SKYBLOCK_COIN:250000"
    ]
  },
  "THEORETICAL_HOE_WARTS_1": {
    "PERIDOT_0": [
      "FINE_PERIDOT_GEM:20",
      "SKYBLOCK_COIN:50000"
    ]
  },
  "THEORETICAL_HOE_WARTS_2": {
    "PERIDOT_0": [
      "FINE_PERIDOT_GEM:20",
      "SKYBLOCK_COIN:50000"
    ],
    "PERIDOT_1": [
      "FINE_PERIDOT_GEM:40",
      "SKYBLOCK_COIN:100000"
    ]
  },
  "THEORETICAL_HOE_WARTS_3": {
    "PERIDOT_0": [
      "FINE_PERIDOT_GEM:20",
      "SKYBLOCK_COIN:50000"
    ],
    "PERIDOT_1": [
      "FINE_PERIDOT_GEM:40",
      "SKYBLOCK_COIN:100000"
    ],
    "PERIDOT_2": [
      "FLAWLESS_PERIDOT_GEM:1",
      "SKYBLOCK_COIN:250000"
    ]
  },
  "THEORETICAL_HOE_WHEAT_1": {
    "PERIDOT_0": [
      "FINE_PERIDOT_GEM:20",
      "SKYBLOCK_COIN:50000"
    ]
  },
  "THEORETICAL_HOE_WHEAT_2": {
    "PERIDOT_0": [
      "FINE_PERIDOT_GEM:20",
      "SKYBLOCK_COIN:50000"
    ],
    "PERIDOT_1": [
      "FINE_PERIDOT_GEM:40",
      "SKYBLOCK_COIN:100000"
    ]
  },
  "THEORETICAL_HOE_WHEAT_3": {
    "PERIDOT_0": [
      "FINE_PERIDOT_GEM:20",
      "SKYBLOCK_COIN:50000"
    ],
    "PERIDOT_1": [
      "FINE_PERIDOT_GEM:40",
      "SKYBLOCK_COIN:100000"
    ],
    "PERIDOT_2": [
      "FLAWLESS_PERIDOT_GEM:1",
      "SKYBLOCK_COIN:250000"
    ]
  },
  "THUNDER_BOOTS": {
    "AQUAMARINE_0": [
      "FINE_AQUAMARINE_GEM:1",
      "SKYBLOCK_COIN:50000"
    ],
    "COMBAT_0": [
      "FINE_JASPER_GEM:1",
      "SKYBLOCK_COIN:50000"
    ],
    "COMBAT_1": [
      "FINE_JASPER_GEM:4",
      "SKYBLOCK_COIN:100000"
    ]
  },
  "THUNDER_CHESTPLATE": {
    "AQUAMARINE_0": [
      "FINE_AQUAMARINE_GEM:1",
      "SKYBLOCK_COIN:50000"
    ],
    "COMBAT_0": [
      "FINE_JASPER_GEM:1",
      "SKYBLOCK_COIN:50000"
    ],
    "COMBAT_1": [
      "FINE_JASPER_GEM:4",
      "SKYBLOCK_COIN:100000"
    ]
  },
  "THUNDER_HELMET": {
    "AQUAMARINE_0": [
      "FINE_AQUAMARINE_GEM:1",
      "SKYBLOCK_COIN:50000"
    ],
    "COMBAT_0": [
      "FINE_JASPER_GEM:1",
      "SKYBLOCK_COIN:50000"
    ],
    "COMBAT_1": [
      "FINE_JASPER_GEM:4",
      "SKYBLOCK_COIN:100000"
    ]
  },
  "THUNDER_LEGGINGS": {
    "AQUAMARINE_0": [
      "FINE_AQUAMARINE_GEM:1",
      "SKYBLOCK_COIN:50000"
    ],
    "COMBAT_0": [
      "FINE_JASPER_GEM:1",
      "SKYBLOCK_COIN:50000"
    ],
    "COMBAT_1": [
      "FINE_JASPER_GEM:4",
      "SKYBLOCK_COIN:100000"
    ]
  },
  "TIKI_MASK": {
    "AQUAMARINE_0": [
      "SKYBLOCK_COIN:50000",
      "FINE_AQUAMARINE_GEM:1"
    ],
    "COMBAT_0": [
      "SKYBLOCK_COIN:50000",
      "FINE_JASPER_GEM:1"
    ],
    "COMBAT_1": [
      "SKYBLOCK_COIN:100000",
      "FINE_JASPER_GEM:4"
    ]
  },
  "TITANIUM_DRILL_3": {
    "JADE_0": [
      "SKYBLOCK_COIN:50000",
      "FINE_JADE_GEM:20"
    ]
  },
  "TITANIUM_DRILL_4": {
    "JADE_0": [
      "SKYBLOCK_COIN:50000",
      "FINE_JADE_GEM:20"
    ],
    "MINING_0": [
      "SKYBLOCK_COIN:250000",
      "FLAWLESS_JADE_GEM:1",
      "FLAWLESS_AMBER_GEM:1",
      "FLAWLESS_TOPAZ_GEM:1"
    ]
  },
  "TREECAPITATOR_AXE": {
    "CITRINE_0": [
      "FINE_CITRINE_GEM:20",
      "SKYBLOCK_COIN:50000"
    ],
    "CITRINE_1": [
      "FINE_CITRINE_GEM:40",
      "SKYBLOCK_COIN:100000"
    ]
  },
  "UNSTABLE_DRAGON_BOOTS": {
    "COMBAT_0": [
      "SKYBLOCK_COIN:50000",
      "FINE_JASPER_GEM:10",
      "FINE_SAPPHIRE_GEM:10"
    ]
  },
  "UNSTABLE_DRAGON_CHESTPLATE": {
    "COMBAT_0": [
      "SKYBLOCK_COIN:50000",
      "FINE_JASPER_GEM:10",
      "FINE_SAPPHIRE_GEM:10"
    ]
  },
  "UNSTABLE_DRAGON_HELMET": {
    "COMBAT_0": [
      "SKYBLOCK_COIN:50000",
      "FINE_JASPER_GEM:10",
      "FINE_SAPPHIRE_GEM:10"
    ]
  },
  "UNSTABLE_DRAGON_LEGGINGS": {
    "COMBAT_0": [
      "SKYBLOCK_COIN:50000",
      "FINE_JASPER_GEM:10",
      "FINE_SAPPHIRE_GEM:10"
    ]
  },
  "VALKYRIE": {
    "COMBAT_0": [
      "SKYBLOCK_COIN:250000",
      "FLAWLESS_JASPER_GEM:1",
      "FLAWLESS_SAPPHIRE_GEM:1",
      "FLAWLESS_RUBY_GEM:1",
      "FLAWLESS_AMETHYST_GEM:1"
    ],
    "JASPER_0": [
      "SKYBLOCK_COIN:250000",
      "FLAWLESS_JASPER_GEM:2"
    ]
  },
  "VOIDEDGE_KATANA": {
    "JASPER_0": [
      "SKYBLOCK_COIN:50000",
      "FINE_JASPER_GEM:20"
    ],
    "SAPPHIRE_0": [
      "SKYBLOCK_COIN:100000",
      "FINE_SAPPHIRE_GEM:40"
    ]
  },
  "VORPAL_KATANA": {
    "JASPER_0": [
      "SKYBLOCK_COIN:50000",
      "FINE_JASPER_GEM:20"
    ],
    "SAPPHIRE_0": [
      "SKYBLOCK_COIN:100000",
      "FINE_SAPPHIRE_GEM:40"
    ]
  },
  "WISE_DRAGON_BOOTS": {
    "SAPPHIRE_0": [
      "SKYBLOCK_COIN:50000",
      "FINE_SAPPHIRE_GEM:20"
    ]
  },
  "WISE_DRAGON_CHESTPLATE": {
    "SAPPHIRE_0": [
      "SKYBLOCK_COIN:50000",
      "FINE_SAPPHIRE_GEM:20"
    ]
  },
  "WISE_DRAGON_HELMET": {
    "SAPPHIRE_0": [
      "SKYBLOCK_COIN:50000",
      "FINE_SAPPHIRE_GEM:20"
    ]
  },
  "WISE_DRAGON_LEGGINGS": {
    "SAPPHIRE_0": [
      "SKYBLOCK_COIN:50000",
      "FINE_SAPPHIRE_GEM:20"
    ]
  },
  "WISE_WITHER_BOOTS": {
    "COMBAT_0": [
      "SKYBLOCK_COIN:250000",
      "FLAWLESS_JASPER_GEM:1",
      "FLAWLESS_SAPPHIRE_GEM:1",
      "FLAWLESS_RUBY_GEM:1",
      "FLAWLESS_AMETHYST_GEM:1"
    ],
    "SAPPHIRE_0": [
      "SKYBLOCK_COIN:250000",
      "FLAWLESS_SAPPHIRE_GEM:4"
    ]
  },
  "WISE_WITHER_CHESTPLATE": {
    "COMBAT_0": [
      "SKYBLOCK_COIN:250000",
      "FLAWLESS_JASPER_GEM:1",
      "FLAWLESS_SAPPHIRE_GEM:1",
      "FLAWLESS_RUBY_GEM:1",
      "FLAWLESS_AMETHYST_GEM:1"
    ],
    "SAPPHIRE_0": [
      "SKYBLOCK_COIN:250000",
      "FLAWLESS_SAPPHIRE_GEM:4"
    ]
  },
  "WISE_WITHER_HELMET": {
    "COMBAT_0": [
      "SKYBLOCK_COIN:250000",
      "FLAWLESS_JASPER_GEM:1",
      "FLAWLESS_SAPPHIRE_GEM:1",
      "FLAWLESS_RUBY_GEM:1",
      "FLAWLESS_AMETHYST_GEM:1"
    ],
    "SAPPHIRE_0": [
      "SKYBLOCK_COIN:250000",
      "FLAWLESS_SAPPHIRE_GEM:4"
    ]
  },
  "WISE_WITHER_LEGGINGS": {
    "COMBAT_0": [
      "SKYBLOCK_COIN:250000",
      "FLAWLESS_JASPER_GEM:1",
      "FLAWLESS_SAPPHIRE_GEM:1",
      "FLAWLESS_RUBY_GEM:1",
      "FLAWLESS_AMETHYST_GEM:1"
    ],
    "SAPPHIRE_0": [
      "SKYBLOCK_COIN:250000",
      "FLAWLESS_SAPPHIRE_GEM:4"
    ]
  },
  "YETI_SWORD": {
    "JASPER_0": [
      "SKYBLOCK_COIN:100000",
      "FINE_JASPER_GEM:40"
    ],
    "SAPPHIRE_0": [
      "SKYBLOCK_COIN:50000",
      "FINE_SAPPHIRE_GEM:20"
    ]
  },
  "YOUNG_DRAGON_BOOTS": {
    "COMBAT_0": [
      "SKYBLOCK_COIN:50000",
      "FINE_JASPER_GEM:5",
      "FINE_SAPPHIRE_GEM:5",
      "FINE_RUBY_GEM:5",
      "FINE_AMETHYST_GEM:5"
    ]
  },
  "YOUNG_DRAGON_CHESTPLATE": {
    "COMBAT_0": [
      "SKYBLOCK_COIN:50000",
      "FINE_JASPER_GEM:5",
      "FINE_SAPPHIRE_GEM:5",
      "FINE_RUBY_GEM:5",
      "FINE_AMETHYST_GEM:5"
    ]
  },
  "YOUNG_DRAGON_HELMET": {
    "COMBAT_0": [
      "SKYBLOCK_COIN:50000",
      "FINE_JASPER_GEM:5",
      "FINE_SAPPHIRE_GEM:5",
      "FINE_RUBY_GEM:5",
      "FINE_AMETHYST_GEM:5"
    ]
  },
  "YOUNG_DRAGON_LEGGINGS": {
    "COMBAT_0": [
      "SKYBLOCK_COIN:50000",
      "FINE_JASPER_GEM:5",
      "FINE_SAPPHIRE_GEM:5",
      "FINE_RUBY_GEM:5",
      "FINE_AMETHYST_GEM:5"
    ]
  }
}