{
  "notice": "This file is automatically generated and should not be modified manually. Please edit the `updateGeorgePrices.py` file instead.",
  "prices": {
    "AMMONITE;4": 5000,
    "ANKYLOSAURUS;4": 500000,
    "ARMADILLO;0": 100,
    "ARMADILLO;1": 500,
    "ARMADILLO;2": 1000,
    "ARMADILLO;3": 2000,
    "ARMADILLO;4": 5000,
    "BABY_YETI;3": 10000,
    "BABY_YETI;4": 1000000,
    "BAL;3": 2000,
    "BAL;4": 5000,
    "BAT;0": 250,
    "BAT;1": 5000,
    "BAT;2": 10000,
    "BAT;3": 25000,
    "BAT;4": 50000,
    "BAT;5": 100000,
    "BEE;0": 2500,
    "BEE;1": 5000,
    "BEE;2": 25000,
    "BEE;3": 100000,
    "BEE;4": 325000,
    "BLACK_CAT;4": 5000000,
    "BLACK_CAT;5": 10000000,
    "BLAZE;0": 10000,
    "BLAZE;1": 250000,
    "BLAZE;2": 500000,
    "BLAZE;3": 1000000,
    "BLAZE;4": 2500000,
    "BLUE_WHALE;0": 5000,
    "BLUE_WHALE;1": 12500,
    "BLUE_WHALE;2": 50000,
    "BLUE_WHALE;3": 500000,
    "BLUE_WHALE;4": 5000000,
    "CHICKEN;0": 50,
    "CHICKEN;1": 500,
    "CHICKEN;2": 2500,
    "CHICKEN;3": 5000,
    "CHICKEN;4": 10000,
    "DOLPHIN;0": 10000,
    "DOLPHIN;1": 50000,
    "DOLPHIN;2": 500000,
    "DOLPHIN;3": 2500000,
    "DOLPHIN;4": 10000000,
    "DROPLET_WISP;1": 12500,
    "ELEPHANT;0": 5000,
    "ELEPHANT;1": 12500,
    "ELEPHANT;2": 50000,
    "ELEPHANT;3": 500000,
    "ELEPHANT;4": 5000000,
    "ENDERMAN;0": 100,
    "ENDERMAN;1": 500,
    "ENDERMAN;2": 2000,
    "ENDERMAN;3": 10000,
    "ENDERMAN;4": 1000000,
    "ENDERMAN;5": 2500000,
    "ENDERMITE;0": 250,
    "ENDERMITE;1": 5000,
    "ENDERMITE;2": 10000,
    "ENDERMITE;3": 25000,
    "ENDERMITE;4": 50000,
    "ENDERMITE;5": 100000,
    "ENDER_DRAGON;3": 500000,
    "ENDER_DRAGON;4": 5000000,
    "FLYING_FISH;2": 1000,
    "FLYING_FISH;3": 100000,
    "FLYING_FISH;4": 250000,
    "FLYING_FISH;5": 5000000,
    "FROST_WISP;2": 50000,
    "GHOUL;3": 2000,
    "GHOUL;4": 100000,
    "GIRAFFE;0": 5000,
    "GIRAFFE;1": 12500,
    "GIRAFFE;2": 50000,
    "GIRAFFE;3": 500000,
    "GIRAFFE;4": 5000000,
    "GLACIAL_WISP;3": 500000,
    "GLACITE_GOLEM;0": 10000,
    "GLACITE_GOLEM;1": 250000,
    "GLACITE_GOLEM;2": 500000,
    "GLACITE_GOLEM;3": 1000000,
    "GLACITE_GOLEM;4": 2500000,
    "GOBLIN;4": 500000,
    "GOLDEN_DRAGON;4": 5000,
    "GOLEM;3": 500000,
    "GOLEM;4": 2500000,
    "GRANDMA_WOLF;0": 5000,
    "GRANDMA_WOLF;1": 10000,
    "GRANDMA_WOLF;2": 25000,
    "GRANDMA_WOLF;3": 50000,
    "GRANDMA_WOLF;4": 200000,
    "GRIFFIN;0": 100,
    "GRIFFIN;1": 500,
    "GRIFFIN;2": 1000,
    "GRIFFIN;3": 500000,
    "GRIFFIN;4": 2500000,
    "GUARDIAN;0": 100,
    "GUARDIAN;1": 500,
    "GUARDIAN;2": 1000,
    "GUARDIAN;3": 100000,
    "GUARDIAN;4": 250000,
    "GUARDIAN;5": 500000,
    "HERMIT_CRAB;0": 10000,
    "HERMIT_CRAB;1": 20000,
    "HERMIT_CRAB;2": 50000,
    "HERMIT_CRAB;3": 200000,
    "HERMIT_CRAB;4": 1000000,
    "HERMIT_CRAB;5": 2000000,
    "HORSE;0": 50,
    "HORSE;1": 500,
    "HORSE;2": 2500,
    "HORSE;3": 5000,
    "HORSE;4": 10000,
    "HOUND;3": 2000,
    "HOUND;4": 100000,
    "JELLYFISH;3": 2000,
    "JELLYFISH;4": 5000,
    "JERRY;0": 50,
    "JERRY;1": 500,
    "JERRY;2": 2500,
    "JERRY;3": 5000,
    "JERRY;4": 10000,
    "JERRY;5": 25000,
    "KUUDRA;0": 100,
    "KUUDRA;1": 500,
    "KUUDRA;2": 1000,
    "KUUDRA;3": 2000,
    "KUUDRA;4": 5000,
    "LION;0": 5000,
    "LION;1": 12500,
    "LION;2": 50000,
    "LION;3": 500000,
    "LION;4": 5000000,
    "MAGMA_CUBE;0": 100,
    "MAGMA_CUBE;1": 500,
    "MAGMA_CUBE;2": 2000,
    "MAGMA_CUBE;3": 10000,
    "MAGMA_CUBE;4": 1000000,
    "MAMMOTH;4": 500000,
    "MEGALODON;3": 500000,
    "MEGALODON;4": 2500000,
    "MITHRIL_GOLEM;0": 250,
    "MITHRIL_GOLEM;1": 5000,
    "MITHRIL_GOLEM;2": 10000,
    "MITHRIL_GOLEM;3": 25000,
    "MITHRIL_GOLEM;4": 50000,
    "MITHRIL_GOLEM;5": 100000,
    "MOLE;4": 500000,
    "MONKEY;0": 5000,
    "MONKEY;1": 12500,
    "MONKEY;2": 50000,
    "MONKEY;3": 500000,
    "MONKEY;4": 5000000,
    "MOOSHROOM_COW;0": 1000,
    "MOOSHROOM_COW;1": 25000,
    "MOOSHROOM_COW;2": 50000,
    "MOOSHROOM_COW;3": 100000,
    "MOOSHROOM_COW;4": 250000,
    "OCELOT;0": 250,
    "OCELOT;1": 5000,
    "OCELOT;2": 10000,
    "OCELOT;3": 25000,
    "OCELOT;4": 50000,
    "OWL;4": 200000,
    "PARROT;3": 500000,
    "PARROT;4": 5000000,
    "PENGUIN;4": 500000,
    "PHOENIX;3": 500000,
    "PHOENIX;4": 5000000,
    "PIG;0": 50,
    "PIG;1": 500,
    "PIG;2": 2500,
    "PIG;3": 5000,
    "PIG;4": 10000,
    "PIGMAN;0": 1000,
    "PIGMAN;1": 25000,
    "PIGMAN;2": 50000,
    "PIGMAN;3": 100000,
    "PIGMAN;4": 250000,
    "RABBIT;0": 250,
    "RABBIT;1": 5000,
    "RABBIT;2": 10000,
    "RABBIT;3": 25000,
    "RABBIT;4": 50000,
    "RABBIT;5": 100000,
    "RAT;4": 5000,
    "RAT;5": 10000,
    "REINDEER;4": 5000,
    "RIFT_FERRET;3": 50000,
    "RIFT_FERRET;4": 50000,
    "ROCK;0": 10000,
    "ROCK;1": 50000,
    "ROCK;2": 500000,
    "ROCK;3": 2500000,
    "ROCK;4": 10000000,
    "SCATHA;2": 1000,
    "SCATHA;3": 2000,
    "SCATHA;4": 5000,
    "SHEEP;0": 250,
    "SHEEP;1": 5000,
    "SHEEP;2": 10000,
    "SHEEP;3": 25000,
    "SHEEP;4": 50000,
    "SILVERFISH;0": 50,
    "SILVERFISH;1": 500,
    "SILVERFISH;2": 2500,
    "SILVERFISH;3": 5000,
    "SILVERFISH;4": 10000,
    "SKELETON;0": 250,
    "SKELETON;1": 5000,
    "SKELETON;2": 10000,
    "SKELETON;3": 25000,
    "SKELETON;4": 50000,
    "SKELETON_HORSE;4": 500000,
    "SLUG;3": 500000,
    "SLUG;4": 5000000,
    "SNAIL;0": 1000,
    "SNAIL;1": 25000,
    "SNAIL;2": 50000,
    "SNAIL;3": 100000,
    "SNAIL;4": 250000,
    "SNOWMAN;4": 2000000,
    "SNOWMAN;5": 2000000,
    "SPIDER;0": 250,
    "SPIDER;1": 5000,
    "SPIDER;2": 10000,
    "SPIDER;3": 25000,
    "SPIDER;4": 50000,
    "SPIDER;5": 100000,
    "SPINOSAURUS;4": 500000,
    "SPIRIT;3": 2000,
    "SPIRIT;4": 5000,
    "SQUID;0": 100,
    "SQUID;1": 500,
    "SQUID;2": 100000,
    "SQUID;3": 200000,
    "SQUID;4": 500000,
    "SUBZERO_WISP;4": 5000000,
    "TARANTULA;3": 2000,
    "TARANTULA;4": 100000,
    "TARANTULA;5": 150000,
    "TIGER;0": 5000,
    "TIGER;1": 12500,
    "TIGER;2": 50000,
    "TIGER;3": 500000,
    "TIGER;4": 5000000,
    "TURTLE;3": 500000,
    "TURTLE;4": 5000000,
    "TYRANNOSAURUS;4": 500000,
    "WITHER_SKELETON;0": 1000,
    "WITHER_SKELETON;1": 25000,
    "WITHER_SKELETON;2": 50000,
    "WITHER_SKELETON;3": 100000,
    "WITHER_SKELETON;4": 250000,
    "WOLF;0": 250,
    "WOLF;1": 5000,
    "WOLF;2": 10000,
    "WOLF;3": 25000,
    "WOLF;4": 50000,
    "ZOMBIE;0": 50,
    "ZOMBIE;1": 500,
    "ZOMBIE;2": 2500,
    "ZOMBIE;3": 5000,
    "ZOMBIE;4": 10000
  }
}